Record_ID,Student_ID,Survey_Date,Age,Gender,Grade_Level,School_Type,Subject,Study_Hours_Per_Day,Sleep_Hours_Per_Night,Screen_Time_Hours,Attendance_Percentage,Homework_Completion_Percentage,Study_Method,Tutoring,Internet_Access,Stress_Level,Parent_Support_Level,Previous_Exam_Score,Exam_Score,Final_Result,Teacher_Comment
R1184,S0525,2026-04-10,13.0,Female,Grade 9,Public,Science,3.9,8.0,4.3,80.0,96.0,Private Tutor,No,Yes,Medium,Low,98.0,100.0,Excellent,Consistent effort
R2008,S0747,2026-04-30,17.0,Female,Grade 12,International,Computer Science,0.4,7.0,5.0,89.0,68.0,Notebook / Notes,Yes,Yes,Medium,Medium,80.0,79.0,Good,Absent during some activities
R1836,S0676,2026-02-09,14.0,Male,Grade 9,Private,Math,4.6,7.2,3.1,94.0,86.0,Self Study,No,No,Medium,High,90.0,97.0,Excellent,Improved this term
R2301,S0617,2026-04-30,17.0,Male,Grade 12,Private,Math,1.6,8.4,4.3,88.0,61.0,Self Study,No,Yes,Medium,Medium,100.0,92.0,Excellent,Good analytical thinking
R1993,S0369,2026-03-09,17.0,Female,Grade 12,Private,Science,5.0,9.4,5.5,90.0,100.0,Online Videos,Yes,No,Medium,Medium,100.0,100.0,Excellent,Excellent focus
R1314,S0149,2026-03-14,15.0,Female,Grade 9,Private,Computer Science,5.4,7.3,5.9,87.0,99.0,Online Videos,No,Yes,High,High,91.0,99.0,Excellent,Good analytical thinking
R3239,S0232,2026-02-06,17.0,Male,Grade 12,International,English,3.7,6.9,6.1,92.0,86.0,Self Study,No,Yes,Low,Low,84.0,85.0,Good,-
R0105,S0058,2026-04-17,16.0,Male,Grade 9,International,History,3.2,6.0,3.0,100.0,74.0,Private Tutor,No,No,Low,Low,68.0,69.0,Pass,No Comment
R2413,S0170,2026-04-15,14.0,Male,Grade 9,Private,English,3.2,9.0,4.9,94.0,72.0,Self Study,Yes,Yes,Medium,High,96.0,95.0,Excellent,Excellent focus
R0291,S0380,2026-04-30,14.0,Male,Grade 9,Public,Math,5.4,7.5,6.4,85.0,44.0,Self Study,No,Yes,Medium,Medium,77.0,81.0,Good,Improved this term
R3190,S0401,2026-02-01,14.0,Female,Grade 9,Public,Science,3.8,7.8,4.3,94.0,93.0,Self Study,No,Yes,Medium,Medium,99.0,92.0,Excellent,Often distracted
R2102,S0410,2026-04-24,13.0,Female,Grade 8,Public,Science,3.0,6.9,1.9,86.0,64.0,Private Tutor,No,Yes,Medium,Low,78.0,93.0,Excellent,Needs better time management
R0963,S0181,2026-04-22,13.0,Female,Grade 8,Private,Math,2.2,5.7,0.5,88.0,65.0,Private Tutor,No,Yes,Medium,Medium,70.0,68.0,Pass,Often distracted
R1380,S0153,2026-03-18,13.0,Female,Grade 8,International,English,4.6,6.0,6.1,100.0,70.0,Self Study,Yes,Yes,Low,High,94.0,100.0,Excellent,Needs better time management
R1526,S0115,2026-03-10,16.0,Female,Grade 11,Public,Math,1.8,7.3,7.7,78.0,64.0,Self Study,No,Yes,High,Medium,77.0,73.0,Pass,No Comment
R2293,S0629,2026-02-23,13.0,Female,Grade 11,International,Science,3.6,6.3,4.2,91.0,100.0,Online Videos,No,Yes,High,Medium,68.0,74.0,Pass,Strong participation
R3231,S0400,2026-03-11,14.0,Male,Grade 9,Private,Science,4.5,6.3,5.6,78.0,96.0,Private Tutor,No,Yes,Medium,Low,68.0,87.0,Good,Homework quality varies
R2972,S0572,2026-02-20,13.0,Female,Grade 8,Public,Science,2.4,8.1,4.0,80.0,76.0,Group Study,Yes,Yes,Low,High,100.0,100.0,Excellent,Homework quality varies
R0323,S0146,2026-05-01,17.0,Male,Grade 12,Public,Math,2.3,7.8,2.6,89.0,59.0,Group Study,No,Yes,Low,Medium,68.0,90.0,Excellent,Homework quality varies
R2631,S0450,2026-02-03,17.0,Male,Grade 9,International,Computer Science,5.0,5.5,3.7,75.0,83.0,Online Videos,No,Yes,Low,High,90.0,100.0,Excellent,Strong participation
R3617,S0714,2026-04-28,15.0,Female,Grade 10,International,English,4.9,5.5,5.7,86.0,83.0,Self Study,No,Yes,Low,High,79.0,98.0,Excellent,Needs revision plan
R1989,S0515,2026-02-11,14.0,Female,Grade 9,Private,English,3.6,6.1,4.1,83.0,67.0,Self Study,Yes,No,Medium,High,95.0,100.0,Excellent,Often distracted
R3676,S0096,2026-04-03,15.0,Male,Grade 10,Private,History,3.5,7.9,3.3,87.0,67.0,Notebook / Notes,No,Yes,Medium,Medium,89.0,93.0,Excellent,Good analytical thinking
R1576,S0506,2026-02-24,14.0,Male,Grade 9,Public,Computer Science,3.6,6.4,0.5,77.0,77.0,Online Videos,No,Yes,Medium,Low,97.0,93.0,Excellent,Excellent focus
R3314,S0304,2026-03-01,15.0,Male,Grade 11,Public,History,2.6,9.2,8.0,88.0,63.0,Notebook / Notes,No,Yes,Low,High,79.0,85.0,Good,Good analytical thinking
R0824,S0742,2026-03-01,15.0,Female,Grade 10,International,Computer Science,3.5,6.0,2.3,89.0,77.0,Notebook / Notes,No,Yes,Medium,Medium,96.0,100.0,Excellent,Good analytical thinking
R2258,S0178,2026-03-20,15.0,Male,Grade 9,Public,English,3.8,7.3,5.1,80.0,71.0,Group Study,No,No,Medium,Medium,79.0,83.0,Good,Homework quality varies
R1969,S0698,2026-04-30,13.0,Female,Grade 8,Public,English,1.2,8.0,3.0,90.0,71.0,Private Tutor,Yes,Yes,Low,Low,69.0,79.0,Good,Good analytical thinking
R3035,S0521,2026-02-05,14.0,Female,Grade 9,Public,Science,2.6,6.7,2.1,75.0,70.0,Notebook / Notes,No,Yes,Medium,Low,89.0,83.0,Good,Improved this term
R1034,S0729,2026-03-15,15.0,Female,Grade 10,Public,English,4.5,6.4,5.0,82.0,96.0,Self Study,Yes,No,Medium,Low,100.0,100.0,Excellent,Improved this term
R0145,S0733,2026-04-16,16.0,Male,Grade 11,Public,Science,2.7,6.1,4.6,80.0,84.0,Self Study,Yes,Yes,Medium,Medium,63.0,92.0,Good,No Comment
R2015,S0320,2026-04-27,16.0,Male,Grade 11,Private,Science,5.3,8.1,4.3,88.0,89.0,Private Tutor,Yes,Yes,Medium,Medium,90.0,100.0,Excellent,No Comment
R1730,S0311,2026-02-05,16.0,Female,Grade 11,Public,History,1.0,6.4,5.4,100.0,59.0,Group Study,Yes,Yes,Medium,High,83.0,86.0,Good,Absent during some activities
R0376,S0189,2026-02-19,13.0,Female,Grade 8,Private,Math,5.6,6.6,3.3,80.0,63.0,Group Study,No,Yes,Low,Medium,100.0,100.0,Excellent,No Comment
R3057,S0118,2026-02-06,16.0,Male,Grade 11,Public,Math,2.4,6.8,1.7,84.0,56.0,Self Study,Yes,Yes,Medium,High,90.0,100.0,Excellent,Needs better time management
R0204,S0661,2026-04-15,14.0,Female,Grade 9,Public,English,3.2,7.5,4.2,79.0,76.0,Group Study,No,Yes,Low,Medium,100.0,100.0,Excellent,Good analytical thinking
R2783,S0332,2026-04-09,15.0,Female,Grade 10,International,Science,2.4,7.9,3.8,94.0,86.0,Online Videos,No,Yes,Medium,Medium,92.0,97.0,Excellent,Excellent focus
R1202,S0507,2026-04-24,16.0,Male,Grade 9,International,Computer Science,0.0,6.5,6.1,90.0,82.0,Self Study,No,Yes,Low,High,71.0,66.0,Pass,Absent during some activities
R2863,S0618,2026-04-03,13.0,Male,Grade 11,Public,English,1.8,7.9,5.5,100.0,76.0,Group Study,Yes,Yes,Low,Medium,71.0,75.0,Good,No Comment
R1300,S0144,2026-04-25,14.0,Male,Grade 9,Private,English,3.3,9.1,4.9,87.0,74.0,Online Videos,Yes,Yes,High,Medium,100.0,100.0,Excellent,Improved this term
R1024,S0382,2026-04-10,13.0,Female,Grade 10,Private,Math,2.5,6.7,3.0,98.0,100.0,Online Videos,Yes,Yes,Medium,Medium,86.0,94.0,Excellent,Good analytical thinking
R0034,S0339,2026-02-27,15.0,Female,Grade 10,Public,History,3.4,7.1,2.3,87.0,64.0,Group Study,No,Yes,High,Medium,96.0,100.0,Excellent,Needs revision plan
R2215,S0256,2026-03-18,14.0,Female,Grade 9,Private,Science,2.5,7.9,4.2,94.0,88.0,Self Study,Yes,Yes,High,High,93.0,94.0,Excellent,Excellent focus
R3750,S0698,2026-03-15,13.0,Female,Grade 8,Public,Computer Science,2.7,4.9,4.9,82.0,72.0,Online Videos,No,Yes,Low,Medium,90.0,74.0,Pass,Needs better time management
R3484,S0629,2026-02-05,13.0,Male,Grade 12,Private,Science,1.0,7.6,6.3,71.0,67.0,Self Study,No,Yes,Medium,Medium,58.0,69.0,Pass,Absent during some activities
R2262,S0454,2026-04-28,16.0,Female,Grade 11,Public,Computer Science,3.8,7.9,3.0,93.0,82.0,Self Study,Yes,Yes,Medium,Low,88.0,100.0,Excellent,Needs better time management
R1088,S0088,2026-04-18,15.0,Female,Grade 12,Public,Math,3.8,6.0,5.1,95.0,83.0,Notebook / Notes,Yes,Yes,High,High,100.0,97.0,Excellent,Absent during some activities
R3265,S0721,2026-02-07,17.0,Female,Grade 12,Public,English,3.6,7.1,3.4,100.0,69.0,Group Study,No,Yes,Medium,Low,100.0,100.0,Excellent,Improved this term
R2480,S0318,2026-02-27,16.0,Female,Grade 9,Public,Computer Science,2.9,8.6,5.5,79.0,48.0,Group Study,No,Yes,Medium,Medium,86.0,84.0,Good,Absent during some activities
R3123,S0373,2026-04-12,13.0,Female,Grade 8,Private,History,0.9,7.4,6.8,72.0,65.0,Self Study,No,Yes,Medium,Medium,88.0,82.0,Good,Homework quality varies
R2701,S0343,2026-02-17,16.0,Female,Grade 11,Private,Math,3.1,7.3,6.8,82.0,68.0,Group Study,No,Yes,Medium,High,75.0,82.0,Good,Good analytical thinking
R2557,S0320,2026-04-04,17.0,Female,Grade 12,Public,Science,3.9,6.4,4.1,69.0,80.0,Online Videos,No,Yes,Medium,Medium,86.0,93.0,Excellent,Improved this term
R3704,S0639,2026-03-18,16.0,Female,Grade 11,Private,Math,2.6,6.5,2.5,75.0,76.0,Private Tutor,Yes,Yes,Medium,Medium,86.0,86.0,Good,Consistent effort
R1465,S0052,2026-04-13,14.0,Male,Grade 9,Private,History,1.9,6.7,5.0,85.0,50.0,Group Study,No,Yes,Medium,High,66.0,69.0,Pass,No Comment
R0434,S0309,2026-03-12,16.0,Female,Grade 11,Private,Science,2.7,7.8,4.5,86.0,74.0,Private Tutor,Yes,No,Low,Medium,90.0,91.0,Excellent,Excellent focus
R2097,S0188,2026-03-30,14.0,Female,Grade 9,Public,English,4.4,7.2,3.6,87.0,53.0,Self Study,No,Yes,Low,Medium,91.0,100.0,Excellent,Needs revision plan
R3100,S0384,2026-02-04,16.0,Female,Grade 11,Private,History,2.8,7.3,4.2,89.0,56.0,Online Videos,Yes,No,Medium,High,86.0,89.0,Good,No Comment
R3088,S0100,2026-02-13,15.0,Male,Grade 10,Public,Computer Science,1.6,7.5,3.4,81.0,58.0,Notebook / Notes,No,No,High,High,68.0,73.0,Pass,Improved this term
R2134,S0591,2026-02-22,15.0,Female,Grade 10,Public,Science,1.9,8.6,5.4,88.0,76.0,Self Study,No,Yes,Medium,Medium,75.0,73.0,Pass,No Comment
R1104,S0216,2026-04-06,15.0,Male,Grade 9,Public,Computer Science,3.5,5.9,4.2,85.0,41.0,Self Study,No,Yes,Medium,Low,94.0,92.0,Excellent,No Comment
R0833,S0448,2026-04-15,13.0,Female,Grade 11,Private,Science,3.7,7.8,2.2,85.0,100.0,Online Videos,No,Yes,Low,Medium,94.0,89.0,Good,Improved this term
R1360,S0704,2026-03-29,14.0,Female,Grade 9,International,Computer Science,2.8,8.2,5.4,77.0,68.0,Online Videos,Yes,Yes,Medium,High,95.0,98.0,Excellent,Often distracted
R2419,S0481,2026-04-14,14.0,Female,Grade 9,Public,History,1.0,8.2,4.5,78.0,71.0,Private Tutor,Yes,Yes,Low,Medium,81.0,77.0,Good,No Comment
R1446,S0176,2026-03-20,16.0,Male,Grade 11,Private,Computer Science,4.5,8.3,2.7,74.0,71.0,Self Study,No,Yes,Low,High,100.0,100.0,Excellent,No Comment
R3237,S0542,2026-02-22,15.0,Male,Grade 10,Private,Math,3.5,7.7,3.6,86.0,86.0,Self Study,Yes,Yes,Medium,Medium,88.0,99.0,Excellent,Homework quality varies
R0049,S0229,2026-03-18,13.0,Female,Grade 8,International,Science,4.5,6.7,5.4,91.0,83.0,Private Tutor,No,Yes,High,Medium,100.0,99.0,Excellent,Needs revision plan
R2905,S0290,2026-04-19,17.0,Female,Grade 12,Private,Computer Science,3.8,6.5,7.7,87.0,70.0,Notebook / Notes,No,Yes,High,Low,69.0,74.0,Pass,No Comment
R3878,S0419,2026-04-04,14.0,Male,Grade 9,Private,English,3.2,7.2,4.7,92.0,51.0,Private Tutor,No,Yes,High,High,95.0,90.0,Excellent,No Comment
R0956,S0534,2026-04-11,16.0,Female,Grade 11,Public,Math,3.6,7.2,1.8,93.0,89.0,Self Study,No,Yes,Medium,High,86.0,92.0,Excellent,Often distracted
R3473,S0612,2026-04-07,15.0,Male,Grade 10,Public,Math,4.5,6.2,1.0,87.0,73.0,Self Study,No,Yes,Medium,Medium,100.0,99.0,Excellent,Often distracted
R2443,S0543,2026-04-04,14.0,Male,Grade 9,International,English,2.4,5.9,6.2,85.0,70.0,Notebook / Notes,No,Yes,Medium,High,83.0,84.0,Good,Good analytical thinking
R2808,S0245,2026-04-12,16.0,Female,Grade 11,International,Science,4.0,7.5,5.8,88.0,47.0,Self Study,No,Yes,Low,Medium,94.0,99.0,Excellent,Consistent effort
R0897,S0596,2026-04-13,16.0,Female,Grade 11,Private,Computer Science,3.5,6.3,2.0,81.0,92.0,Online Videos,Yes,No,Medium,High,100.0,100.0,Excellent,No Comment
R3438,S0430,2026-04-20,13.0,Female,Grade 8,Public,Math,3.5,8.7,6.2,99.0,100.0,Self Study,No,Yes,Medium,Low,96.0,99.0,Excellent,Needs revision plan
R0091,S0245,2026-04-17,14.0,Male,Grade 9,Public,English,4.5,7.4,5.2,99.0,95.0,Self Study,No,Yes,Medium,High,100.0,99.0,Excellent,Needs better time management
R2272,S0096,2026-04-12,17.0,Male,Grade 12,Private,History,2.6,6.4,2.7,79.0,88.0,Self Study,No,Yes,Medium,Medium,79.0,88.0,Good,No Comment
R1547,S0373,2026-03-04,16.0,Female,Grade 11,International,Science,3.4,6.3,4.5,76.0,70.0,Private Tutor,Yes,Yes,High,Medium,93.0,93.0,Excellent,Needs better time management
R2087,S0112,2026-05-01,13.0,Male,Grade 8,Public,Science,5.3,7.5,1.3,86.0,79.0,Self Study,No,Yes,Low,Low,87.0,92.0,Good,Often distracted
R1307,S0535,2026-04-13,14.0,Female,Grade 11,Public,Science,5.2,6.9,4.7,86.0,94.0,Private Tutor,No,Yes,High,Medium,100.0,97.0,Excellent,Excellent focus
R1568,S0444,2026-04-28,14.0,Male,Grade 9,Private,Computer Science,3.6,7.4,5.3,87.0,82.0,Self Study,No,Yes,Low,Medium,87.0,90.0,Excellent,Absent during some activities
R1655,S0581,2026-02-04,14.0,Male,Grade 9,Public,Science,2.7,7.8,5.6,82.0,100.0,Online Videos,No,Yes,Low,High,100.0,95.0,Excellent,Needs better time management
R1055,S0196,2026-03-06,13.0,Male,Grade 8,Public,Science,3.7,7.2,6.9,94.0,89.0,Online Videos,No,Yes,Medium,Medium,93.0,100.0,Excellent,Excellent focus
R1475,S0270,2026-03-20,15.0,Female,Grade 10,Private,History,2.6,7.4,2.5,91.0,87.0,Private Tutor,No,Yes,Medium,Low,100.0,95.0,Excellent,Good analytical thinking
R2032,S0302,2026-03-06,13.0,Male,Grade 9,Public,Science,1.9,7.2,2.6,87.0,53.0,Online Videos,No,Yes,Medium,Medium,87.0,81.0,Good,Excellent focus
R3401,S0503,2026-04-08,16.0,Male,Grade 11,Private,English,3.3,7.6,4.2,81.0,80.0,Online Videos,No,Yes,Low,High,100.0,94.0,Excellent,Absent during some activities
R0293,S0336,2026-05-01,14.0,Male,Grade 9,Private,Computer Science,2.1,8.4,4.1,87.0,100.0,Notebook / Notes,Yes,Yes,Low,Low,82.0,87.0,Good,Consistent effort
R0214,S0310,2026-02-16,13.0,Male,Grade 8,Public,History,2.4,6.1,4.2,89.0,81.0,Self Study,Yes,Yes,Medium,High,90.0,99.0,Excellent,Consistent effort
R1970,S0169,2026-03-12,15.0,Female,Grade 10,Public,English,1.9,5.8,0.9,80.0,87.0,Online Videos,No,Yes,High,Medium,96.0,86.0,Excellent,Improved this term
R3345,S0042,2026-02-19,16.0,Female,Grade 11,Public,Math,2.8,5.8,5.2,87.0,71.0,Self Study,No,No,Medium,Low,77.0,75.0,Good,Consistent effort
R2657,S0244,2026-04-24,17.0,Female,Grade 12,Private,English,1.9,7.2,4.2,86.0,64.0,Group Study,No,Yes,Low,High,83.0,83.0,Good,No Comment
R3294,S0158,2026-03-18,15.0,Female,Grade 10,Private,Computer Science,3.2,7.6,5.6,80.0,68.0,Self Study,No,No,Low,Medium,77.0,95.0,Excellent,Improved this term
R3518,S0465,2026-04-01,16.0,Female,Grade 11,Private,History,3.2,5.5,5.7,86.0,85.0,Online Videos,No,Yes,High,Low,78.0,85.0,Good,Improved this term
R2339,S0119,2026-04-17,15.0,Male,Grade 10,Private,Science,2.6,6.5,5.7,93.0,81.0,Notebook / Notes,No,Yes,Medium,High,100.0,100.0,Excellent,Needs revision plan
R0907,S0087,2026-02-05,13.0,Male,Grade 8,Public,Math,3.8,6.9,6.1,92.0,100.0,Self Study,No,No,Low,Medium,82.0,89.0,Good,Needs revision plan
R1559,S0681,2026-04-27,16.0,Female,Grade 12,Private,English,3.5,6.3,7.4,83.0,73.0,Self Study,No,Yes,Medium,Medium,100.0,96.0,Excellent,Consistent effort
R2903,S0415,2026-02-16,15.0,Male,Grade 10,International,Math,1.4,6.7,3.7,79.0,81.0,Group Study,Yes,Yes,Medium,High,94.0,100.0,Excellent,Often distracted
R0050,S0629,2026-04-18,16.0,Female,Grade 11,Private,History,2.8,7.6,3.0,78.0,100.0,Online Videos,Yes,Yes,Medium,High,79.0,86.0,Good,Consistent effort
R1901,S0735,2026-03-28,15.0,Male,Grade 10,International,Science,3.1,7.0,2.3,70.0,64.0,Self Study,No,Yes,Medium,High,82.0,96.0,Excellent,Consistent effort
R2275,S0044,2026-02-01,16.0,Male,Grade 11,Private,Science,2.6,7.8,2.4,93.0,66.0,Self Study,Yes,No,High,Medium,82.0,83.0,Good,Strong participation
R1141,S0001,2026-03-25,13.0,Male,Grade 8,Private,Computer Science,1.5,8.1,4.2,86.0,100.0,Online Videos,No,Yes,Medium,High,87.0,88.0,Good,Homework quality varies
R1713,S0479,2026-04-21,14.0,Male,Grade 9,Private,English,3.9,5.7,0.5,71.0,85.0,Self Study,Yes,Yes,Medium,Low,90.0,100.0,Excellent,Needs better time management
R3442,S0484,2026-03-04,13.0,Male,Grade 8,Public,English,1.7,4.6,5.6,88.0,97.0,Notebook / Notes,No,Yes,Medium,Medium,77.0,74.0,Pass,Homework quality varies
R1306,S0010,2026-03-11,16.0,Male,Grade 8,Public,Science,1.9,6.8,3.5,69.0,53.0,Online Videos,No,Yes,High,Low,60.0,67.0,Pass,No Comment
R1450,S0582,2026-02-08,14.0,Female,Grade 9,Public,Computer Science,2.9,7.2,3.8,89.0,84.0,Self Study,Yes,No,High,High,96.0,100.0,Excellent,Consistent effort
R1541,S0572,2026-02-15,15.0,Female,Grade 10,Private,Science,4.4,8.1,4.5,82.0,55.0,Group Study,No,Yes,Medium,High,85.0,97.0,Excellent,Needs revision plan
R2842,S0419,2026-02-11,15.0,Female,Grade 10,Private,Math,3.0,7.3,3.3,93.0,67.0,Self Study,No,Yes,High,Low,66.0,72.0,Pass,No Comment
R2174,S0003,2026-03-11,17.0,Female,Grade 12,International,Science,4.7,7.2,4.8,91.0,59.0,Group Study,No,Yes,High,Medium,100.0,93.0,Excellent,Needs better time management
R3894,S0083,2026-04-06,13.0,Female,Grade 8,Public,English,3.7,7.8,2.2,72.0,43.0,Online Videos,No,Yes,High,Medium,77.0,83.0,Good,No Comment
R0912,S0324,2026-02-09,15.0,Male,Grade 12,Private,Math,2.6,6.9,3.6,85.0,55.0,Self Study,No,No,High,High,70.0,81.0,Good,Strong participation
R3532,S0292,2026-02-10,13.0,Female,Grade 8,International,Computer Science,2.7,7.0,4.3,90.0,56.0,Group Study,No,No,Low,Low,90.0,63.0,Pass,No Comment
R2050,S0429,2026-03-21,13.0,Female,Grade 8,Public,History,2.5,8.4,4.3,90.0,89.0,Private Tutor,No,Yes,Medium,Low,88.0,100.0,Excellent,Homework quality varies
R3124,S0664,2026-03-26,15.0,Male,Grade 9,Public,Science,5.8,7.9,3.1,97.0,74.0,Private Tutor,No,Yes,Low,High,93.0,100.0,Excellent,No Comment
R1846,S0093,2026-04-18,15.0,Male,Grade 10,Public,History,3.9,6.1,6.8,90.0,100.0,Self Study,Yes,Yes,Medium,High,75.0,90.0,Excellent,Consistent effort
R3552,S0322,2026-02-21,13.0,Male,Grade 12,Private,History,4.3,7.8,4.8,99.0,61.0,Group Study,No,Yes,Low,Low,84.0,87.0,Good,Needs revision plan
R3842,S0384,2026-03-31,15.0,Male,Grade 10,Public,Math,2.5,5.8,3.9,87.0,65.0,Self Study,No,Yes,Medium,Medium,87.0,90.0,Excellent,Often distracted
R2982,S0709,2026-04-22,13.0,Female,Grade 8,Private,History,4.8,7.4,3.0,75.0,80.0,Online Videos,No,Yes,High,Medium,99.0,100.0,Excellent,Strong participation
R2751,S0111,2026-04-07,14.0,Female,Grade 10,Private,Math,3.9,6.9,2.6,79.0,70.0,Group Study,No,Yes,Medium,Medium,100.0,100.0,Excellent,Excellent focus
R2070,S0075,2026-10-02,17.0,Male,Grade 12,Public,Science,3.7,7.2,5.2,100.0,77.0,Online Videos,No,Yes,Medium,Medium,90.0,100.0,Excellent,Improved this term
R2463,S0393,2026-03-26,17.0,Female,Grade 12,Public,English,3.6,6.5,4.2,89.0,83.0,Self Study,Yes,Yes,Low,Medium,91.0,94.0,Excellent,No Comment
R0303,S0570,2026-02-01,13.0,Female,Grade 8,Public,Computer Science,4.0,7.0,4.2,94.0,65.0,Notebook / Notes,No,Yes,High,Medium,90.0,92.0,Excellent,No Comment
R2140,S0631,2026-02-23,14.0,Male,Grade 9,Public,History,3.2,8.7,4.6,99.0,81.0,Online Videos,Yes,Yes,Medium,Medium,92.0,92.0,Excellent,Often distracted
R3021,S0089,2026-04-15,14.0,Male,Grade 9,Public,Science,2.5,6.1,4.3,77.0,67.0,Group Study,No,Yes,Medium,Low,81.0,88.0,Good,Needs revision plan
R0406,S0397,2026-02-28,13.0,Male,Grade 12,Private,Science,1.7,7.2,4.1,82.0,100.0,Group Study,No,Yes,High,High,76.0,76.0,Good,Absent during some activities
R1793,S0557,2026-03-15,14.0,Male,Grade 9,International,Math,1.5,7.5,1.8,82.0,81.0,Self Study,No,Yes,Medium,Medium,100.0,96.0,Excellent,Absent during some activities
R1709,S0502,2026-04-28,17.0,Male,Grade 12,Public,Computer Science,3.1,7.0,3.2,77.0,98.0,Group Study,No,Yes,Low,Medium,95.0,100.0,Excellent,No Comment
R3195,S0060,2026-02-03,15.0,Male,Grade 10,Private,Computer Science,5.2,6.1,5.8,98.0,89.0,Self Study,No,Yes,Low,High,100.0,100.0,Excellent,Homework quality varies
R0754,S0737,2026-03-09,16.0,Male,Grade 11,Private,Computer Science,3.6,9.3,6.5,87.0,76.0,Online Videos,Yes,Yes,High,High,100.0,95.0,Excellent,Improved this term
R3898,S0536,2026-02-22,13.0,Male,Grade 8,Public,Math,3.2,8.6,4.2,76.0,94.0,Group Study,Yes,Yes,Low,Medium,90.0,96.0,Excellent,Good analytical thinking
R3651,S0702,2026-03-28,16.0,Female,Grade 11,Private,Science,3.9,8.3,4.2,71.0,73.0,Online Videos,No,Yes,Medium,Medium,100.0,100.0,Excellent,Needs revision plan
R2047,S0266,2026-03-02,17.0,Male,Grade 12,Public,Science,4.3,7.2,2.7,77.0,63.0,Self Study,Yes,No,Medium,High,100.0,100.0,Excellent,Absent during some activities
R0729,S0413,2026-02-27,13.0,Male,Grade 8,International,History,4.4,7.9,4.9,84.0,43.0,Notebook / Notes,No,Yes,Medium,High,81.0,87.0,Good,Needs better time management
R2347,S0409,2026-04-09,13.0,Female,Grade 8,Public,English,0.5,8.1,2.8,88.0,62.0,Private Tutor,No,Yes,Medium,Medium,100.0,96.0,Excellent,Strong participation
R0742,S0749,2026-04-15,17.0,Female,Grade 12,Public,English,5.1,6.9,4.6,82.0,58.0,Online Videos,No,Yes,Low,Medium,90.0,92.0,Good,Good analytical thinking
R1660,S0628,2026-02-16,14.0,Female,Grade 11,Private,English,3.2,7.2,4.6,84.0,83.0,Online Videos,No,No,High,High,90.0,74.0,Pass,Excellent focus
R0325,S0723,2026-03-14,16.0,Male,Grade 11,Public,Computer Science,2.6,6.5,3.9,84.0,88.0,Self Study,No,Yes,Medium,High,94.0,97.0,Excellent,Consistent effort
R2173,S0174,2026-04-30,14.0,Male,Grade 9,Public,English,0.4,7.0,3.1,100.0,70.0,Online Videos,No,No,Medium,Medium,90.0,92.0,Pass,Good analytical thinking
R3443,S0680,2026-02-18,16.0,Male,Grade 11,Private,Science,2.0,8.0,3.9,84.0,76.0,Self Study,No,Yes,Medium,Medium,91.0,95.0,Excellent,Good analytical thinking
R2393,S0669,2026-02-24,15.0,Female,Grade 10,Public,English,1.3,5.8,1.2,91.0,98.0,Self Study,No,Yes,High,Low,70.0,81.0,Good,Absent during some activities
R1692,S0734,2026-02-06,16.0,Female,Grade 11,Public,Science,0.3,8.6,2.8,83.0,83.0,Private Tutor,No,Yes,Low,Low,82.0,81.0,Good,Consistent effort
R0984,S0544,2026-03-24,15.0,Female,Grade 10,Public,Science,4.1,6.3,2.7,82.0,91.0,Online Videos,Yes,Yes,Medium,Medium,100.0,90.0,Excellent,No Comment
R2683,S0226,2026-03-04,14.0,Female,Grade 9,Private,History,4.1,7.0,3.9,88.0,76.0,Self Study,Yes,Yes,Medium,High,100.0,100.0,Excellent,Consistent effort
R0791,S0418,2026-03-17,14.0,Male,Grade 9,International,History,1.7,5.8,3.3,75.0,69.0,Group Study,No,Yes,High,Low,75.0,84.0,Good,No Comment
R0760,S0633,2026-02-11,15.0,Male,Grade 9,Public,Computer Science,3.3,6.6,6.9,84.0,61.0,Online Videos,No,Yes,High,Medium,64.0,72.0,Pass,Homework quality varies
R2929,S0137,2026-03-23,13.0,Male,Grade 8,International,Math,3.5,5.6,4.3,79.0,79.0,Group Study,No,Yes,High,Medium,88.0,84.0,Good,Excellent focus
R1538,S0657,2026-04-09,14.0,Male,Grade 9,Private,Math,1.3,9.0,1.8,80.0,80.0,Self Study,No,Yes,Medium,Medium,66.0,79.0,Good,Good analytical thinking
R3653,S0010,2026-03-18,14.0,Male,Grade 9,International,Math,2.0,7.0,4.3,84.0,73.0,Private Tutor,No,Yes,Low,Low,71.0,73.0,Pass,No Comment
R3216,S0624,2026-03-11,17.0,Male,Grade 12,International,History,3.2,8.2,2.8,81.0,64.0,Online Videos,No,Yes,Medium,Medium,97.0,100.0,Excellent,Often distracted
R0513,S0164,2026-04-26,16.0,Male,Grade 11,International,English,0.0,7.1,3.0,92.0,61.0,Online Videos,No,Yes,High,Medium,74.0,71.0,Pass,Good analytical thinking
R0176,S0384,2026-03-21,13.0,Male,Grade 8,Private,Computer Science,2.1,6.2,4.8,95.0,79.0,Online Videos,No,Yes,Medium,Low,90.0,92.0,Needs Improvement,Excellent focus
R0951,S0459,2026-03-24,15.0,Male,Grade 10,International,English,3.8,6.3,3.9,77.0,100.0,Group Study,No,Yes,Medium,Low,70.0,84.0,Good,No Comment
R3371,S0559,2026-03-25,16.0,Female,Grade 11,Public,English,4.9,5.9,2.3,82.0,91.0,Online Videos,No,Yes,Low,Medium,86.0,100.0,Excellent,Good analytical thinking
R2524,S0260,2026-03-20,16.0,Male,Grade 11,Private,Science,2.2,8.9,4.8,70.0,100.0,Self Study,Yes,No,Medium,High,85.0,94.0,Excellent,Often distracted
R2475,S0470,2026-04-25,14.0,Female,Grade 9,International,Math,1.4,7.2,1.2,88.0,73.0,Private Tutor,Yes,Yes,Low,High,76.0,80.0,Good,Improved this term
R1720,S0327,2026-03-20,17.0,Female,Grade 12,International,History,4.1,7.0,3.6,87.0,85.0,Group Study,Yes,Yes,Medium,High,80.0,91.0,Excellent,Good analytical thinking
R0654,S0656,2026-04-27,17.0,Female,Grade 12,Public,History,2.0,6.6,7.3,83.0,98.0,Notebook / Notes,No,Yes,High,Medium,71.0,70.0,Pass,No Comment
R2987,S0403,2026-03-05,15.0,Male,Grade 11,Private,English,3.0,6.5,6.0,90.0,73.0,Online Videos,No,Yes,Low,Low,78.0,74.0,Pass,Good analytical thinking
R0667,S0382,2026-03-13,15.0,Male,Grade 10,International,Computer Science,4.6,7.3,4.2,78.0,86.0,Self Study,No,Yes,Low,Medium,83.0,85.0,Good,Consistent effort
R1010,S0221,2026-03-15,15.0,Male,Grade 11,Public,English,1.1,5.8,1.7,94.0,61.0,Online Videos,No,Yes,Medium,High,100.0,98.0,Excellent,Needs better time management
R2988,S0504,2026-02-13,13.0,Female,Grade 8,International,Math,3.1,6.2,4.2,88.0,88.0,Online Videos,Yes,Yes,Low,High,90.0,100.0,Excellent,No Comment
R0453,S0534,2026-02-28,14.0,Female,Grade 9,International,Computer Science,1.2,6.3,0.7,89.0,81.0,Self Study,Yes,No,Medium,Medium,96.0,85.0,Good,Strong participation
R1163,S0720,2026-03-06,16.0,Female,Grade 10,Public,Science,4.9,6.9,3.2,88.0,65.0,Self Study,No,Yes,Medium,Low,99.0,100.0,Excellent,Often distracted
R2080,S0464,2026-04-30,15.0,Male,Grade 10,Private,Math,6.0,7.9,3.7,90.0,80.0,Self Study,Yes,Yes,High,Medium,100.0,100.0,Excellent,Needs better time management
R0476,S0580,2026-03-07,13.0,Female,Grade 8,Private,History,2.3,8.4,4.4,91.0,73.0,Online Videos,No,Yes,Medium,Medium,94.0,100.0,Excellent,Needs better time management
R0607,S0439,2026-04-04,17.0,Female,Grade 11,International,Computer Science,3.2,6.2,5.5,86.0,59.0,Self Study,No,Yes,Low,High,71.0,75.0,Good,Absent during some activities
R0308,S0307,2026-04-09,17.0,Male,Grade 12,Private,Science,3.0,8.7,4.2,95.0,49.0,Self Study,Yes,Yes,Medium,High,97.0,98.0,Excellent,Homework quality varies
R1753,S0119,2026-03-26,16.0,Male,Grade 9,Private,Science,5.4,8.4,5.7,82.0,50.0,Notebook / Notes,No,Yes,High,Medium,81.0,75.0,Good,Strong participation
R0484,S0521,2026-03-24,16.0,Female,Grade 11,International,Computer Science,2.6,8.5,2.5,76.0,84.0,Group Study,No,Yes,Low,Medium,97.0,93.0,Excellent,Good analytical thinking
R3828,S0058,2026-04-25,16.0,Female,Grade 11,Public,Computer Science,3.3,9.6,2.5,89.0,48.0,Private Tutor,No,Yes,High,Medium,100.0,99.0,Excellent,Strong participation
R1759,S0525,2026-03-05,13.0,Female,Grade 12,International,History,3.1,7.3,5.1,86.0,81.0,Notebook / Notes,Yes,Yes,High,Low,84.0,91.0,Excellent,Consistent effort
R3140,S0191,2026-03-21,15.0,Male,Grade 10,Private,Math,3.7,7.5,3.1,84.0,76.0,Online Videos,No,Yes,Medium,Low,100.0,97.0,Excellent,Consistent effort
R1650,S0047,2026-02-09,17.0,Female,Grade 12,International,Computer Science,4.2,5.6,2.9,86.0,68.0,Self Study,No,Yes,Low,High,91.0,92.0,Excellent,Improved this term
R1821,S0201,2026-02-03,15.0,Female,Grade 10,Public,Math,2.1,6.9,5.3,85.0,100.0,Self Study,No,Yes,Medium,Low,90.0,92.0,Excellent,Improved this term
R1819,S0518,2026-02-16,13.0,Female,Grade 8,Private,History,4.8,8.8,4.6,84.0,77.0,Online Videos,No,No,Low,High,97.0,100.0,Excellent,Consistent effort
R3353,S0505,2026-02-24,16.0,Female,Grade 11,Public,Science,1.1,7.8,5.4,74.0,55.0,Group Study,Yes,Yes,High,Medium,58.0,92.0,Pass,Good analytical thinking
R3432,S0402,2026-03-25,17.0,Male,Grade 12,Public,Computer Science,2.9,9.1,6.3,78.0,62.0,Group Study,No,Yes,Medium,Low,80.0,94.0,Excellent,Improved this term
R2464,S0129,2026-02-10,16.0,Male,Grade 11,Private,Computer Science,1.7,5.1,4.2,85.0,86.0,Group Study,No,Yes,Low,Medium,69.0,75.0,Good,No Comment
R3831,S0050,2026-03-15,16.0,Male,Grade 11,International,Math,3.4,7.7,4.1,80.0,41.0,Online Videos,Yes,Yes,Medium,High,84.0,100.0,Excellent,Excellent focus
R0879,S0073,2026-02-15,15.0,Female,Grade 10,Public,Computer Science,2.8,7.2,5.5,91.0,74.0,Notebook / Notes,Yes,Yes,Medium,Low,65.0,82.0,Good,Homework quality varies
R3874,S0190,2026-04-13,15.0,Male,Grade 10,Private,English,4.2,6.0,4.2,95.0,55.0,Group Study,No,Yes,Medium,Medium,99.0,96.0,Excellent,Improved this term
R0405,S0047,2026-03-12,17.0,Male,Grade 11,International,English,2.1,6.7,8.1,69.0,71.0,Online Videos,Yes,Yes,Medium,High,74.0,93.0,Excellent,No Comment
R2184,S0507,2026-03-29,14.0,Female,Grade 9,Public,English,4.0,6.9,2.3,100.0,81.0,Group Study,No,Yes,Medium,Low,100.0,100.0,Excellent,Good analytical thinking
R2175,S0510,2026-04-22,13.0,Male,Grade 8,Public,Math,1.1,8.5,2.1,100.0,71.0,Private Tutor,Yes,Yes,Low,Medium,100.0,92.0,Excellent,Good analytical thinking
R0844,S0727,2026-05-01,14.0,Female,Grade 10,Public,English,3.4,7.5,4.7,66.0,64.0,Group Study,No,Yes,High,Low,73.0,76.0,Good,No Comment
R2370,S0631,2026-03-18,15.0,Female,Grade 10,Public,Math,5.1,6.8,1.2,90.0,100.0,Self Study,No,Yes,High,High,100.0,92.0,Excellent,No Comment
R1603,S0115,2026-02-02,17.0,Male,Grade 8,International,Science,2.4,9.5,3.4,96.0,62.0,Online Videos,No,Yes,Low,High,100.0,98.0,Excellent,Good analytical thinking
R1662,S0448,2026-04-08,15.0,Male,Grade 9,Public,English,4.0,5.4,5.4,80.0,58.0,Notebook / Notes,Yes,Yes,Medium,Medium,100.0,99.0,Excellent,No Comment
R1253,S0595,2026-03-27,17.0,Male,Grade 12,Private,Computer Science,0.5,6.3,4.0,67.0,94.0,Group Study,No,Yes,Medium,High,90.0,78.0,Good,Strong participation
R1841,S0712,2026-02-10,17.0,Male,Grade 12,Public,Science,2.6,6.6,0.5,92.0,100.0,Self Study,Yes,Yes,High,High,100.0,100.0,Excellent,No Comment
R0764,S0021,2026-04-04,14.0,Female,Grade 9,Public,Computer Science,1.9,6.4,3.7,100.0,100.0,Self Study,No,Yes,Medium,Low,85.0,86.0,Good,No Comment
R3413,S0181,2026-04-13,16.0,Female,Grade 11,International,History,2.6,6.0,3.3,75.0,100.0,Group Study,Yes,Yes,Medium,High,80.0,88.0,Good,Excellent focus
R3872,S0071,2026-02-28,17.0,Male,Grade 12,Private,English,1.1,7.2,3.7,93.0,96.0,Private Tutor,No,Yes,High,Medium,81.0,78.0,Good,Often distracted
R2403,S0507,2026-03-16,17.0,Female,Grade 12,Public,Science,3.6,7.4,7.1,100.0,88.0,Group Study,No,Yes,Low,Low,94.0,100.0,Excellent,Homework quality varies
R2089,S0678,2026-02-22,16.0,Female,Grade 11,Private,Science,3.3,8.1,5.2,89.0,87.0,Online Videos,No,Yes,Medium,Medium,90.0,91.0,Excellent,Needs better time management
R2263,S0072,2026-02-17,17.0,Female,Grade 12,Public,Computer Science,2.9,8.0,4.2,92.0,65.0,Private Tutor,No,Yes,High,Low,77.0,83.0,Good,Often distracted
R3330,S0546,2026-03-18,16.0,Male,Grade 9,Public,English,2.2,6.4,2.7,100.0,59.0,Notebook / Notes,No,Yes,Medium,Medium,87.0,92.0,Excellent,Strong participation
R2993,S0285,2026-04-12,13.0,Female,Grade 8,Public,History,4.1,8.1,1.1,100.0,84.0,Self Study,Yes,Yes,Medium,Medium,100.0,100.0,Excellent,Needs better time management
R3359,S0225,2026-12-04,15.0,Male,Grade 10,Private,English,2.8,7.2,4.2,91.0,63.0,Private Tutor,No,Yes,High,High,79.0,82.0,Good,Homework quality varies
R2335,S0388,2026-04-01,15.0,Male,Grade 12,Public,Math,4.5,9.2,2.3,83.0,77.0,Self Study,No,Yes,Medium,Low,90.0,92.0,Excellent,Strong participation
R1250,S0230,2026-03-10,13.0,Female,Grade 8,Private,Math,4.7,9.0,5.6,88.0,81.0,Self Study,No,Yes,Low,Medium,100.0,90.0,Excellent,Needs revision plan
R0222,S0537,2026-03-28,14.0,Male,Grade 9,International,History,2.8,7.7,2.8,82.0,76.0,Notebook / Notes,No,Yes,Medium,Low,85.0,92.0,Excellent,Strong participation
R0516,S0361,2026-04-05,16.0,Male,Grade 11,International,Math,2.5,6.0,3.5,92.0,100.0,Group Study,No,Yes,Medium,Low,90.0,91.0,Excellent,Often distracted
R1746,S0005,2026-03-29,14.0,Female,Grade 9,Private,Science,2.7,7.9,2.1,84.0,85.0,Self Study,Yes,Yes,Low,Medium,88.0,94.0,Excellent,Often distracted
R0436,S0443,2026-03-23,15.0,Female,Grade 10,Public,English,3.4,7.1,7.1,99.0,87.0,Notebook / Notes,No,Yes,Medium,High,95.0,82.0,Good,Good analytical thinking
R2787,S0361,2026-04-30,14.0,Female,Grade 9,International,English,2.8,6.5,4.2,90.0,76.0,Online Videos,Yes,Yes,Medium,High,88.0,87.0,Good,Absent during some activities
R0107,S0615,2026-02-27,14.0,Male,Grade 8,Public,History,4.8,7.2,4.8,68.0,85.0,Self Study,Yes,Yes,High,High,91.0,93.0,Excellent,Excellent focus
R1732,S0749,2026-03-15,13.0,Female,Grade 8,Private,Computer Science,4.8,7.2,5.3,70.0,76.0,Self Study,Yes,Yes,Medium,High,86.0,100.0,Excellent,Improved this term
R2105,S0464,2026-02-27,13.0,Male,Grade 8,Public,History,5.1,7.2,3.1,96.0,76.0,Private Tutor,No,Yes,Medium,Medium,91.0,95.0,Excellent,No Comment
R2883,S0043,2026-03-11,13.0,Male,Grade 8,Private,Science,5.1,6.7,3.0,90.0,81.0,Self Study,Yes,Yes,Medium,Low,100.0,100.0,Excellent,Excellent focus
R0610,S0654,2026-02-14,15.0,Female,Grade 10,Public,Science,4.1,8.1,3.7,87.0,75.0,Self Study,Yes,Yes,Medium,Medium,100.0,100.0,Excellent,Needs better time management
R1502,S0706,2026-02-18,13.0,Male,Grade 8,Public,Computer Science,1.0,7.0,3.9,82.0,100.0,Private Tutor,No,Yes,Medium,Medium,74.0,79.0,Good,Excellent focus
R2311,S0622,2026-03-17,15.0,Female,Grade 10,Private,Computer Science,3.2,7.3,6.1,96.0,65.0,Self Study,Yes,No,Medium,Low,88.0,92.0,Good,Absent during some activities
R3870,S0118,2026-04-15,15.0,Male,Grade 10,Public,Science,2.4,7.9,3.9,91.0,59.0,Online Videos,No,No,Medium,Medium,75.0,83.0,Good,Consistent effort
R3224,S0719,2026-03-02,15.0,Female,Grade 10,Private,Computer Science,3.2,5.6,4.2,82.0,68.0,Notebook / Notes,No,No,High,Low,77.0,77.0,Good,No Comment
R0298,S0100,2026-03-16,14.0,Male,Grade 9,Public,History,1.8,7.8,6.3,83.0,100.0,Group Study,Yes,Yes,Low,Medium,84.0,87.0,Good,Consistent effort
R2018,S0189,2026-02-13,16.0,Female,Grade 11,International,History,2.9,7.2,6.7,87.0,72.0,Online Videos,No,Yes,High,High,96.0,92.0,Excellent,Needs revision plan
R0649,S0741,2026-04-19,17.0,Female,Grade 12,Public,History,3.5,8.3,1.2,100.0,84.0,Group Study,Yes,Yes,Medium,Low,82.0,100.0,Excellent,Excellent focus
R1818,S0267,2026-03-31,17.0,Male,Grade 12,Public,Math,0.2,7.7,2.8,92.0,48.0,Private Tutor,No,Yes,Low,High,72.0,76.0,Good,Needs revision plan
R1987,S0567,2026-03-25,16.0,Male,Grade 11,Public,History,3.7,8.4,5.1,86.0,85.0,Self Study,No,Yes,Low,High,94.0,92.0,Excellent,Needs revision plan
R0741,S0339,2026-04-07,16.0,Male,Grade 11,Public,History,2.4,8.0,3.7,85.0,72.0,Notebook / Notes,No,Yes,Low,Medium,98.0,96.0,Excellent,Homework quality varies
R3556,S0717,2026-04-20,15.0,Male,Grade 10,Public,Math,2.7,7.4,6.0,100.0,61.0,Self Study,Yes,Yes,Medium,High,70.0,92.0,Excellent,Good analytical thinking
R0618,S0056,2026-04-25,13.0,Male,Grade 8,Public,Math,4.0,6.7,0.5,87.0,46.0,Self Study,No,Yes,Medium,High,77.0,85.0,Good,Needs better time management
R1965,S0503,2026-04-14,15.0,Male,Grade 10,Public,Computer Science,4.9,8.3,7.5,87.0,100.0,Group Study,Yes,Yes,High,Low,88.0,95.0,Excellent,Strong participation
R1022,S0586,2026-04-29,15.0,Female,Grade 9,Public,Science,2.2,8.0,5.0,97.0,74.0,Notebook / Notes,No,Yes,Medium,High,99.0,100.0,Excellent,Consistent effort
R0766,S0297,2026-04-18,17.0,Female,Grade 11,Public,History,3.4,7.2,3.3,88.0,66.0,Private Tutor,No,Yes,High,Medium,78.0,91.0,Excellent,No Comment
R0313,S0313,2026-02-25,14.0,Female,Grade 9,Private,English,4.6,7.7,3.9,92.0,73.0,Notebook / Notes,No,Yes,Low,Medium,100.0,100.0,Excellent,Good analytical thinking
R3838,S0446,2026-04-08,15.0,Male,Grade 10,International,History,1.2,7.0,6.7,99.0,77.0,Online Videos,No,Yes,High,Medium,78.0,70.0,Pass,Homework quality varies
R2305,S0500,2026-04-10,17.0,Female,Grade 12,International,Science,2.9,6.2,1.9,95.0,91.0,Self Study,Yes,Yes,Medium,Medium,90.0,100.0,Excellent,Good analytical thinking
R3538,S0102,2026-04-20,14.0,Female,Grade 9,Public,Science,2.8,6.7,1.5,83.0,63.0,Self Study,No,Yes,Medium,Low,89.0,88.0,Good,No Comment
R3753,S0279,2026-02-28,13.0,Male,Grade 12,Private,English,2.9,8.1,1.7,80.0,68.0,Self Study,No,Yes,Medium,Medium,91.0,100.0,Excellent,Strong participation
R1880,S0292,2026-03-05,14.0,Male,Grade 9,Public,Computer Science,4.1,7.4,4.5,81.0,34.0,Notebook / Notes,No,Yes,Low,High,62.0,79.0,Good,No Comment
R1078,S0432,2026-02-10,13.0,Male,Grade 8,Public,History,2.6,5.1,2.3,84.0,81.0,Self Study,No,No,Low,Low,89.0,95.0,Excellent,Absent during some activities
R1733,S0526,2026-03-16,16.0,Female,Grade 11,Public,History,0.0,6.1,1.9,100.0,100.0,Notebook / Notes,Yes,Yes,Low,Low,84.0,87.0,Good,No Comment
R1164,S0676,2026-04-29,14.0,Female,Grade 9,Private,Math,2.5,7.4,6.7,83.0,45.0,Self Study,Yes,No,Medium,Medium,90.0,100.0,Excellent,Improved this term
R1430,S0487,2026-02-14,16.0,Male,Grade 11,Private,English,3.2,9.2,3.9,86.0,76.0,Self Study,No,No,High,Low,83.0,100.0,Excellent,Homework quality varies
R1172,S0733,2026-02-02,13.0,Male,Grade 8,Public,Math,2.4,6.4,3.9,76.0,63.0,Online Videos,No,Yes,High,Medium,69.0,78.0,Good,Absent during some activities
R2722,S0666,2026-02-14,14.0,Male,Grade 9,International,Computer Science,4.8,6.4,7.7,100.0,54.0,Online Videos,Yes,Yes,Low,Medium,80.0,76.0,Good,Often distracted
R3208,S0183,2026-03-01,13.0,Male,Grade 8,Public,English,1.3,6.1,1.6,83.0,52.0,Self Study,No,Yes,Medium,Low,63.0,68.0,Pass,No Comment
R2981,S0573,2026-04-14,14.0,Male,Grade 9,International,Computer Science,3.5,6.5,5.6,90.0,56.0,Private Tutor,No,Yes,Low,Low,67.0,79.0,Good,Needs revision plan
R3304,S0510,2026-04-15,15.0,Male,Grade 10,Private,History,3.9,6.2,5.8,91.0,79.0,Self Study,No,Yes,High,Medium,77.0,69.0,Pass,Absent during some activities
R2727,S0286,2026-02-12,13.0,Female,Grade 8,Private,Science,5.9,7.0,8.4,87.0,56.0,Private Tutor,No,Yes,High,Medium,87.0,78.0,Good,Good analytical thinking
R0548,S0405,2026-02-16,17.0,Male,Grade 12,Private,History,2.4,6.7,4.6,87.0,64.0,Group Study,No,No,Low,Medium,82.0,92.0,Excellent,Consistent effort
R3903,S0092,2026-03-24,13.0,Female,Grade 10,Private,Computer Science,3.1,6.9,2.4,91.0,64.0,Group Study,No,Yes,High,Medium,82.0,90.0,Excellent,Excellent focus
R3478,S0443,2026-03-15,15.0,Male,Grade 10,Private,Science,5.3,8.1,3.1,78.0,61.0,Self Study,No,Yes,Low,High,81.0,98.0,Excellent,Often distracted
R3249,S0405,2026-02-12,17.0,Male,Grade 12,Public,Science,2.6,7.2,2.2,91.0,79.0,Online Videos,No,Yes,Medium,Low,100.0,97.0,Excellent,Homework quality varies
R0848,S0692,2026-02-21,15.0,Female,Grade 10,Public,English,2.6,8.0,5.1,77.0,81.0,Self Study,No,No,Medium,Low,90.0,97.0,Excellent,Excellent focus
R2821,S0134,2026-02-04,14.0,Male,Grade 9,Private,Computer Science,1.5,7.8,6.3,85.0,67.0,Self Study,No,Yes,Low,Medium,74.0,76.0,Good,Good analytical thinking
R0694,S0703,2026-03-14,14.0,Male,Grade 8,International,English,3.2,5.7,3.3,78.0,100.0,Private Tutor,Yes,No,Low,Low,83.0,97.0,Excellent,Improved this term
R1111,S0157,2026-03-05,14.0,Male,Grade 9,Public,English,4.2,8.8,5.6,87.0,54.0,Self Study,Yes,Yes,Low,Medium,95.0,90.0,Excellent,Needs better time management
R2466,S0362,2026-03-15,14.0,Female,Grade 9,Private,Math,4.8,7.4,7.0,82.0,75.0,Self Study,No,Yes,Medium,Medium,89.0,93.0,Excellent,Homework quality varies
R3508,S0512,2026-02-01,16.0,Male,Grade 11,Public,Science,3.4,6.6,7.0,84.0,68.0,Group Study,No,Yes,High,High,89.0,89.0,Good,Consistent effort
R3815,S0108,2026-04-06,15.0,Female,Grade 10,Private,Math,2.6,7.3,4.5,90.0,66.0,Private Tutor,Yes,Yes,Low,Medium,85.0,88.0,Good,Good analytical thinking
R0016,S0514,2026-04-09,13.0,Female,Grade 8,Private,English,4.8,6.7,5.9,75.0,63.0,Online Videos,Yes,Yes,Medium,Low,100.0,100.0,Excellent,Needs better time management
R1844,S0590,2026-02-18,14.0,Female,Grade 9,Public,History,3.6,5.7,3.1,90.0,77.0,Self Study,No,Yes,Medium,Low,100.0,95.0,Excellent,Strong participation
R0900,S0664,2026-02-04,16.0,Female,Grade 11,International,Math,4.2,7.8,4.5,84.0,49.0,Online Videos,Yes,No,High,Medium,84.0,85.0,Good,Strong participation
R2152,S0097,2026-05-01,17.0,Male,Grade 12,Public,Math,3.2,7.2,4.3,87.0,98.0,Online Videos,Yes,No,Low,Medium,68.0,79.0,Good,Excellent focus
R3073,S0330,2026-02-08,15.0,Female,Grade 10,International,Science,3.2,5.4,2.7,80.0,76.0,Group Study,No,Yes,Low,Medium,76.0,80.0,Good,No Comment
R2829,S0402,2026-04-04,14.0,Female,Grade 9,Private,Computer Science,2.8,6.4,2.4,69.0,54.0,Online Videos,Yes,Yes,Medium,Low,76.0,78.0,Good,No Comment
R1887,S0410,2026-03-25,15.0,Female,Grade 12,Public,English,1.7,6.2,4.9,83.0,76.0,Self Study,No,No,High,Low,65.0,76.0,Good,Often distracted
R1153,S0729,2026-04-25,17.0,Female,Grade 11,International,History,3.2,7.7,3.4,100.0,91.0,Notebook / Notes,No,No,High,Low,98.0,95.0,Excellent,Improved this term
R2021,S0342,2026-04-21,17.0,Female,Grade 9,Public,Science,3.2,7.3,3.2,88.0,45.0,Notebook / Notes,No,Yes,Medium,Medium,91.0,92.0,Excellent,No Comment
R0840,S0297,2026-04-05,16.0,Male,Grade 11,Public,English,3.9,6.1,3.4,84.0,81.0,Self Study,No,No,Medium,High,99.0,92.0,Excellent,Strong participation
R0554,S0706,2026-03-05,15.0,Female,Grade 11,International,English,1.7,6.9,3.8,94.0,87.0,Notebook / Notes,Yes,Yes,Low,High,100.0,100.0,Excellent,Needs better time management
R1158,S0721,2026-02-05,17.0,Female,Grade 12,Public,History,4.1,6.8,5.4,100.0,68.0,Online Videos,No,Yes,Low,Medium,98.0,90.0,Excellent,No Comment
R2036,S0551,2026-02-09,17.0,Female,Grade 12,International,Science,1.3,5.9,4.2,81.0,47.0,Self Study,Yes,Yes,Medium,Medium,87.0,79.0,Good,Absent during some activities
R1411,S0507,2026-04-14,17.0,Male,Grade 12,Private,Science,3.8,8.1,4.2,98.0,47.0,Self Study,No,Yes,Medium,Low,83.0,95.0,Excellent,Strong participation
R2915,S0680,2026-04-08,13.0,Female,Grade 12,International,Computer Science,3.4,8.6,0.5,92.0,58.0,Self Study,No,Yes,Medium,Medium,100.0,100.0,Excellent,No Comment
R2716,S0322,2026-03-30,14.0,Male,Grade 9,Public,Science,3.1,5.6,4.9,83.0,100.0,Self Study,No,Yes,Low,High,94.0,100.0,Excellent,Often distracted
R2113,S0284,2026-04-11,15.0,Female,Grade 10,Public,Science,3.9,7.2,5.8,92.0,59.0,Online Videos,Yes,Yes,Medium,Low,86.0,92.0,Good,No Comment
R1122,S0061,2026-03-05,15.0,Female,Grade 10,International,History,1.0,6.8,4.5,87.0,74.0,Private Tutor,No,Yes,Medium,Medium,95.0,93.0,Excellent,Excellent focus
R2470,S0055,2026-04-13,16.0,Female,Grade 11,Private,Computer Science,3.4,6.4,3.5,88.0,67.0,Self Study,No,Yes,Medium,Medium,87.0,90.0,Excellent,Consistent effort
R1872,S0599,2026-02-28,15.0,Female,Grade 10,Public,History,3.2,6.5,3.2,82.0,60.0,Self Study,No,No,High,High,85.0,76.0,Good,Consistent effort
R2705,S0016,2026-03-17,17.0,Female,Grade 12,Public,History,4.0,5.6,4.5,87.0,100.0,Private Tutor,No,Yes,Medium,Medium,87.0,90.0,Excellent,Absent during some activities
R2923,S0195,2026-03-01,13.0,Male,Grade 11,Public,English,3.9,8.1,2.3,100.0,67.0,Self Study,No,Yes,High,High,100.0,100.0,Excellent,Absent during some activities
R1346,S0400,2026-02-26,13.0,Male,Grade 8,Private,Science,5.1,5.6,4.2,91.0,64.0,Self Study,No,Yes,Medium,High,83.0,83.0,Good,No Comment
R1399,S0036,2026-03-23,15.0,Female,Grade 10,Public,English,2.7,7.5,4.1,97.0,76.0,Group Study,No,Yes,Medium,Medium,88.0,97.0,Excellent,No Comment
R3343,S0523,2026-03-10,13.0,Female,Grade 8,Public,English,3.7,8.0,2.6,100.0,52.0,Online Videos,No,Yes,Medium,High,82.0,85.0,Good,Strong participation
R2411,S0623,2026-03-07,14.0,Male,Grade 9,Private,Math,3.6,5.8,3.9,87.0,88.0,Private Tutor,No,Yes,Low,Low,79.0,82.0,Good,No Comment
R2576,S0449,2026-04-12,17.0,Female,Grade 12,Private,English,1.6,7.6,5.6,77.0,84.0,Online Videos,Yes,Yes,Medium,High,97.0,84.0,Good,Often distracted
R3854,S0307,2026-04-01,13.0,Male,Grade 8,Public,Math,2.9,6.2,2.3,86.0,79.0,Online Videos,Yes,No,Medium,Low,94.0,93.0,Excellent,Improved this term
R2620,S0030,2026-02-09,13.0,Female,Grade 8,Private,Computer Science,3.5,7.5,2.0,100.0,64.0,Private Tutor,No,No,Medium,High,100.0,100.0,Excellent,Absent during some activities
R0290,S0647,2026-02-27,17.0,Female,Grade 9,Private,Computer Science,2.4,8.1,6.0,86.0,76.0,Online Videos,No,Yes,High,Medium,72.0,72.0,Pass,Improved this term
R2035,S0115,2026-05-01,17.0,Female,Grade 12,Public,English,2.6,7.3,4.2,89.0,61.0,Self Study,No,Yes,Medium,Medium,86.0,87.0,Good,Absent during some activities
R0521,S0595,2026-03-02,14.0,Male,Grade 9,Public,Computer Science,3.7,8.0,5.6,81.0,95.0,Notebook / Notes,No,Yes,Low,High,62.0,76.0,Good,Needs revision plan
R2738,S0709,2026-02-25,15.0,Male,Grade 10,International,English,4.6,8.4,2.1,100.0,75.0,Online Videos,No,Yes,Medium,Low,100.0,99.0,Excellent,Absent during some activities
R0192,S0425,2026-04-21,15.0,Male,Grade 10,Public,Computer Science,6.3,7.5,3.3,97.0,77.0,Notebook / Notes,Yes,Yes,Low,Medium,100.0,100.0,Excellent,Improved this term
R2107,S0143,2026-03-24,14.0,Male,Grade 9,Public,Computer Science,0.9,7.5,4.2,88.0,100.0,Online Videos,No,Yes,High,Medium,75.0,74.0,Pass,Needs better time management
R3108,S0294,2026-04-02,14.0,Female,Grade 9,Public,Math,0.3,7.5,3.5,100.0,69.0,Private Tutor,No,Yes,Medium,High,61.0,66.0,Pass,Needs better time management
R0770,S0237,2026-02-09,17.0,Male,Grade 12,Private,Math,2.0,7.6,5.3,82.0,72.0,Online Videos,No,Yes,Medium,Medium,59.0,66.0,Pass,Needs revision plan
R1132,S0100,2026-02-19,14.0,Male,Grade 9,Private,English,2.7,6.6,4.0,88.0,60.0,Online Videos,No,Yes,High,High,91.0,95.0,Excellent,Consistent effort
R2208,S0625,2026-10-04,16.0,Female,Grade 11,Private,English,1.5,9.3,4.0,93.0,59.0,Online Videos,Yes,Yes,Medium,High,62.0,67.0,Pass,Excellent focus
R0752,S0249,2026-02-11,14.0,Male,Grade 9,Public,Computer Science,2.9,5.4,2.1,69.0,61.0,Self Study,No,Yes,Medium,Medium,68.0,71.0,Pass,Strong participation
R3539,S0014,2026-02-11,17.0,Female,Grade 12,Public,Computer Science,4.0,6.4,5.8,98.0,67.0,Self Study,No,Yes,Medium,Low,100.0,100.0,Excellent,Excellent focus
R2424,S0443,2026-03-11,14.0,Female,Grade 9,Public,Science,0.2,8.5,3.1,87.0,62.0,Notebook / Notes,No,Yes,High,High,68.0,77.0,Good,Needs better time management
R1916,S0117,2026-04-14,16.0,Male,Grade 11,Public,History,3.8,9.3,5.8,96.0,100.0,Private Tutor,No,Yes,Medium,Medium,100.0,100.0,Excellent,Strong participation
R3620,S0719,2026-04-14,17.0,Female,Grade 12,Public,Computer Science,1.1,7.1,1.8,82.0,83.0,Online Videos,No,Yes,Medium,High,95.0,100.0,Excellent,Excellent focus
R0917,S0016,2026-03-11,13.0,Male,Grade 11,International,Science,4.1,5.9,4.1,87.0,92.0,Self Study,Yes,Yes,Low,High,98.0,100.0,Excellent,Consistent effort
R2372,S0661,2026-04-22,14.0,Female,Grade 9,Public,Science,4.6,8.2,4.6,84.0,100.0,Notebook / Notes,No,No,High,Medium,82.0,100.0,Excellent,Absent during some activities
R2277,S0416,2026-04-26,15.0,Male,Grade 10,International,Math,3.6,7.3,4.0,82.0,70.0,Online Videos,Yes,Yes,Medium,Medium,92.0,100.0,Excellent,Homework quality varies
R0977,S0150,2026-04-21,13.0,Female,Grade 8,International,Science,3.3,6.9,3.0,77.0,91.0,Group Study,No,Yes,High,Medium,77.0,80.0,Good,Strong participation
R2504,S0490,2026-02-08,16.0,Male,Grade 11,International,Computer Science,5.9,5.9,4.2,87.0,50.0,Notebook / Notes,No,Yes,Medium,Medium,99.0,99.0,Excellent,No Comment
R2881,S0670,2026-02-27,13.0,Female,Grade 8,Public,Math,1.6,6.7,6.2,94.0,69.0,Private Tutor,No,Yes,High,High,83.0,72.0,Pass,Absent during some activities
R3469,S0505,2026-03-01,16.0,Male,Grade 11,Public,Math,2.0,5.9,5.2,84.0,87.0,Notebook / Notes,Yes,Yes,Medium,Low,100.0,90.0,Excellent,Homework quality varies
R2214,S0001,2026-02-12,14.0,Female,Grade 9,Private,English,3.3,7.2,3.8,83.0,52.0,Self Study,No,Yes,Low,Medium,96.0,87.0,Good,Improved this term
R3389,S0020,2026-03-30,15.0,Male,Grade 10,Public,Math,3.2,8.1,3.5,91.0,71.0,Online Videos,Yes,Yes,Low,High,90.0,100.0,Excellent,Strong participation
R3476,S0069,2026-02-14,13.0,Male,Grade 8,Public,English,4.4,8.1,0.5,76.0,80.0,Self Study,Yes,Yes,Medium,Medium,90.0,100.0,Excellent,Good analytical thinking
R2322,S0360,2026-03-27,14.0,Male,Grade 9,Public,Science,4.6,8.2,3.8,87.0,93.0,Online Videos,No,Yes,Medium,High,96.0,100.0,Excellent,Excellent focus
R2409,S0066,2026-03-07,14.0,Female,Grade 9,Public,Math,3.2,8.1,4.3,87.0,56.0,Notebook / Notes,No,No,High,Medium,77.0,91.0,Excellent,Strong participation
R0069,S0007,2026-04-20,14.0,Male,Grade 9,Public,Science,2.3,7.1,3.9,70.0,79.0,Group Study,Yes,Yes,Low,Low,100.0,92.0,Excellent,Strong participation
R0260,S0722,2026-03-16,15.0,Male,Grade 10,Public,Computer Science,3.6,7.6,4.2,76.0,74.0,Online Videos,No,Yes,Medium,Medium,93.0,93.0,Excellent,Good analytical thinking
R2198,S0398,2026-03-24,13.0,Female,Grade 8,Private,Computer Science,1.8,7.6,5.6,80.0,78.0,Self Study,No,Yes,High,Medium,94.0,92.0,Needs Improvement,No Comment
R3429,S0429,2026-03-13,15.0,Male,Grade 10,Public,Math,3.6,7.7,4.6,79.0,92.0,Self Study,No,No,Medium,Medium,71.0,84.0,Good,Often distracted
R2144,S0516,2026-02-25,14.0,Male,Grade 9,Public,Computer Science,3.8,8.5,4.5,78.0,100.0,Self Study,No,Yes,High,Medium,100.0,100.0,Excellent,Absent during some activities
R0861,S0326,2026-02-24,16.0,Female,Grade 11,Public,Math,2.2,7.2,8.0,69.0,76.0,Self Study,No,Yes,Medium,Low,59.0,92.0,Pass,Good analytical thinking
R1134,S0667,2026-02-20,15.0,Female,Grade 9,International,Computer Science,2.6,6.6,2.8,79.0,51.0,Private Tutor,No,Yes,High,Low,90.0,71.0,Pass,Consistent effort
R0409,S0034,2026-03-21,17.0,Female,Grade 12,Public,Science,0.2,7.2,4.2,81.0,90.0,Online Videos,No,Yes,High,Low,74.0,92.0,Pass,Strong participation
R2348,S0189,2026-04-04,14.0,Female,Grade 9,Public,Computer Science,3.8,7.3,7.0,91.0,82.0,Self Study,Yes,Yes,Medium,Medium,93.0,96.0,Excellent,No Comment
R0574,S0626,2026-02-16,16.0,Female,Grade 11,Public,Computer Science,4.2,6.7,2.8,97.0,75.0,Private Tutor,No,Yes,Medium,Medium,100.0,100.0,Excellent,No Comment
R1487,S0220,2026-02-04,14.0,Male,Grade 9,Public,Computer Science,3.2,8.2,1.6,93.0,78.0,Online Videos,No,Yes,Medium,Medium,99.0,99.0,Excellent,Improved this term
R0483,S0481,2026-04-27,17.0,Male,Grade 12,Private,History,0.4,8.8,6.0,87.0,100.0,Self Study,No,Yes,Medium,High,70.0,82.0,Good,No Comment
R0641,S0689,2026-04-11,17.0,Male,Grade 11,Private,Science,4.5,7.2,5.5,81.0,83.0,Online Videos,No,Yes,Low,Medium,77.0,85.0,Good,Strong participation
R0677,S0032,2026-04-13,13.0,Male,Grade 8,Private,English,3.2,8.1,2.9,87.0,75.0,Private Tutor,No,Yes,Medium,Medium,98.0,93.0,Excellent,Excellent focus
R0972,S0124,2026-04-06,17.0,Female,Grade 12,Public,Science,0.0,7.6,4.6,95.0,100.0,Self Study,Yes,No,High,Low,59.0,67.0,Pass,Needs better time management
R3284,S0502,2026-04-14,15.0,Male,Grade 10,Public,English,4.5,5.6,4.2,75.0,76.0,Self Study,Yes,Yes,Medium,High,85.0,98.0,Excellent,Often distracted
R0961,S0542,2026-02-12,16.0,Male,Grade 11,International,English,3.0,7.9,3.5,89.0,78.0,Online Videos,No,No,Medium,Medium,90.0,93.0,Excellent,No Comment
R3044,S0197,2026-02-11,15.0,Female,Grade 12,Private,Math,3.8,5.9,4.0,100.0,76.0,Private Tutor,No,Yes,High,High,99.0,94.0,Excellent,No Comment
R0257,S0357,2026-04-17,13.0,Male,Grade 8,Public,English,4.3,7.2,4.7,89.0,81.0,Notebook / Notes,Yes,Yes,High,High,100.0,97.0,Excellent,Often distracted
R2426,S0337,2026-03-26,14.0,Female,Grade 9,International,Computer Science,4.7,6.0,6.5,89.0,75.0,Online Videos,Yes,Yes,High,High,92.0,100.0,Excellent,Improved this term
R3827,S0312,2026-02-10,15.0,Male,Grade 10,International,Science,4.1,7.3,2.6,79.0,100.0,Notebook / Notes,Yes,Yes,Low,Medium,97.0,100.0,Excellent,No Comment
R2111,S0119,2026-03-26,15.0,Male,Grade 10,Private,Science,0.0,8.9,4.2,86.0,76.0,Online Videos,Yes,No,High,Low,65.0,72.0,Pass,Homework quality varies
R2859,S0288,2026-04-04,16.0,Male,Grade 11,Public,Math,3.2,7.7,4.4,87.0,89.0,Self Study,No,Yes,Low,High,86.0,92.0,Excellent,No Comment
R0149,S0024,2026-02-28,16.0,Female,Grade 11,Private,English,1.6,7.5,5.1,85.0,81.0,Group Study,No,Yes,Low,High,99.0,96.0,Excellent,Needs revision plan
R2437,S0058,2026-04-19,17.0,Male,Grade 12,Private,History,3.3,6.9,4.6,97.0,68.0,Online Videos,Yes,Yes,Medium,Medium,91.0,100.0,Excellent,Excellent focus
R2882,S0127,2026-03-23,15.0,Male,Grade 10,Public,Math,2.5,5.6,4.0,80.0,67.0,Private Tutor,Yes,Yes,Medium,High,99.0,88.0,Good,Needs revision plan
R1378,S0673,2026-02-24,15.0,Male,Grade 9,Public,History,2.0,7.6,4.2,92.0,69.0,Group Study,Yes,Yes,Medium,High,86.0,93.0,Excellent,Needs better time management
R0060,S0708,2026-02-08,17.0,Male,Grade 12,Private,English,3.1,8.2,1.7,85.0,75.0,Self Study,Yes,Yes,Low,High,100.0,100.0,Excellent,No Comment
R3591,S0056,2026-04-08,14.0,Female,Grade 10,Private,History,3.5,5.1,6.0,77.0,100.0,Notebook / Notes,Yes,Yes,High,High,100.0,99.0,Excellent,Strong participation
R2764,S0019,2026-03-13,15.0,Male,Grade 10,Private,English,2.1,6.3,4.3,100.0,37.0,Online Videos,No,No,High,Medium,88.0,86.0,Good,Needs better time management
R0735,S0399,2026-02-24,16.0,Female,Grade 11,International,English,1.5,7.1,4.2,99.0,87.0,Notebook / Notes,No,Yes,Medium,Medium,82.0,89.0,Good,Strong participation
R2871,S0642,2026-04-13,17.0,Female,Grade 12,Private,English,2.4,7.8,3.8,86.0,82.0,Private Tutor,Yes,Yes,Medium,Low,87.0,99.0,Excellent,Absent during some activities
R0074,S0614,2026-03-08,13.0,Female,Grade 8,Public,English,3.5,6.7,4.9,95.0,64.0,Private Tutor,No,Yes,Medium,Low,98.0,93.0,Excellent,No Comment
R3023,S0377,2026-02-25,17.0,Female,Grade 12,Private,English,3.6,8.1,2.6,88.0,68.0,Self Study,No,No,Medium,Medium,95.0,100.0,Excellent,Improved this term
R0022,S0133,2026-03-23,15.0,Female,Grade 10,Private,Math,1.3,6.7,2.9,85.0,51.0,Private Tutor,No,Yes,Medium,Medium,86.0,82.0,Good,Improved this term
R2149,S0161,2026-02-25,16.0,Male,Grade 11,International,Computer Science,2.7,5.5,4.4,65.0,83.0,Notebook / Notes,No,Yes,Medium,Medium,85.0,86.0,Good,No Comment
R2119,S0190,2026-03-22,16.0,Female,Grade 11,International,English,2.3,7.2,3.0,88.0,76.0,Online Videos,No,Yes,Medium,Medium,84.0,88.0,Good,No Comment
R3540,S0521,2026-03-13,16.0,Male,Grade 11,Public,Math,3.5,7.2,7.3,92.0,68.0,Online Videos,No,Yes,Medium,Low,96.0,91.0,Excellent,Excellent focus
R2471,S0690,2026-02-03,14.0,Male,Grade 9,Public,English,1.7,5.0,3.9,89.0,100.0,Group Study,Yes,Yes,Medium,Low,73.0,73.0,Pass,Often distracted
R1734,S0659,2026-03-01,14.0,Male,Grade 9,Public,English,4.0,5.8,6.7,85.0,74.0,Self Study,No,Yes,Medium,Medium,71.0,88.0,Good,Homework quality varies
R1781,S0089,2026-03-25,14.0,Female,Grade 8,Private,Science,3.3,7.0,4.0,86.0,100.0,Notebook / Notes,Yes,Yes,Medium,Low,90.0,98.0,Excellent,Absent during some activities
R1441,S0410,2026-03-26,14.0,Female,Grade 9,Public,Math,4.8,8.3,3.1,92.0,79.0,Self Study,No,Yes,Low,High,100.0,100.0,Excellent,Needs better time management
R3435,S0138,2026-03-06,15.0,Male,Grade 8,Public,English,3.8,6.9,3.4,87.0,78.0,Self Study,No,Yes,Medium,Medium,100.0,100.0,Excellent,Improved this term
R1809,S0433,2026-04-17,13.0,Female,Grade 8,Public,English,3.2,7.2,3.0,92.0,85.0,Self Study,No,Yes,High,Medium,84.0,86.0,Good,Needs better time management
R3749,S0144,2026-02-07,16.0,Female,Grade 11,Public,English,4.4,6.9,6.7,87.0,71.0,Group Study,No,Yes,Low,Medium,96.0,92.0,Good,No Comment
R1397,S0404,2026-03-05,15.0,Male,Grade 11,Public,History,4.3,6.6,4.4,87.0,89.0,Group Study,No,Yes,Medium,High,96.0,100.0,Excellent,Needs revision plan
R0014,S0240,2026-03-22,17.0,Male,Grade 12,Public,History,3.1,6.0,1.3,78.0,82.0,Self Study,No,Yes,Medium,High,82.0,100.0,Excellent,Often distracted
R0864,S0375,2026-03-18,15.0,Male,Grade 10,International,Science,4.0,7.9,3.4,87.0,100.0,Notebook / Notes,Yes,Yes,Medium,High,100.0,100.0,Excellent,Consistent effort
R1708,S0051,2026-02-07,13.0,Female,Grade 8,Public,Science,3.0,7.9,6.6,94.0,69.0,Group Study,Yes,Yes,Medium,Low,99.0,100.0,Excellent,Improved this term
R0358,S0412,2026-02-01,17.0,Female,Grade 12,International,History,4.2,9.1,6.5,81.0,59.0,Self Study,No,Yes,High,Low,73.0,90.0,Excellent,Needs better time management
R1294,S0589,2026-03-30,16.0,Male,Grade 11,Private,Science,1.6,7.2,3.7,85.0,89.0,Private Tutor,No,Yes,Low,Medium,79.0,90.0,Excellent,Absent during some activities
R1784,S0241,2026-02-08,17.0,Male,Grade 9,Private,Science,3.9,7.7,1.3,74.0,96.0,Group Study,Yes,Yes,High,Medium,100.0,100.0,Excellent,Excellent focus
R0867,S0703,2026-03-24,17.0,Female,Grade 12,Private,Computer Science,2.2,8.0,4.5,82.0,90.0,Notebook / Notes,No,Yes,Medium,High,90.0,94.0,Excellent,Often distracted
R1992,S0316,2026-03-16,13.0,Male,Grade 8,Public,Math,4.5,7.4,4.3,82.0,63.0,Self Study,No,Yes,Medium,High,87.0,99.0,Excellent,Homework quality varies
R3598,S0532,2026-04-27,17.0,Female,Grade 12,International,Computer Science,3.0,7.2,6.5,94.0,64.0,Self Study,Yes,Yes,Low,High,99.0,100.0,Excellent,Needs better time management
R0346,S0455,2026-02-11,16.0,Female,Grade 11,International,English,6.2,6.9,6.9,83.0,100.0,Self Study,No,Yes,Medium,High,80.0,100.0,Excellent,No Comment
R2761,S0572,2026-04-28,15.0,Male,Grade 10,Private,Math,3.7,6.7,2.2,88.0,91.0,Online Videos,No,Yes,Medium,High,100.0,100.0,Excellent,No Comment
R2118,S0144,2026-04-15,14.0,Male,Grade 9,International,Math,2.6,9.6,4.0,100.0,97.0,Online Videos,No,No,Low,Low,100.0,95.0,Excellent,Excellent focus
R2242,S0582,2026-03-04,14.0,Male,Grade 9,Private,English,1.5,6.9,4.3,87.0,83.0,Notebook / Notes,No,Yes,Low,Low,67.0,74.0,Pass,Needs better time management
R1113,S0583,2026-03-04,14.0,Male,Grade 9,Public,Math,4.2,9.1,6.0,91.0,76.0,Online Videos,Yes,Yes,Low,Medium,100.0,100.0,Excellent,No Comment
R3132,S0672,2026-03-10,13.0,Female,Grade 9,Public,Science,2.4,5.7,2.8,74.0,70.0,Online Videos,No,Yes,Low,Medium,69.0,76.0,Good,Improved this term
R2893,S0506,2026-02-02,14.0,Female,Grade 9,Public,Math,1.1,7.6,3.0,87.0,73.0,Group Study,Yes,No,Medium,Medium,94.0,88.0,Good,Often distracted
R3756,S0149,2026-02-03,14.0,Male,Grade 9,Public,Science,3.3,8.4,0.5,90.0,72.0,Self Study,No,Yes,Low,High,100.0,100.0,Excellent,Consistent effort
R2058,S0705,2026-03-02,15.0,Female,Grade 10,Public,Computer Science,2.7,5.4,4.0,87.0,64.0,Online Videos,No,Yes,Low,High,100.0,96.0,Excellent,Consistent effort
R1454,S0243,2026-02-12,15.0,Female,Grade 10,Public,Math,3.2,7.7,4.0,90.0,90.0,Self Study,No,Yes,High,High,73.0,91.0,Excellent,Absent during some activities
R3086,S0696,2026-04-21,16.0,Male,Grade 11,Public,Math,4.1,6.2,7.9,93.0,80.0,Group Study,No,Yes,Low,Low,80.0,82.0,Good,Absent during some activities
R3003,S0627,2026-04-04,16.0,Male,Grade 11,Public,English,3.7,8.9,0.5,94.0,57.0,Notebook / Notes,No,Yes,Medium,High,100.0,97.0,Excellent,Strong participation
R2561,S0184,2026-03-11,15.0,Male,Grade 10,Private,History,4.9,7.3,5.9,85.0,53.0,Self Study,No,Yes,Low,Low,81.0,80.0,Good,Good analytical thinking
R2860,S0666,2026-02-24,13.0,Female,Grade 8,Public,History,2.9,7.2,2.2,81.0,59.0,Self Study,No,Yes,Medium,Medium,82.0,85.0,Good,No Comment
R1776,S0251,2026-03-06,14.0,Male,Grade 9,International,History,3.1,4.6,5.8,74.0,77.0,Self Study,Yes,Yes,Medium,Medium,100.0,96.0,Excellent,Often distracted
R0968,S0190,2026-03-30,13.0,Male,Grade 8,Public,History,1.7,6.6,2.2,78.0,54.0,Self Study,No,Yes,High,High,86.0,79.0,Good,Excellent focus
R3170,S0588,2026-02-01,13.0,Male,Grade 8,Public,English,3.4,5.3,0.5,100.0,67.0,Online Videos,No,Yes,Low,Medium,100.0,100.0,Excellent,Needs better time management
R2710,S0273,2026-03-09,17.0,Female,Grade 12,Public,Computer Science,3.2,7.0,2.6,96.0,100.0,Self Study,Yes,Yes,Low,Low,93.0,100.0,Excellent,Needs revision plan
R1262,S0503,2026-03-28,14.0,Female,Grade 9,Private,History,2.3,6.0,2.2,87.0,67.0,Online Videos,Yes,No,Low,Medium,96.0,90.0,Excellent,Often distracted
R0859,S0228,2026-02-06,17.0,Female,Grade 12,Private,Computer Science,3.8,5.6,5.1,80.0,81.0,Online Videos,Yes,Yes,Low,Medium,82.0,92.0,Excellent,Strong participation
R1166,S0272,2026-02-11,16.0,Male,Grade 10,Private,Math,3.7,7.2,4.2,85.0,70.0,Self Study,No,Yes,Medium,High,87.0,95.0,Excellent,Often distracted
R0710,S0662,2026-04-09,14.0,Male,Grade 9,Public,Computer Science,3.2,7.4,6.4,82.0,63.0,Self Study,No,Yes,Medium,Medium,97.0,98.0,Excellent,No Comment
R1112,S0030,2026-03-18,15.0,Female,Grade 10,International,Science,3.8,8.0,3.1,89.0,66.0,Notebook / Notes,No,Yes,Medium,High,100.0,100.0,Excellent,Consistent effort
R3295,S0424,2026-03-24,16.0,Male,Grade 11,Private,Math,0.0,8.4,1.8,94.0,76.0,Self Study,No,No,Medium,Low,73.0,79.0,Good,Needs better time management
R0197,S0325,2026-03-02,16.0,Male,Grade 11,Private,Science,1.7,5.8,4.2,96.0,92.0,Self Study,No,Yes,High,Low,73.0,69.0,Pass,Improved this term
R1804,S0554,2026-03-18,16.0,Male,Grade 11,Private,English,2.6,7.7,6.1,79.0,67.0,Group Study,No,Yes,Medium,Medium,66.0,70.0,Pass,Often distracted
R1177,S0346,2026-03-11,13.0,Female,Grade 8,Public,History,6.3,6.1,5.4,86.0,84.0,Group Study,Yes,Yes,High,Low,100.0,100.0,Excellent,Excellent focus
R3106,S0055,2026-04-07,13.0,Female,Grade 8,Private,History,5.2,5.4,4.7,87.0,36.0,Private Tutor,Yes,Yes,Medium,High,81.0,89.0,Good,Strong participation
R2991,S0599,2026-04-13,15.0,Male,Grade 11,Private,History,3.6,5.4,4.2,80.0,57.0,Self Study,No,Yes,High,High,72.0,81.0,Good,No Comment
R1930,S0387,2026-02-13,14.0,Female,Grade 9,Private,Computer Science,2.0,6.5,4.2,88.0,76.0,Self Study,Yes,Yes,Low,Low,78.0,87.0,Good,Good analytical thinking
R1357,S0733,2026-02-23,14.0,Female,Grade 9,Public,English,3.5,7.6,0.5,88.0,85.0,Online Videos,No,Yes,High,Medium,89.0,90.0,Excellent,Consistent effort
R1058,S0416,2026-03-18,15.0,Male,Grade 10,Public,English,1.6,8.3,2.7,89.0,65.0,Self Study,No,Yes,Low,High,69.0,78.0,Good,Needs better time management
R1364,S0739,2026-03-03,16.0,Male,Grade 11,Private,Science,2.4,9.1,4.6,87.0,59.0,Private Tutor,No,Yes,Low,High,87.0,86.0,Good,No Comment
R2824,S0323,2026-04-13,15.0,Male,Grade 9,Private,Math,4.1,7.8,2.6,86.0,100.0,Private Tutor,Yes,Yes,Medium,Medium,92.0,100.0,Excellent,No Comment
R0887,S0386,2026-02-08,14.0,Male,Grade 9,Public,Math,1.5,7.6,5.6,69.0,76.0,Online Videos,Yes,Yes,High,High,80.0,87.0,Good,Needs better time management
R2838,S0368,2026-04-30,14.0,Female,Grade 9,Private,English,2.9,6.6,4.6,82.0,99.0,Online Videos,No,Yes,Medium,High,91.0,93.0,Excellent,Needs better time management
R2832,S0666,2026-04-14,13.0,Male,Grade 8,Private,Math,1.5,7.4,6.1,85.0,64.0,Online Videos,No,Yes,Medium,Medium,73.0,67.0,Pass,Homework quality varies
R3454,S0262,2026-03-20,13.0,Male,Grade 12,Private,Computer Science,4.0,8.4,4.4,96.0,85.0,Self Study,Yes,Yes,Low,Low,94.0,91.0,Excellent,Needs better time management
R3173,S0228,2026-04-16,16.0,Female,Grade 11,Public,Science,3.2,7.7,5.3,87.0,86.0,Self Study,Yes,Yes,Low,Medium,92.0,89.0,Good,Strong participation
R0147,S0154,2026-04-06,13.0,Male,Grade 8,Private,Math,4.2,7.6,7.0,85.0,95.0,Notebook / Notes,No,Yes,Medium,Low,79.0,89.0,Good,Needs better time management
R3243,S0043,2026-02-23,16.0,Female,Grade 11,Public,Science,0.0,7.0,2.1,82.0,83.0,Online Videos,Yes,Yes,High,High,80.0,85.0,Excellent,Good analytical thinking
R0505,S0425,2026-03-26,15.0,Female,Grade 10,Public,English,2.3,6.4,6.1,70.0,90.0,Notebook / Notes,No,Yes,High,Low,90.0,92.0,Needs Improvement,Needs better time management
R0540,S0355,2026-03-05,15.0,Male,Grade 10,Public,History,3.2,6.5,6.1,85.0,84.0,Self Study,Yes,Yes,Medium,Medium,97.0,91.0,Excellent,Absent during some activities
R1870,S0404,2026-04-23,17.0,Female,Grade 12,Private,Science,2.1,6.5,3.2,91.0,74.0,Group Study,No,Yes,Medium,High,100.0,95.0,Excellent,Needs revision plan
R3154,S0195,2026-04-03,14.0,Female,Grade 9,Private,English,2.6,7.2,5.4,93.0,65.0,Group Study,No,Yes,Medium,Medium,97.0,100.0,Excellent,Needs revision plan
R0076,S0272,2026-02-18,15.0,Female,Grade 9,International,History,3.1,7.2,3.9,93.0,53.0,Self Study,Yes,Yes,Medium,High,99.0,99.0,Excellent,Absent during some activities
R2640,S0344,2026-04-01,17.0,Female,Grade 12,Public,Science,3.9,6.9,6.7,77.0,79.0,Self Study,No,Yes,Medium,Low,97.0,95.0,Excellent,Absent during some activities
R0412,S0412,2026-04-23,17.0,Female,Grade 12,Public,Computer Science,3.2,7.5,5.3,88.0,68.0,Online Videos,No,Yes,Medium,Low,82.0,94.0,Excellent,No Comment
R3884,S0616,2026-02-15,17.0,Male,Grade 12,Private,Math,2.2,6.1,4.6,76.0,91.0,Notebook / Notes,No,Yes,High,High,73.0,88.0,Good,Needs better time management
R3322,S0058,2026-04-30,16.0,Female,Grade 11,Private,History,2.8,5.8,5.5,90.0,35.0,Self Study,Yes,Yes,Low,Low,81.0,79.0,Good,Needs better time management
R0877,S0472,2026-03-02,17.0,Female,Grade 12,Public,English,1.3,7.9,3.3,100.0,73.0,Online Videos,No,Yes,Medium,High,100.0,91.0,Excellent,Needs better time management
R0745,S0697,2026-04-15,14.0,Female,Grade 9,Private,Math,4.6,6.6,2.8,79.0,65.0,Notebook / Notes,No,Yes,High,Low,71.0,92.0,Good,Absent during some activities
R1195,S0364,2026-04-01,14.0,Male,Grade 9,International,History,3.2,6.8,0.5,93.0,87.0,Online Videos,Yes,No,Low,Low,96.0,100.0,Excellent,Excellent focus
R2269,S0647,2026-03-16,17.0,Female,Grade 12,Private,History,5.0,7.2,3.3,98.0,72.0,Self Study,No,Yes,High,High,100.0,100.0,Excellent,Absent during some activities
R2064,S0275,2026-03-02,13.0,Female,Grade 8,Public,Science,2.4,7.6,4.3,99.0,76.0,Self Study,No,Yes,Medium,High,75.0,80.0,Good,Consistent effort
R1359,S0539,2026-04-17,17.0,Female,Grade 12,International,Computer Science,5.9,6.2,3.7,76.0,67.0,Online Videos,No,Yes,Low,Low,99.0,93.0,Excellent,Absent during some activities
R2841,S0337,2026-03-28,16.0,Female,Grade 11,Public,Math,6.1,6.0,4.8,93.0,75.0,Self Study,Yes,Yes,Low,High,94.0,100.0,Excellent,Consistent effort
R0559,S0407,2026-04-21,13.0,Female,Grade 8,Private,Computer Science,4.0,5.4,6.2,87.0,56.0,Group Study,Yes,Yes,Medium,High,67.0,84.0,Good,Excellent focus
R0983,S0666,2026-03-19,13.0,Male,Grade 8,Private,Computer Science,3.2,7.5,4.7,100.0,98.0,Self Study,Yes,Yes,Medium,Medium,100.0,95.0,Excellent,No Comment
R3260,S0750,2026-04-03,17.0,Male,Grade 12,Public,Computer Science,3.2,5.9,3.8,86.0,60.0,Notebook / Notes,No,Yes,Medium,High,97.0,85.0,Good,Good analytical thinking
R2554,S0305,2026-04-25,15.0,Female,Grade 10,Public,History,3.1,7.5,6.2,95.0,74.0,Group Study,No,Yes,Medium,High,82.0,82.0,Good,Homework quality varies
R1710,S0601,2026-04-12,16.0,Female,Grade 11,Public,English,1.0,8.9,3.2,91.0,66.0,Group Study,No,Yes,Low,Medium,64.0,64.0,Pass,No Comment
R1518,S0394,2026-02-17,14.0,Male,Grade 9,Public,Math,4.7,6.5,3.0,87.0,76.0,Private Tutor,Yes,Yes,Medium,Low,75.0,94.0,Excellent,No Comment
R0422,S0085,2026-03-21,14.0,Female,Grade 12,International,Computer Science,5.6,5.2,6.8,99.0,95.0,Private Tutor,No,No,High,Low,100.0,95.0,Excellent,Needs revision plan
R0920,S0166,2026-03-26,14.0,Female,Grade 9,Public,Math,3.7,7.6,5.8,96.0,85.0,Private Tutor,No,Yes,Low,Medium,100.0,100.0,Excellent,No Comment
R0746,S0222,2026-03-13,17.0,Female,Grade 12,International,Computer Science,2.9,5.8,3.1,100.0,64.0,Self Study,Yes,Yes,Medium,Medium,90.0,100.0,Excellent,Homework quality varies
R0305,S0735,2026-02-09,17.0,Female,Grade 12,International,Science,5.7,7.2,5.6,86.0,74.0,Self Study,Yes,Yes,High,Low,83.0,94.0,Excellent,Often distracted
R2654,S0281,2026-02-13,14.0,Male,Grade 9,Public,English,1.0,8.6,3.9,84.0,78.0,Notebook / Notes,Yes,Yes,High,Medium,84.0,87.0,Good,No Comment
R0593,S0362,2026-03-21,17.0,Female,Grade 12,International,History,2.3,7.4,4.2,71.0,98.0,Self Study,No,Yes,Medium,Low,86.0,92.0,Excellent,No Comment
R3818,S0394,2026-04-15,15.0,Male,Grade 10,Private,Computer Science,2.6,6.1,4.2,87.0,92.0,Self Study,No,Yes,Low,High,100.0,91.0,Excellent,Excellent focus
R2389,S0141,2026-03-15,15.0,Female,Grade 12,Public,History,4.4,5.4,1.4,92.0,76.0,Private Tutor,No,Yes,Low,Low,98.0,100.0,Excellent,Needs revision plan
R2267,S0499,2026-02-21,15.0,Female,Grade 10,International,Science,2.5,5.2,3.9,93.0,67.0,Private Tutor,No,Yes,Medium,High,86.0,89.0,Good,Needs better time management
R2364,S0569,2026-03-16,13.0,Female,Grade 8,Private,Science,4.4,8.0,6.0,93.0,96.0,Online Videos,Yes,Yes,Medium,High,95.0,100.0,Excellent,Needs better time management
R3855,S0478,2026-03-01,14.0,Female,Grade 9,Public,Math,2.3,8.0,2.9,100.0,55.0,Self Study,No,Yes,High,Low,75.0,78.0,Good,No Comment
R0206,S0117,2026-03-04,15.0,Male,Grade 10,Private,Computer Science,4.4,7.2,2.8,92.0,76.0,Group Study,No,Yes,Low,Medium,80.0,78.0,Good,Improved this term
R2819,S0491,2026-02-12,14.0,Female,Grade 9,Public,English,3.6,7.4,4.1,82.0,79.0,Group Study,No,Yes,Medium,Medium,82.0,95.0,Excellent,Absent during some activities
R2317,S0504,2026-03-21,16.0,Male,Grade 11,Public,Math,3.2,8.1,5.6,85.0,72.0,Online Videos,No,Yes,Medium,High,85.0,88.0,Good,Consistent effort
R2610,S0672,2026-04-07,17.0,Female,Grade 12,Private,Computer Science,4.5,9.6,2.5,75.0,87.0,Self Study,Yes,Yes,Medium,Medium,100.0,100.0,Excellent,Often distracted
R2078,S0563,2026-02-25,14.0,Female,Grade 11,Private,Math,2.8,6.8,5.6,79.0,99.0,Notebook / Notes,No,Yes,Medium,High,77.0,82.0,Good,No Comment
R1777,S0483,2026-03-25,16.0,Male,Grade 11,International,English,3.6,7.9,4.9,86.0,54.0,Online Videos,No,Yes,Medium,Medium,91.0,100.0,Excellent,No Comment
R2647,S0566,2026-03-03,15.0,Female,Grade 10,Public,Computer Science,1.5,6.1,4.5,100.0,97.0,Self Study,No,Yes,Medium,Medium,77.0,73.0,Pass,No Comment
R3296,S0335,2026-02-04,16.0,Male,Grade 11,Private,Science,1.0,6.8,3.3,92.0,55.0,Online Videos,Yes,Yes,Medium,High,89.0,95.0,Excellent,Needs better time management
R3593,S0392,2026-03-19,15.0,Male,Grade 10,Public,Computer Science,3.3,7.1,2.9,83.0,76.0,Self Study,Yes,No,Medium,High,100.0,100.0,Excellent,Often distracted
R3687,S0735,2026-03-01,17.0,Female,Grade 12,Private,Computer Science,4.5,8.2,4.2,82.0,97.0,Private Tutor,No,Yes,Medium,Low,100.0,100.0,Excellent,No Comment
R1428,S0011,2026-02-11,16.0,Male,Grade 11,Public,History,2.3,8.9,5.3,90.0,94.0,Online Videos,No,No,High,Medium,90.0,91.0,Excellent,Consistent effort
R3853,S0310,2026-03-06,16.0,Male,Grade 11,International,English,2.2,7.5,2.1,88.0,79.0,Online Videos,Yes,No,Medium,High,95.0,99.0,Excellent,Absent during some activities
R1316,S0603,2026-03-11,15.0,Male,Grade 10,Private,Math,0.7,6.7,1.5,83.0,69.0,Notebook / Notes,No,Yes,Low,Medium,77.0,85.0,Good,Consistent effort
R2320,S0025,2026-03-26,13.0,Female,Grade 8,Private,Computer Science,2.0,7.6,4.2,94.0,60.0,Self Study,Yes,Yes,Low,High,88.0,92.0,Excellent,Homework quality varies
R2399,S0466,2026-03-03,17.0,Female,Grade 12,Private,English,3.2,6.0,7.8,90.0,92.0,Group Study,No,No,Low,High,83.0,92.0,Excellent,Homework quality varies
R0005,S0542,2026-04-25,13.0,Female,Grade 8,International,English,3.2,7.1,5.3,90.0,76.0,Group Study,No,Yes,Medium,Low,100.0,100.0,Excellent,Consistent effort
R3358,S0550,2026-04-12,17.0,Female,Grade 11,Public,Math,2.3,7.2,4.5,91.0,55.0,Online Videos,No,Yes,Low,Low,84.0,88.0,Good,Excellent focus
R2366,S0553,2026-04-25,13.0,Male,Grade 8,International,History,2.5,5.9,5.3,98.0,64.0,Self Study,Yes,Yes,Low,Medium,75.0,84.0,Good,Needs revision plan
R3647,S0032,2026-03-18,15.0,Female,Grade 10,Public,Math,2.7,8.3,5.8,85.0,62.0,Group Study,No,Yes,Medium,High,92.0,93.0,Excellent,Needs better time management
R3819,S0471,2026-04-06,13.0,Male,Grade 8,Private,History,3.1,6.6,5.7,88.0,73.0,Group Study,Yes,Yes,Low,High,100.0,92.0,Excellent,Needs revision plan
R2855,S0603,2026-03-18,15.0,Male,Grade 10,Public,Computer Science,2.0,7.3,5.1,81.0,92.0,Group Study,No,No,Medium,Medium,75.0,78.0,Good,Consistent effort
R3334,S0152,2026-02-13,13.0,Male,Grade 12,International,English,3.8,5.8,6.1,87.0,89.0,Group Study,No,Yes,Medium,Medium,75.0,85.0,Good,No Comment
R2227,S0600,2026-09-04,17.0,Male,Grade 12,Public,Computer Science,1.3,6.1,7.1,77.0,71.0,Private Tutor,No,Yes,High,Medium,95.0,77.0,Good,Absent during some activities
R2831,S0022,2026-04-05,13.0,Female,Grade 9,International,History,2.0,6.9,4.6,86.0,50.0,Group Study,No,Yes,Medium,High,71.0,76.0,Good,Strong participation
R3175,S0734,2026-02-22,14.0,Male,Grade 9,Public,English,3.2,6.7,2.9,79.0,76.0,Self Study,Yes,Yes,Medium,Low,89.0,91.0,Excellent,Excellent focus
R3312,S0052,2026-04-19,15.0,Male,Grade 10,Private,Computer Science,2.1,6.0,0.5,78.0,83.0,Self Study,Yes,Yes,High,Medium,74.0,84.0,Good,Often distracted
R3406,S0414,2026-03-24,16.0,Female,Grade 11,International,Math,5.7,7.1,1.1,94.0,74.0,Online Videos,No,Yes,High,Medium,98.0,100.0,Excellent,No Comment
R1379,S0160,2026-02-06,16.0,Male,Grade 11,Public,Computer Science,3.4,7.5,3.1,83.0,100.0,Self Study,Yes,Yes,Low,High,100.0,100.0,Excellent,No Comment
R0026,S0328,2026-04-29,15.0,Female,Grade 10,International,Computer Science,5.1,6.9,3.1,77.0,59.0,Online Videos,No,Yes,Low,Low,100.0,100.0,Excellent,Consistent effort
R0730,S0656,2026-02-14,16.0,Male,Grade 11,Private,Math,3.7,7.2,6.0,85.0,93.0,Group Study,No,Yes,Medium,Low,91.0,100.0,Excellent,Strong participation
R3852,S0125,2026-04-03,15.0,Male,Grade 10,Private,History,2.0,6.8,4.9,100.0,79.0,Online Videos,Yes,Yes,Low,Low,89.0,85.0,Good,Homework quality varies
R0933,S0383,2026-02-18,17.0,Female,Grade 12,Public,English,3.4,5.2,4.6,87.0,76.0,Self Study,No,Yes,Medium,Medium,100.0,91.0,Excellent,Often distracted
R3612,S0304,2026-04-19,16.0,Female,Grade 11,Private,Math,6.0,5.2,6.2,82.0,80.0,Private Tutor,No,Yes,Medium,Medium,91.0,100.0,Excellent,Needs revision plan
R1083,S0558,2026-04-28,14.0,Female,Grade 9,Public,History,2.7,6.0,6.6,86.0,79.0,Self Study,No,Yes,Low,Medium,79.0,77.0,Good,Consistent effort
R2028,S0620,2026-03-28,14.0,Female,Grade 9,Public,History,1.4,6.9,4.8,94.0,46.0,Group Study,No,Yes,High,Low,90.0,73.0,Pass,Often distracted
R1960,S0747,2026-03-26,16.0,Male,Grade 11,Public,History,2.5,7.1,4.6,100.0,90.0,Online Videos,No,Yes,Medium,Medium,100.0,99.0,Excellent,Strong participation
R2178,S0089,2026-04-30,14.0,Male,Grade 9,International,Science,1.3,5.6,4.2,99.0,91.0,Self Study,Yes,Yes,Medium,Medium,76.0,78.0,Excellent,Absent during some activities
R3325,S0604,2026-04-26,16.0,Male,Grade 11,Private,History,4.6,8.0,1.0,82.0,88.0,Private Tutor,No,Yes,Low,High,98.0,100.0,Excellent,Good analytical thinking
R0017,S0455,2026-02-28,14.0,Female,Grade 9,Private,Math,2.2,7.8,6.7,83.0,54.0,Group Study,No,No,Medium,High,82.0,78.0,Good,Often distracted
R3269,S0495,2026-02-06,15.0,Male,Grade 10,Private,History,6.4,6.3,3.3,93.0,68.0,Self Study,No,Yes,Low,Medium,99.0,92.0,Excellent,Needs revision plan
R0284,S0707,2026-03-22,14.0,Male,Grade 8,Public,English,2.7,7.4,3.0,100.0,91.0,Online Videos,No,Yes,Medium,Medium,87.0,97.0,Excellent,Absent during some activities
R1976,S0324,2026-04-28,13.0,Male,Grade 8,Public,Computer Science,2.6,7.2,5.9,94.0,73.0,Online Videos,No,Yes,Low,Medium,81.0,83.0,Good,Improved this term
R1802,S0320,2026-03-23,15.0,Male,Grade 10,Private,English,0.2,8.8,2.0,84.0,100.0,Notebook / Notes,No,Yes,Medium,Medium,78.0,80.0,Good,Absent during some activities
R1065,S0191,2026-03-09,17.0,Female,Grade 12,Private,Computer Science,3.9,5.4,5.4,99.0,93.0,Private Tutor,No,Yes,Medium,Medium,81.0,100.0,Excellent,No Comment
R1627,S0256,2026-04-18,17.0,Female,Grade 12,International,Computer Science,3.2,7.2,0.5,89.0,100.0,Online Videos,No,Yes,Medium,Low,100.0,100.0,Excellent,No Comment
R3637,S0326,2026-04-21,14.0,Female,Grade 9,Private,Computer Science,2.5,7.2,6.6,100.0,82.0,Group Study,No,Yes,Medium,High,89.0,95.0,Excellent,Excellent focus
R3571,S0056,2026-04-03,16.0,Female,Grade 11,Private,Computer Science,4.4,7.0,2.2,88.0,84.0,Self Study,No,Yes,Medium,Low,86.0,100.0,Excellent,Homework quality varies
R0954,S0107,2026-04-12,15.0,Female,Grade 10,International,Math,4.7,5.4,5.0,93.0,62.0,Self Study,No,Yes,Low,Medium,86.0,91.0,Excellent,No Comment
R1921,S0698,2026-02-17,17.0,Male,Grade 12,Public,Math,4.2,7.2,4.1,95.0,64.0,Notebook / Notes,Yes,Yes,Low,Medium,100.0,100.0,Excellent,Needs better time management
R0656,S0711,2026-02-26,16.0,Female,Grade 11,International,English,2.2,6.7,2.4,76.0,72.0,Notebook / Notes,No,Yes,Medium,Medium,74.0,82.0,Good,Absent during some activities
R2350,S0521,2026-02-06,15.0,Male,Grade 10,Public,Science,4.8,7.5,5.9,85.0,44.0,Self Study,No,Yes,Low,Low,84.0,88.0,Good,Improved this term
R1006,S0395,2026-02-12,15.0,Male,Grade 10,Private,Math,4.4,7.2,2.4,87.0,86.0,Notebook / Notes,No,Yes,Low,High,100.0,100.0,Excellent,Excellent focus
R3452,S0228,2026-04-07,14.0,Male,Grade 9,Public,Math,1.4,7.9,5.3,91.0,92.0,Notebook / Notes,Yes,Yes,High,Low,72.0,71.0,Pass,Excellent focus
R2909,S0318,2026-04-07,15.0,Male,Grade 11,Private,Computer Science,2.7,5.2,4.7,85.0,100.0,Group Study,No,Yes,Medium,Medium,92.0,92.0,Good,Needs better time management
R0640,S0389,2026-03-28,13.0,Female,Grade 8,Private,Science,1.9,5.7,6.1,82.0,97.0,Online Videos,No,Yes,Low,Low,72.0,80.0,Good,Good analytical thinking
R1127,S0071,2026-02-03,16.0,Female,Grade 11,International,Math,3.2,9.1,3.5,87.0,69.0,Self Study,Yes,No,High,Low,97.0,99.0,Excellent,Absent during some activities
R0080,S0657,2026-04-09,17.0,Male,Grade 12,Public,Science,1.9,6.6,5.9,87.0,93.0,Private Tutor,Yes,Yes,Medium,Medium,90.0,78.0,Good,Improved this term
R1439,S0620,2026-02-05,14.0,Male,Grade 9,Public,Computer Science,0.0,8.1,3.1,87.0,61.0,Notebook / Notes,No,No,Low,Medium,71.0,92.0,Good,Good analytical thinking
R2635,S0289,2026-04-14,13.0,Female,Grade 8,Public,History,2.4,6.8,4.2,95.0,73.0,Self Study,No,Yes,High,Medium,89.0,89.0,Good,Consistent effort
R3350,S0699,2026-04-05,15.0,Male,Grade 10,Public,History,3.2,8.7,4.1,96.0,66.0,Self Study,No,Yes,Medium,Medium,88.0,99.0,Excellent,Excellent focus
R3256,S0562,2026-03-09,13.0,Female,Grade 8,Public,Science,2.3,7.2,5.5,100.0,46.0,Self Study,No,Yes,Low,High,88.0,91.0,Excellent,Excellent focus
R3826,S0422,2026-04-12,17.0,Male,Grade 12,Private,Math,4.9,7.4,1.4,83.0,59.0,Group Study,No,Yes,Medium,Low,97.0,100.0,Excellent,No Comment
R0718,S0673,2026-03-05,17.0,Male,Grade 12,Public,Science,2.9,6.7,5.9,74.0,72.0,Private Tutor,No,Yes,High,Medium,94.0,92.0,Excellent,Good analytical thinking
R3162,S0740,2026-04-22,16.0,Female,Grade 11,Public,English,2.5,8.7,7.1,77.0,61.0,Group Study,No,Yes,Low,Medium,80.0,71.0,Pass,Often distracted
R0669,S0570,2026-02-24,17.0,Male,Grade 12,Private,Math,4.3,6.4,4.4,86.0,71.0,Self Study,No,No,High,Medium,83.0,88.0,Good,No Comment
R0467,S0617,2026-04-11,16.0,Male,Grade 11,Public,Computer Science,2.2,9.7,0.5,85.0,76.0,Self Study,No,Yes,Low,Low,100.0,100.0,Excellent,Consistent effort
R2685,S0650,2026-04-14,15.0,Male,Grade 10,Private,Science,0.1,4.6,5.6,94.0,53.0,Group Study,Yes,Yes,Low,High,60.0,67.0,Pass,Strong participation
R1528,S0337,2026-04-05,15.0,Female,Grade 10,Public,Science,3.6,5.2,4.2,95.0,82.0,Group Study,No,Yes,Medium,High,91.0,100.0,Excellent,Absent during some activities
R2911,S0145,2026-03-16,17.0,Male,Grade 12,Private,Science,2.7,7.2,7.1,99.0,72.0,Private Tutor,No,Yes,Low,Medium,90.0,85.0,Good,Absent during some activities
R1577,S0739,2026-03-07,15.0,Female,Grade 10,Public,English,2.5,7.7,1.1,78.0,100.0,Self Study,No,No,Low,Medium,98.0,100.0,Excellent,Homework quality varies
R2724,S0261,2026-02-11,15.0,Female,Grade 12,Public,Math,0.8,8.3,6.9,71.0,42.0,Online Videos,No,No,Medium,Medium,61.0,92.0,Pass,No Comment
R2994,S0685,2026-02-26,16.0,Female,Grade 11,Private,Science,2.7,7.3,4.2,75.0,75.0,Online Videos,Yes,No,Low,High,99.0,100.0,Excellent,Needs revision plan
R0613,S0113,2026-03-15,15.0,Female,Grade 9,Public,English,3.6,7.3,3.3,85.0,76.0,Self Study,Yes,Yes,Medium,Medium,91.0,100.0,Excellent,Consistent effort
R2523,S0321,2026-03-16,17.0,Male,Grade 12,Private,English,5.7,7.2,3.1,100.0,61.0,Notebook / Notes,No,No,Medium,High,99.0,100.0,Excellent,No Comment
R0906,S0312,2026-02-03,16.0,Female,Grade 11,Public,English,0.6,7.7,4.9,74.0,100.0,Self Study,Yes,Yes,Medium,Medium,92.0,83.0,Good,Strong participation
R0551,S0257,2026-03-18,14.0,Male,Grade 9,Private,Math,0.9,7.2,5.6,90.0,47.0,Self Study,Yes,Yes,Medium,Medium,90.0,81.0,Good,Consistent effort
R3636,S0705,2026-03-14,13.0,Male,Grade 8,Public,Math,3.6,7.1,5.1,87.0,80.0,Self Study,No,Yes,Medium,High,64.0,76.0,Good,Consistent effort
R0470,S0155,2026-02-15,16.0,Male,Grade 11,Private,Science,5.8,7.5,7.0,78.0,58.0,Self Study,No,Yes,Medium,Low,100.0,95.0,Excellent,No Comment
R3280,S0585,2026-02-10,15.0,Female,Grade 10,Private,Science,1.9,7.4,4.0,82.0,89.0,Notebook / Notes,No,Yes,Low,Low,86.0,97.0,Excellent,Excellent focus
R1515,S0666,2026-03-18,15.0,Female,Grade 10,Public,Computer Science,4.7,7.2,4.9,90.0,44.0,Private Tutor,Yes,Yes,Medium,Medium,100.0,98.0,Excellent,Absent during some activities
R2754,S0614,2026-02-03,14.0,Male,Grade 9,Private,Math,1.7,7.5,3.8,99.0,66.0,Private Tutor,No,Yes,High,High,81.0,69.0,Pass,Needs revision plan
R3885,S0596,2026-02-02,15.0,Female,Grade 10,Public,Math,3.7,7.1,4.0,95.0,69.0,Online Videos,Yes,Yes,Medium,Medium,94.0,94.0,Excellent,Needs better time management
R2312,S0190,2026-04-04,16.0,Male,Grade 11,Public,Science,2.4,7.1,5.6,92.0,61.0,Self Study,No,Yes,Low,Medium,67.0,66.0,Pass,Excellent focus
R1443,S0471,2026-03-30,16.0,Male,Grade 11,International,Math,3.1,6.2,3.1,97.0,54.0,Self Study,No,Yes,Low,Medium,90.0,100.0,Excellent,Excellent focus
R1299,S0470,2026-04-26,14.0,Male,Grade 9,International,English,5.0,9.2,0.9,73.0,71.0,Self Study,No,Yes,Medium,Low,100.0,92.0,Excellent,No Comment
R1204,S0581,2026-03-09,16.0,Female,Grade 11,Public,English,2.1,7.4,4.8,78.0,92.0,Notebook / Notes,No,No,High,High,94.0,88.0,Good,Strong participation
R1046,S0616,2026-03-02,17.0,Female,Grade 12,International,Math,4.1,7.7,5.8,82.0,85.0,Online Videos,No,Yes,Medium,Medium,80.0,100.0,Excellent,Improved this term
R3242,S0654,2026-08-04,17.0,Female,Grade 12,Public,Science,4.7,8.6,4.5,83.0,79.0,Self Study,No,Yes,Medium,High,93.0,97.0,Excellent,No Comment
R3817,S0555,2026-04-25,17.0,Female,Grade 12,Private,History,0.7,5.0,1.3,81.0,69.0,Group Study,No,Yes,Low,Low,84.0,90.0,Excellent,Needs better time management
R1338,S0407,2026-03-19,13.0,Male,Grade 8,Public,Computer Science,3.9,5.7,6.8,87.0,100.0,Group Study,No,Yes,High,Low,88.0,89.0,Good,Absent during some activities
R3072,S0142,2026-04-29,14.0,Female,Grade 9,Private,History,2.4,6.2,3.7,79.0,59.0,Group Study,No,Yes,High,Low,86.0,75.0,Good,No Comment
R3767,S0560,2026-02-11,13.0,Male,Grade 8,Public,Computer Science,3.9,7.3,2.2,83.0,79.0,Self Study,No,Yes,Medium,Low,66.0,85.0,Good,No Comment
R0670,S0668,2026-02-07,17.0,Female,Grade 12,Public,Science,2.2,7.2,4.9,90.0,98.0,Notebook / Notes,No,Yes,Low,High,100.0,100.0,Excellent,Homework quality varies
R1152,S0090,2026-02-20,15.0,Female,Grade 10,Private,English,2.1,7.8,5.0,97.0,76.0,Online Videos,Yes,Yes,Low,Medium,97.0,100.0,Excellent,Homework quality varies
R0174,S0561,2026-02-18,13.0,Female,Grade 8,Private,History,3.4,7.6,4.6,97.0,78.0,Online Videos,Yes,Yes,High,Low,92.0,100.0,Excellent,Excellent focus
R2007,S0594,2026-02-20,16.0,Female,Grade 11,Private,Math,3.2,7.7,3.5,83.0,100.0,Online Videos,No,No,Medium,High,91.0,100.0,Excellent,Strong participation
R3498,S0018,2026-02-18,16.0,Female,Grade 11,Private,History,5.1,5.6,6.8,90.0,98.0,Notebook / Notes,No,Yes,High,High,94.0,89.0,Good,No Comment
R3071,S0496,2026-04-01,15.0,Female,Grade 10,Private,English,2.2,8.9,7.9,88.0,65.0,Online Videos,No,Yes,Low,High,71.0,72.0,Pass,Excellent focus
R1080,S0373,2026-04-21,13.0,Male,Grade 10,International,Science,3.2,8.2,3.5,78.0,95.0,Online Videos,No,Yes,Medium,High,64.0,74.0,Pass,Improved this term
R0031,S0480,2026-04-06,13.0,Female,Grade 11,Public,Math,3.4,6.4,4.2,70.0,75.0,Notebook / Notes,Yes,Yes,High,Medium,70.0,89.0,Good,Needs revision plan
R2794,S0575,2026-04-24,17.0,Male,Grade 12,Public,English,1.8,7.2,6.8,79.0,91.0,Notebook / Notes,Yes,Yes,Low,Medium,94.0,92.0,Excellent,No Comment
R3712,S0397,2026-04-01,13.0,Male,Grade 8,Public,English,2.7,5.3,3.9,88.0,62.0,Group Study,No,Yes,High,Medium,76.0,80.0,Good,Needs better time management
R3638,S0254,2026-04-29,14.0,Female,Grade 9,Public,Computer Science,5.2,6.1,3.1,81.0,75.0,Self Study,No,Yes,High,High,100.0,100.0,Excellent,Consistent effort
R3364,S0145,2026-04-09,14.0,Female,Grade 11,Public,English,4.4,7.2,3.2,82.0,53.0,Self Study,No,Yes,Medium,Medium,100.0,96.0,Excellent,Improved this term
R1944,S0316,2026-04-11,14.0,Male,Grade 9,Public,History,4.1,5.1,4.2,87.0,98.0,Online Videos,Yes,Yes,High,High,100.0,100.0,Excellent,No Comment
R2786,S0234,2026-02-14,15.0,Female,Grade 8,Private,Computer Science,3.0,9.1,4.2,80.0,68.0,Group Study,Yes,Yes,Medium,Medium,100.0,100.0,Excellent,Homework quality varies
R0908,S0459,2026-04-27,15.0,Male,Grade 10,International,Science,3.8,7.3,2.2,82.0,75.0,Self Study,Yes,Yes,Low,Medium,78.0,87.0,Good,Consistent effort
R3657,S0664,2026-02-02,13.0,Male,Grade 8,International,History,5.1,6.0,3.6,81.0,76.0,Online Videos,No,Yes,Medium,Medium,100.0,100.0,Excellent,Improved this term
R1839,S0067,2026-03-09,15.0,Male,Grade 9,Public,Computer Science,4.2,7.7,6.1,86.0,87.0,Private Tutor,No,Yes,Medium,Medium,76.0,87.0,Good,Strong participation
R0340,S0316,2026-04-30,17.0,Male,Grade 12,Public,Computer Science,2.8,8.2,0.7,98.0,84.0,Group Study,No,Yes,Low,High,100.0,100.0,Excellent,Needs revision plan
R2438,S0499,2026-04-08,15.0,Female,Grade 10,Private,Math,4.7,7.2,4.9,87.0,90.0,Private Tutor,No,Yes,Low,High,100.0,100.0,Excellent,Consistent effort
R1514,S0464,2026-02-26,14.0,Male,Grade 9,Public,English,1.3,5.7,5.7,88.0,100.0,Self Study,No,Yes,Medium,Medium,84.0,85.0,Good,No Comment
R0170,S0089,2026-03-06,15.0,Female,Grade 10,International,Science,2.1,8.4,3.4,86.0,56.0,Self Study,No,Yes,Low,High,86.0,95.0,Excellent,Needs better time management
R3728,S0151,2026-04-09,15.0,Male,Grade 10,International,Science,4.9,8.3,4.3,100.0,68.0,Group Study,No,Yes,Medium,Low,85.0,92.0,Excellent,No Comment
R0117,S0265,2026-03-14,17.0,Female,Grade 12,Public,English,3.8,7.7,5.4,91.0,67.0,Group Study,No,Yes,Low,Low,87.0,94.0,Excellent,Consistent effort
R3273,S0748,2026-02-11,17.0,Female,Grade 9,Private,English,2.3,5.3,5.8,87.0,80.0,Private Tutor,No,Yes,Low,High,65.0,80.0,Good,No Comment
R1810,S0144,2026-02-25,13.0,Male,Grade 8,Public,History,3.1,6.2,2.9,89.0,100.0,Online Videos,No,Yes,High,Low,100.0,90.0,Excellent,Homework quality varies
R1060,S0621,2026-03-22,15.0,Male,Grade 10,Private,Math,2.6,6.7,3.6,89.0,77.0,Self Study,No,Yes,Medium,Medium,87.0,87.0,Good,Good analytical thinking
R1504,S0666,2026-03-09,16.0,Female,Grade 11,International,Science,4.2,6.4,6.2,88.0,65.0,Online Videos,Yes,Yes,Medium,Low,85.0,91.0,Excellent,Consistent effort
R3176,S0243,2026-03-11,13.0,Female,Grade 8,Public,Computer Science,4.0,7.9,5.2,90.0,100.0,Group Study,Yes,Yes,High,High,100.0,100.0,Excellent,Needs better time management
R0112,S0708,2026-03-09,17.0,Male,Grade 11,Public,Computer Science,2.4,7.7,5.2,82.0,34.0,Self Study,No,Yes,Medium,High,71.0,88.0,Good,Needs better time management
R0144,S0504,2026-02-15,13.0,Male,Grade 8,Public,Math,2.4,7.4,3.4,89.0,74.0,Private Tutor,No,Yes,Medium,Medium,87.0,94.0,Excellent,Needs better time management
R0100,S0617,2026-02-16,13.0,Female,Grade 8,Private,Math,1.3,6.0,4.2,88.0,80.0,Group Study,No,Yes,Medium,High,90.0,90.0,Excellent,Good analytical thinking
R2115,S0059,2026-04-12,13.0,Male,Grade 9,Public,English,1.8,7.1,1.7,83.0,56.0,Private Tutor,Yes,Yes,Low,Medium,80.0,81.0,Good,No Comment
R2965,S0614,2026-02-06,14.0,Male,Grade 9,Private,Math,3.2,7.0,3.8,90.0,100.0,Private Tutor,No,Yes,Low,Medium,72.0,73.0,Pass,Good analytical thinking
R1983,S0217,2026-02-08,17.0,Female,Grade 12,Public,English,5.4,7.2,1.9,82.0,92.0,Self Study,No,Yes,Low,Medium,91.0,92.0,Excellent,Needs revision plan
R2398,S0501,2026-04-09,16.0,Female,Grade 11,International,Science,2.8,6.3,0.5,83.0,83.0,Self Study,No,Yes,Medium,Medium,90.0,87.0,Good,Strong participation
R0605,S0659,2026-03-10,16.0,Female,Grade 11,International,History,3.4,8.0,4.2,91.0,57.0,Notebook / Notes,No,Yes,Low,High,98.0,100.0,Excellent,Excellent focus
R3686,S0400,2026-02-06,15.0,Female,Grade 10,Public,Math,0.2,5.1,2.8,82.0,77.0,Private Tutor,No,Yes,Medium,High,90.0,92.0,Needs Improvement,No Comment
R3300,S0355,2026-04-21,14.0,Male,Grade 9,Public,Science,3.6,5.4,4.2,87.0,41.0,Notebook / Notes,Yes,Yes,Medium,High,91.0,86.0,Good,Needs revision plan
R2996,S0402,2026-03-30,17.0,Female,Grade 11,Public,History,3.4,7.2,5.7,78.0,92.0,Online Videos,No,Yes,Low,High,94.0,89.0,Good,No Comment
R3060,S0380,2026-02-13,16.0,Male,Grade 11,Public,Computer Science,3.2,5.8,4.2,93.0,65.0,Self Study,Yes,Yes,Medium,High,91.0,99.0,Excellent,No Comment
R0561,S0030,2026-03-18,17.0,Male,Grade 12,Public,Math,2.8,7.8,5.1,78.0,75.0,Self Study,No,Yes,High,Low,94.0,76.0,Good,Needs better time management
R2423,S0387,2026-03-12,16.0,Male,Grade 11,Public,Science,2.4,5.9,2.6,87.0,89.0,Online Videos,No,Yes,High,Low,90.0,67.0,Pass,Absent during some activities
R2153,S0689,2026-02-13,15.0,Female,Grade 10,Public,Science,3.8,5.9,6.2,87.0,80.0,Notebook / Notes,No,Yes,High,High,91.0,92.0,Excellent,Excellent focus
R0437,S0702,2026-04-09,17.0,Male,Grade 12,Private,Math,3.2,6.6,4.2,94.0,93.0,Private Tutor,Yes,No,Medium,Low,72.0,84.0,Good,Absent during some activities
R0395,S0702,2026-03-25,14.0,Female,Grade 9,Private,Science,2.7,8.0,6.3,91.0,57.0,Online Videos,No,Yes,Medium,Medium,73.0,85.0,Good,Often distracted
R1247,S0053,2026-03-24,13.0,Female,Grade 8,Public,History,4.8,6.7,1.8,94.0,65.0,Group Study,Yes,Yes,Low,Medium,94.0,100.0,Excellent,Consistent effort
R2285,S0280,2026-02-16,17.0,Female,Grade 12,Private,Computer Science,2.4,5.8,1.2,85.0,77.0,Notebook / Notes,Yes,Yes,Low,Medium,95.0,92.0,Excellent,Excellent focus
R3860,S0239,2026-02-02,13.0,Male,Grade 8,Public,Computer Science,1.8,7.9,4.2,71.0,68.0,Self Study,No,Yes,Low,Low,92.0,92.0,Excellent,Strong participation
R2617,S0002,2026-02-05,15.0,Female,Grade 10,International,Math,3.2,6.5,3.9,69.0,56.0,Self Study,No,Yes,High,High,90.0,98.0,Excellent,Often distracted
R2978,S0178,2026-03-22,13.0,Female,Grade 12,Public,Math,1.3,7.1,0.5,88.0,31.0,Private Tutor,No,Yes,High,Low,62.0,64.0,Pass,Excellent focus
R2531,S0149,2026-03-25,13.0,Male,Grade 12,International,History,3.2,7.4,4.2,71.0,68.0,Self Study,Yes,Yes,High,Low,87.0,92.0,Good,No Comment
R1705,S0015,2026-04-23,14.0,Female,Grade 9,Private,Science,1.1,8.2,3.7,90.0,76.0,Self Study,Yes,Yes,High,Medium,94.0,95.0,Excellent,Excellent focus
R2253,S0004,2026-02-18,13.0,Male,Grade 8,Private,Math,2.5,6.0,2.9,87.0,86.0,Group Study,No,Yes,Medium,Medium,97.0,100.0,Excellent,Consistent effort
R1787,S0150,2026-04-10,14.0,Female,Grade 9,Public,Science,0.0,7.4,2.1,88.0,78.0,Private Tutor,No,Yes,High,High,90.0,68.0,Pass,Good analytical thinking
R1906,S0223,2026-03-27,14.0,Male,Grade 11,International,Science,3.7,8.0,5.7,93.0,88.0,Private Tutor,Yes,Yes,High,High,100.0,100.0,Excellent,No Comment
R0493,S0119,2026-02-17,15.0,Male,Grade 10,Public,English,2.0,6.8,2.5,84.0,95.0,Self Study,No,Yes,Medium,Medium,100.0,94.0,Excellent,No Comment
R1619,S0283,2026-04-03,16.0,Male,Grade 11,Public,Computer Science,1.0,8.8,4.8,89.0,71.0,Private Tutor,Yes,Yes,Low,High,67.0,88.0,Good,Strong participation
R1315,S0132,2026-03-27,17.0,Male,Grade 12,Private,History,3.3,7.4,1.7,75.0,81.0,Online Videos,Yes,Yes,Medium,Medium,93.0,93.0,Excellent,Good analytical thinking
R2394,S0135,2026-03-15,17.0,Male,Grade 12,Private,History,4.6,5.9,6.0,93.0,100.0,Self Study,No,No,Low,High,100.0,92.0,Excellent,No Comment
R0237,S0704,2026-03-11,14.0,Female,Grade 9,Public,History,4.0,7.3,4.7,82.0,74.0,Self Study,No,Yes,Low,High,97.0,100.0,Excellent,Often distracted
R3701,S0560,2026-03-07,13.0,Male,Grade 8,Public,English,5.8,7.3,2.8,86.0,92.0,Group Study,No,Yes,High,Medium,92.0,100.0,Excellent,Needs better time management
R2688,S0684,2026-03-03,13.0,Male,Grade 10,Public,Math,3.1,9.0,4.1,93.0,90.0,Online Videos,Yes,Yes,Medium,Low,100.0,96.0,Excellent,Needs better time management
R1606,S0047,2026-02-19,13.0,Male,Grade 8,Private,Computer Science,3.8,6.9,2.4,83.0,77.0,Self Study,No,No,Medium,High,96.0,100.0,Excellent,Absent during some activities
R2172,S0521,2026-04-25,15.0,Female,Grade 10,Private,Science,3.3,9.2,3.9,90.0,90.0,Online Videos,No,Yes,Medium,Medium,95.0,100.0,Excellent,Excellent focus
R2004,S0145,2026-03-20,14.0,Female,Grade 11,Private,History,2.5,8.4,3.2,100.0,87.0,Self Study,No,Yes,High,High,100.0,100.0,Excellent,No Comment
R0431,S0133,2026-04-21,13.0,Male,Grade 8,Public,History,2.6,6.3,3.5,76.0,69.0,Self Study,Yes,Yes,Medium,Medium,94.0,91.0,Excellent,Excellent focus
R0804,S0037,2026-02-20,14.0,Male,Grade 9,Public,Math,3.0,7.4,3.4,88.0,97.0,Self Study,No,Yes,Medium,Medium,92.0,97.0,Excellent,Improved this term
R1176,S0411,2026-02-03,13.0,Female,Grade 8,International,History,3.2,7.2,4.2,85.0,84.0,Self Study,Yes,Yes,High,Low,100.0,100.0,Excellent,Absent during some activities
R1180,S0581,2026-03-03,17.0,Female,Grade 12,Public,English,2.3,7.6,4.1,88.0,100.0,Online Videos,No,Yes,Medium,Low,97.0,96.0,Excellent,Homework quality varies
R3892,S0327,2026-03-26,17.0,Male,Grade 12,International,Computer Science,3.2,6.7,6.9,100.0,92.0,Self Study,Yes,No,Low,Medium,100.0,100.0,Excellent,Consistent effort
R0295,S0678,2026-02-21,14.0,Female,Grade 9,International,History,2.8,9.4,4.3,84.0,58.0,Private Tutor,No,Yes,High,High,93.0,86.0,Good,Good analytical thinking
R0967,S0527,2026-04-02,13.0,Female,Grade 8,Public,English,3.1,5.1,5.2,86.0,79.0,Self Study,No,Yes,Medium,High,98.0,94.0,Excellent,Often distracted
R0506,S0557,2026-03-03,16.0,Female,Grade 11,Public,English,2.8,8.7,4.7,82.0,51.0,Private Tutor,No,No,Medium,Medium,100.0,100.0,Excellent,Needs revision plan
R2703,S0013,2026-03-02,14.0,Female,Grade 9,Public,Computer Science,4.7,7.2,3.5,95.0,87.0,Self Study,No,Yes,Low,High,100.0,93.0,Excellent,Often distracted
R3012,S0100,2026-04-11,13.0,Male,Grade 8,Public,English,3.1,7.8,6.1,75.0,95.0,Online Videos,No,Yes,Low,Medium,80.0,81.0,Good,No Comment
R2583,S0499,2026-02-12,14.0,Female,Grade 11,Public,Computer Science,2.4,8.4,4.5,77.0,79.0,Group Study,No,Yes,Low,Low,92.0,92.0,Excellent,No Comment
R3214,S0508,2026-04-28,14.0,Female,Grade 9,Private,Math,4.5,7.6,6.3,97.0,55.0,Private Tutor,Yes,No,High,High,90.0,100.0,Excellent,Good analytical thinking
R1506,S0274,2026-04-19,15.0,Female,Grade 12,Private,English,2.6,7.0,2.5,100.0,39.0,Self Study,No,Yes,High,Low,65.0,83.0,Good,Strong participation
R1218,S0161,2026-04-22,14.0,Female,Grade 9,Public,Science,5.8,7.6,4.7,98.0,94.0,Online Videos,Yes,Yes,Medium,Medium,100.0,100.0,Excellent,Consistent effort
R0394,S0348,2026-03-22,13.0,Female,Grade 9,Private,Science,2.5,6.4,2.3,74.0,76.0,Group Study,Yes,Yes,Low,Medium,92.0,100.0,Excellent,No Comment
R2774,S0060,2026-03-21,15.0,Female,Grade 10,Private,Science,4.6,7.0,2.3,87.0,100.0,Online Videos,Yes,No,Medium,High,100.0,100.0,Excellent,Good analytical thinking
R3558,S0117,2026-02-14,13.0,Male,Grade 8,Private,English,2.0,6.7,7.8,73.0,70.0,Private Tutor,No,Yes,High,Medium,90.0,78.0,Good,Strong participation
R1169,S0390,2026-04-18,14.0,Female,Grade 9,Public,English,4.0,7.7,4.2,86.0,76.0,Self Study,No,Yes,Medium,Low,68.0,74.0,Pass,Homework quality varies
R1239,S0252,2026-03-26,14.0,Female,Grade 8,Private,Science,3.7,5.3,2.9,80.0,72.0,Self Study,No,No,Low,Medium,95.0,89.0,Good,Consistent effort
R1762,S0614,2026-04-08,13.0,Female,Grade 8,International,History,2.5,6.6,3.5,97.0,76.0,Notebook / Notes,Yes,Yes,Low,Low,93.0,95.0,Excellent,Needs revision plan
R3499,S0652,2026-03-05,15.0,Female,Grade 10,Private,Computer Science,5.8,6.9,8.2,88.0,54.0,Private Tutor,No,Yes,Medium,Medium,96.0,94.0,Excellent,Often distracted
R0459,S0592,2026-04-02,15.0,Female,Grade 10,Public,Computer Science,1.3,7.2,4.6,86.0,55.0,Self Study,No,Yes,Low,High,96.0,90.0,Excellent,Good analytical thinking
R3621,S0123,2026-03-01,17.0,Female,Grade 12,Public,Science,3.0,5.9,5.0,88.0,74.0,Private Tutor,No,Yes,Medium,Medium,79.0,79.0,Good,Excellent focus
R1313,S0356,2026-03-22,14.0,Male,Grade 9,Public,English,3.2,7.2,5.2,77.0,83.0,Online Videos,No,Yes,Medium,Medium,99.0,100.0,Excellent,Needs better time management
R2713,S0627,2026-04-14,14.0,Male,Grade 9,Public,Science,2.4,7.9,3.2,92.0,81.0,Self Study,No,Yes,Low,High,83.0,93.0,Excellent,Needs revision plan
R0978,S0490,2026-03-27,16.0,Female,Grade 11,Public,English,1.8,6.9,6.0,85.0,95.0,Self Study,Yes,Yes,Medium,High,100.0,100.0,Excellent,Strong participation
R0040,S0630,2026-03-11,13.0,Male,Grade 8,Public,History,2.5,7.9,2.6,80.0,58.0,Self Study,No,Yes,Medium,High,69.0,81.0,Good,Improved this term
R3708,S0421,2026-03-04,17.0,Male,Grade 12,Private,Science,3.3,7.2,5.1,79.0,58.0,Private Tutor,No,Yes,High,High,67.0,63.0,Pass,Excellent focus
R2037,S0617,2026-03-17,16.0,Female,Grade 11,Public,Computer Science,3.5,6.9,5.4,85.0,98.0,Group Study,No,Yes,Low,Low,100.0,100.0,Excellent,Needs better time management
R1631,S0680,2026-04-15,16.0,Female,Grade 11,Private,Computer Science,2.7,8.1,4.2,89.0,62.0,Online Videos,No,No,Medium,Medium,78.0,81.0,Good,Consistent effort
R1814,S0087,2026-03-02,15.0,Male,Grade 10,International,Science,3.2,6.8,5.3,100.0,44.0,Private Tutor,No,Yes,Medium,High,100.0,100.0,Excellent,Homework quality varies
R1303,S0324,2026-03-29,17.0,Male,Grade 12,Public,English,3.6,7.7,4.1,88.0,34.0,Online Videos,No,Yes,Medium,Low,80.0,83.0,Good,Improved this term
R2342,S0735,2026-02-05,17.0,Male,Grade 12,Public,Computer Science,2.5,9.3,3.3,89.0,75.0,Online Videos,No,Yes,Medium,High,89.0,92.0,Excellent,Excellent focus
R3470,S0724,2026-02-14,15.0,Male,Grade 10,Public,Science,3.8,6.8,6.5,87.0,73.0,Group Study,No,Yes,High,Low,82.0,84.0,Good,Consistent effort
R0627,S0037,2026-03-09,16.0,Male,Grade 8,Private,English,3.0,8.1,1.1,92.0,81.0,Private Tutor,No,No,Medium,High,85.0,100.0,Excellent,No Comment
R1233,S0207,2026-03-30,13.0,Female,Grade 8,Public,Computer Science,4.2,7.7,5.2,82.0,100.0,Private Tutor,No,Yes,Medium,Low,95.0,97.0,Excellent,-
R2374,S0337,2026-04-04,13.0,Male,Grade 8,Private,Math,3.0,7.2,2.5,86.0,67.0,Online Videos,No,Yes,Medium,Medium,90.0,100.0,Excellent,Needs revision plan
R2921,S0538,2026-02-27,13.0,Male,Grade 8,Private,Computer Science,3.2,9.6,3.1,76.0,73.0,Self Study,No,No,Medium,High,98.0,93.0,Excellent,Needs better time management
R3146,S0248,2026-02-03,15.0,Male,Grade 10,Public,Science,4.2,6.7,6.7,94.0,87.0,Notebook / Notes,No,Yes,Medium,Medium,90.0,88.0,Good,Needs revision plan
R2187,S0309,2026-03-14,17.0,Female,Grade 12,Private,English,3.0,6.7,3.6,83.0,72.0,Self Study,Yes,Yes,Medium,Medium,87.0,96.0,Excellent,Often distracted
R2408,S0341,2026-04-26,13.0,Female,Grade 9,Public,Computer Science,4.1,8.9,4.9,86.0,58.0,Online Videos,No,Yes,Medium,Low,84.0,90.0,Excellent,Needs revision plan
R3742,S0579,2026-02-12,17.0,Female,Grade 12,Public,Science,2.7,7.7,4.8,87.0,86.0,Online Videos,No,Yes,Medium,High,77.0,95.0,Excellent,Consistent effort
R0266,S0336,2026-12-02,15.0,Male,Grade 10,International,English,4.1,6.1,2.8,89.0,64.0,Online Videos,No,Yes,Medium,Medium,95.0,100.0,Excellent,Absent during some activities
R0046,S0504,2026-03-26,16.0,Female,Grade 11,Public,History,2.6,7.2,3.6,87.0,74.0,Private Tutor,No,Yes,Medium,High,92.0,89.0,Good,No Comment
R3253,S0042,2026-02-01,16.0,Female,Grade 11,Public,Computer Science,4.3,6.5,4.5,82.0,82.0,Online Videos,No,Yes,High,Medium,88.0,96.0,Excellent,Good analytical thinking
R1910,S0196,2026-02-16,17.0,Male,Grade 12,International,Science,4.3,8.7,5.7,90.0,56.0,Self Study,Yes,Yes,Low,High,99.0,99.0,Excellent,Needs better time management
R0338,S0396,2026-02-01,15.0,Female,Grade 10,International,Math,5.5,8.6,2.7,87.0,100.0,Group Study,No,Yes,High,High,95.0,100.0,Excellent,Good analytical thinking
R1849,S0075,2026-03-12,17.0,Female,Grade 12,Public,Math,4.7,7.2,4.7,93.0,56.0,Notebook / Notes,No,Yes,Medium,High,89.0,100.0,Excellent,Improved this term
R3592,S0099,2026-03-31,13.0,Female,Grade 8,Public,English,4.8,8.1,6.2,84.0,91.0,Private Tutor,No,Yes,High,High,94.0,90.0,Excellent,Absent during some activities
R0278,S0047,2026-03-27,13.0,Female,Grade 10,International,Science,2.6,8.5,3.6,100.0,70.0,Online Videos,Yes,Yes,Medium,Low,99.0,86.0,Good,No Comment
R1125,S0225,2026-03-04,16.0,Male,Grade 11,International,Science,5.0,7.0,0.5,76.0,73.0,Self Study,Yes,Yes,Medium,Medium,97.0,93.0,Excellent,Needs revision plan
R2759,S0590,2026-03-14,14.0,Female,Grade 9,Public,English,1.2,7.9,5.7,77.0,85.0,Notebook / Notes,No,Yes,High,Medium,61.0,71.0,Pass,No Comment
R0733,S0564,2026-03-08,14.0,Male,Grade 9,Public,Math,0.4,5.9,2.6,86.0,85.0,Private Tutor,No,Yes,Low,High,72.0,79.0,Good,Consistent effort
R0411,S0229,2026-03-14,14.0,Female,Grade 9,International,Science,2.6,8.2,4.5,90.0,99.0,Notebook / Notes,Yes,Yes,Medium,Medium,88.0,100.0,Excellent,No Comment
R1284,S0342,2026-02-20,16.0,Female,Grade 10,Public,Math,3.5,6.9,5.9,94.0,69.0,Online Videos,No,Yes,Low,Medium,90.0,78.0,Good,Good analytical thinking
R1959,S0299,2026-04-22,15.0,Male,Grade 10,Public,History,2.4,5.4,4.6,91.0,83.0,Self Study,No,Yes,Medium,High,58.0,75.0,Good,Homework quality varies
R2086,S0261,2026-03-05,16.0,Male,Grade 9,Private,Math,3.2,6.1,5.7,91.0,74.0,Notebook / Notes,No,Yes,High,Medium,97.0,100.0,Excellent,No Comment
R1491,S0440,2026-03-27,14.0,Female,Grade 9,Private,Science,1.4,4.6,7.4,99.0,76.0,Notebook / Notes,No,Yes,Low,Medium,75.0,74.0,Pass,Homework quality varies
R0771,S0725,2026-04-23,14.0,Female,Grade 12,Public,English,2.2,9.0,3.0,92.0,85.0,Self Study,No,Yes,Low,Low,90.0,89.0,Good,Homework quality varies
R1405,S0622,2026-03-18,17.0,Female,Grade 9,Public,Science,3.2,6.0,3.7,96.0,81.0,Private Tutor,No,Yes,Medium,Medium,100.0,100.0,Excellent,Good analytical thinking
R1260,S0471,2026-11-04,16.0,Female,Grade 11,Public,Math,3.9,8.2,3.4,87.0,87.0,Self Study,No,Yes,Low,Medium,95.0,100.0,Excellent,Absent during some activities
R2043,S0733,2026-04-29,14.0,Female,Grade 9,International,Science,5.4,8.4,4.2,84.0,89.0,Self Study,No,Yes,Low,Medium,100.0,100.0,Excellent,No Comment
R2238,S0275,2026-03-06,13.0,Female,Grade 8,Public,English,3.1,6.7,4.4,84.0,41.0,Group Study,Yes,Yes,Low,High,93.0,92.0,Excellent,No Comment
R2030,S0666,2026-02-09,17.0,Male,Grade 12,Private,Math,3.2,7.3,4.5,90.0,81.0,Self Study,No,No,Low,Medium,93.0,100.0,Excellent,No Comment
R0753,S0145,2026-03-10,13.0,Female,Grade 8,International,Math,1.2,6.9,3.5,70.0,91.0,Private Tutor,No,Yes,Low,High,73.0,89.0,Good,Strong participation
R2367,S0370,2026-04-27,16.0,Male,Grade 11,Public,History,3.7,6.9,2.9,82.0,54.0,Private Tutor,No,Yes,Low,Medium,89.0,100.0,Excellent,Needs better time management
R3148,S0021,2026-02-22,13.0,Male,Grade 8,Public,Science,3.5,6.0,6.9,75.0,76.0,Online Videos,No,No,Medium,Low,100.0,100.0,Excellent,Excellent focus
R0928,S0561,2026-04-18,13.0,Female,Grade 8,Public,History,1.9,7.5,4.8,91.0,97.0,Online Videos,Yes,Yes,Low,High,100.0,92.0,Excellent,Needs revision plan
R2186,S0626,2026-02-21,16.0,Male,Grade 11,Private,History,3.0,7.5,2.4,100.0,61.0,Online Videos,No,Yes,Low,High,100.0,100.0,Excellent,Often distracted
R2130,S0244,2026-03-17,17.0,Female,Grade 12,Private,Math,1.3,7.1,3.0,97.0,75.0,Notebook / Notes,No,Yes,Medium,Medium,84.0,81.0,Good,No Comment
R3430,S0510,2026-04-16,17.0,Male,Grade 12,Private,Science,0.0,6.5,5.8,77.0,72.0,Online Videos,No,Yes,High,Medium,72.0,69.0,Pass,No Comment
R0003,S0553,2026-02-28,15.0,Male,Grade 10,Public,History,3.2,8.5,6.6,94.0,95.0,Group Study,No,Yes,Medium,High,81.0,78.0,Good,Excellent focus
R2558,S0142,2026-04-23,15.0,Male,Grade 10,Public,History,5.5,7.3,3.9,100.0,71.0,Private Tutor,No,Yes,Low,High,100.0,100.0,Excellent,Good analytical thinking
R0635,S0114,2026-02-20,16.0,Male,Grade 11,Private,Computer Science,1.8,7.6,3.3,76.0,93.0,Self Study,No,Yes,Medium,Low,100.0,99.0,Excellent,Good analytical thinking
R1096,S0372,2026-04-27,14.0,Female,Grade 9,International,Computer Science,2.7,8.3,3.3,99.0,78.0,Self Study,No,Yes,Medium,High,90.0,94.0,Excellent,Improved this term
R0779,S0432,2026-04-14,14.0,Male,Grade 12,International,Computer Science,3.4,7.4,4.9,90.0,93.0,Online Videos,Yes,Yes,High,High,100.0,91.0,Excellent,No Comment
R1402,S0517,2026-03-27,14.0,Female,Grade 12,Public,English,1.8,7.0,7.0,82.0,76.0,Self Study,Yes,No,Low,High,75.0,78.0,Good,Absent during some activities
R1828,S0505,2026-04-16,16.0,Female,Grade 11,Public,English,2.7,7.5,3.3,95.0,67.0,Group Study,No,Yes,Medium,Medium,84.0,94.0,Excellent,Absent during some activities
R0473,S0729,2026-04-03,14.0,Male,Grade 9,Private,History,3.2,6.5,5.0,92.0,89.0,Notebook / Notes,Yes,Yes,Medium,Medium,73.0,88.0,Good,Improved this term
R0494,S0614,2026-02-28,17.0,Female,Grade 12,Public,History,1.8,5.0,2.3,93.0,60.0,Private Tutor,No,Yes,Medium,High,80.0,86.0,Good,-
R0931,S0556,2026-04-18,17.0,Female,Grade 12,Private,Computer Science,0.3,6.3,6.5,80.0,61.0,Private Tutor,No,Yes,Low,Low,68.0,69.0,Pass,Strong participation
R2916,S0679,2026-03-20,15.0,Male,Grade 8,Public,History,4.9,9.2,3.7,76.0,74.0,Notebook / Notes,Yes,Yes,Medium,Low,98.0,97.0,Excellent,Needs better time management
R2143,S0643,2026-04-03,15.0,Male,Grade 10,International,History,4.9,6.6,4.4,95.0,60.0,Self Study,No,Yes,High,Medium,81.0,93.0,Excellent,Consistent effort
R0413,S0350,2026-04-19,14.0,Female,Grade 12,Private,English,1.2,8.2,6.3,90.0,94.0,Online Videos,Yes,Yes,High,High,96.0,100.0,Excellent,Consistent effort
R1244,S0210,2026-02-27,16.0,Male,Grade 11,International,English,3.2,6.0,4.6,99.0,71.0,Online Videos,No,No,Low,Medium,85.0,97.0,Excellent,Consistent effort
R1744,S0254,2026-03-28,15.0,Female,Grade 10,Public,Science,0.6,7.6,1.6,86.0,90.0,Self Study,No,Yes,Medium,Medium,90.0,84.0,Good,Consistent effort
R3417,S0217,2026-04-04,15.0,Female,Grade 12,Private,Science,2.3,7.1,3.8,74.0,84.0,Group Study,No,Yes,Medium,Medium,80.0,83.0,Good,Needs better time management
R2740,S0441,2026-04-05,14.0,Female,Grade 9,International,English,4.2,5.8,3.4,80.0,33.0,Online Videos,No,Yes,Medium,Low,82.0,96.0,Excellent,Needs revision plan
R2627,S0398,2026-04-21,15.0,Male,Grade 10,Public,Science,3.9,7.6,5.6,100.0,59.0,Private Tutor,No,Yes,High,High,78.0,92.0,Good,Excellent focus
R2525,S0530,2026-04-18,17.0,Male,Grade 12,Public,English,3.2,9.5,3.6,88.0,45.0,Notebook / Notes,No,Yes,Medium,Medium,88.0,91.0,Excellent,Consistent effort
R1192,S0617,2026-03-19,17.0,Female,Grade 12,Public,Science,0.4,7.2,4.6,88.0,82.0,Group Study,Yes,Yes,High,Low,86.0,85.0,Good,Homework quality varies
R1279,S0493,2026-03-05,16.0,Female,Grade 11,Private,Math,4.3,8.3,3.1,68.0,84.0,Self Study,No,Yes,Low,High,99.0,100.0,Excellent,Excellent focus
R3611,S0291,2026-04-14,13.0,Female,Grade 8,Private,Computer Science,3.2,8.4,4.2,84.0,74.0,Private Tutor,No,Yes,High,Medium,83.0,92.0,Excellent,Good analytical thinking
R1242,S0660,2026-03-21,13.0,Male,Grade 8,Public,English,1.9,7.2,5.3,81.0,63.0,Private Tutor,Yes,Yes,Medium,Medium,77.0,77.0,Good,Absent during some activities
R0595,S0502,2026-03-21,15.0,Female,Grade 10,Public,Math,0.7,7.1,4.8,73.0,79.0,Private Tutor,Yes,No,High,Medium,73.0,79.0,Good,Good analytical thinking
R3798,S0447,2026-04-16,16.0,Female,Grade 11,Public,Computer Science,3.3,6.8,3.8,78.0,76.0,Private Tutor,No,Yes,Medium,High,85.0,82.0,Good,Homework quality varies
R1384,S0256,2026-02-26,17.0,Male,Grade 12,Private,Math,3.3,8.0,1.8,83.0,65.0,Private Tutor,No,Yes,Low,High,100.0,100.0,Excellent,Needs revision plan
R1121,S0549,2026-04-27,14.0,Male,Grade 9,International,English,3.7,6.9,7.0,100.0,68.0,Online Videos,No,Yes,Low,Medium,79.0,81.0,Good,Strong participation
R2644,S0536,2026-04-30,13.0,Male,Grade 9,Public,Math,2.5,7.6,4.6,89.0,74.0,Self Study,Yes,No,Medium,Medium,100.0,100.0,Excellent,Excellent focus
R1296,S0672,2026-02-08,13.0,Female,Grade 8,Public,Science,5.5,7.1,5.5,87.0,54.0,Self Study,No,Yes,Medium,Medium,84.0,100.0,Excellent,Needs better time management
R3439,S0558,2026-04-18,15.0,Female,Grade 10,Public,English,3.7,7.3,5.8,73.0,88.0,Online Videos,Yes,Yes,Medium,High,93.0,96.0,Excellent,No Comment
R3158,S0380,2026-03-12,15.0,Female,Grade 10,Private,History,5.6,7.5,0.5,100.0,67.0,Self Study,No,No,High,Low,98.0,88.0,Good,Often distracted
R0438,S0087,2026-02-13,16.0,Female,Grade 11,Public,English,3.5,7.2,5.0,87.0,81.0,Group Study,No,Yes,Medium,Medium,100.0,92.0,Excellent,Strong participation
R0410,S0060,2026-04-21,15.0,Male,Grade 10,International,English,4.3,7.7,4.8,80.0,62.0,Self Study,No,Yes,Medium,Medium,82.0,88.0,Good,Homework quality varies
R0023,S0729,2026-02-14,14.0,Male,Grade 9,Public,Computer Science,3.2,6.1,2.9,89.0,61.0,Self Study,No,Yes,High,Medium,88.0,100.0,Excellent,Improved this term
R1042,S0305,2026-02-22,13.0,Female,Grade 8,Public,Computer Science,3.2,7.0,4.2,73.0,40.0,Notebook / Notes,No,Yes,Medium,Medium,64.0,69.0,Pass,No Comment
R1182,S0459,2026-04-17,13.0,Female,Grade 8,Public,Science,3.4,5.6,4.1,90.0,75.0,Self Study,Yes,Yes,High,Medium,100.0,99.0,Excellent,Excellent focus
R1747,S0043,2026-02-27,14.0,Female,Grade 9,Public,Science,2.8,6.6,0.8,95.0,87.0,Self Study,Yes,Yes,High,Medium,84.0,90.0,Excellent,-
R2743,S0103,2026-04-17,14.0,Male,Grade 11,Public,English,5.7,7.9,4.2,94.0,71.0,Self Study,Yes,Yes,Medium,High,98.0,100.0,Excellent,Consistent effort
R2519,S0523,2026-03-27,15.0,Male,Grade 10,International,History,3.0,7.2,6.0,92.0,68.0,Self Study,No,Yes,Low,Medium,74.0,82.0,Excellent,Strong participation
R1029,S0261,2026-04-11,15.0,Male,Grade 10,International,Computer Science,4.9,8.5,0.8,84.0,100.0,Group Study,No,Yes,Medium,Low,100.0,100.0,Excellent,Good analytical thinking
R3691,S0253,2026-05-01,15.0,Male,Grade 10,Public,English,5.6,8.1,4.1,81.0,50.0,Private Tutor,No,Yes,Medium,Medium,91.0,100.0,Excellent,Consistent effort
R1370,S0027,2026-04-11,15.0,Male,Grade 10,Public,Computer Science,1.2,7.8,5.3,100.0,95.0,Self Study,No,Yes,Medium,Medium,92.0,94.0,Excellent,Homework quality varies
R2750,S0050,2026-03-14,16.0,Male,Grade 11,International,Science,3.3,6.7,3.1,78.0,88.0,Self Study,No,Yes,Medium,Low,100.0,99.0,Excellent,Excellent focus
R2349,S0071,2026-03-03,15.0,Male,Grade 10,Public,Computer Science,2.0,7.5,5.2,88.0,76.0,Self Study,Yes,Yes,High,Low,73.0,74.0,Pass,Homework quality varies
R1560,S0094,2026-04-02,14.0,Male,Grade 9,Public,Science,4.6,6.1,0.5,83.0,82.0,Self Study,Yes,Yes,High,High,81.0,85.0,Good,Homework quality varies
R3813,S0142,2026-04-01,13.0,Female,Grade 8,International,History,1.5,6.1,0.5,86.0,67.0,Self Study,Yes,Yes,Medium,High,100.0,100.0,Excellent,Good analytical thinking
R0681,S0705,2026-02-03,17.0,Male,Grade 12,Private,Computer Science,2.7,7.2,4.2,87.0,91.0,Self Study,No,Yes,Medium,High,96.0,100.0,Excellent,Often distracted
R1175,S0323,2026-04-01,13.0,Male,Grade 8,Public,Science,4.8,5.3,3.0,91.0,100.0,Online Videos,No,Yes,High,Medium,89.0,96.0,Excellent,Often distracted
R2232,S0620,2026-03-04,13.0,Male,Grade 8,Private,Science,5.0,7.0,4.2,90.0,100.0,Notebook / Notes,Yes,Yes,Medium,Medium,90.0,100.0,Excellent,Good analytical thinking
R2418,S0676,2026-02-19,16.0,Male,Grade 8,International,Math,2.9,8.7,6.5,81.0,66.0,Group Study,No,Yes,Low,Low,74.0,76.0,Good,No Comment
R2527,S0282,2026-03-03,13.0,Female,Grade 8,Private,Math,1.6,9.1,4.9,84.0,93.0,Private Tutor,Yes,Yes,Medium,Low,77.0,87.0,Good,Excellent focus
R0282,S0073,2026-02-17,16.0,Female,Grade 11,Public,Science,4.1,7.6,6.6,91.0,62.0,Online Videos,No,Yes,High,Medium,91.0,79.0,Good,Needs better time management
R0173,S0560,2026-03-20,16.0,Male,Grade 11,Public,Computer Science,3.0,8.6,2.8,88.0,100.0,Online Videos,No,Yes,High,Medium,100.0,100.0,Excellent,Needs revision plan
R1826,S0230,2026-04-29,15.0,Male,Grade 8,Public,English,3.5,7.2,5.3,80.0,96.0,Self Study,Yes,Yes,High,High,97.0,100.0,Excellent,Strong participation
R0178,S0445,2026-05-01,15.0,Male,Grade 10,Public,Science,3.2,6.5,5.5,88.0,56.0,Self Study,No,Yes,Low,High,81.0,85.0,Good,No Comment
R0855,S0131,2026-02-16,13.0,Female,Grade 8,International,History,3.9,8.1,6.6,88.0,73.0,Self Study,No,Yes,Medium,Low,75.0,81.0,Good,Needs better time management
R0925,S0540,2026-02-22,15.0,Female,Grade 10,Private,Math,5.4,8.0,6.5,91.0,87.0,Online Videos,Yes,Yes,Medium,Medium,99.0,100.0,Excellent,Needs revision plan
R0628,S0271,2026-03-12,14.0,Male,Grade 9,International,History,5.9,6.4,4.2,82.0,83.0,Online Videos,No,Yes,Medium,High,100.0,100.0,Excellent,No Comment
R2354,S0109,2026-02-14,16.0,Female,Grade 11,Public,Science,2.7,6.3,7.9,95.0,79.0,Self Study,No,Yes,High,High,59.0,92.0,Pass,Needs revision plan
R0133,S0587,2026-02-15,15.0,Female,Grade 10,International,English,2.8,5.4,4.2,95.0,45.0,Notebook / Notes,No,Yes,Low,Low,88.0,79.0,Good,Strong participation
R0929,S0717,2026-03-15,17.0,Female,Grade 12,International,English,3.2,6.0,4.1,91.0,89.0,Self Study,Yes,Yes,High,Low,81.0,87.0,Good,Consistent effort
R1800,S0544,2026-03-26,15.0,Male,Grade 10,Public,History,1.9,8.2,1.0,94.0,57.0,Private Tutor,Yes,Yes,Medium,Medium,90.0,98.0,Excellent,No Comment
R0172,S0161,2026-02-26,14.0,Male,Grade 9,Private,History,3.3,8.8,4.2,88.0,69.0,Self Study,No,No,Medium,Medium,79.0,89.0,Good,Improved this term
R1448,S0622,2026-04-22,16.0,Male,Grade 10,Public,Computer Science,3.2,6.9,2.3,78.0,76.0,Group Study,Yes,Yes,Medium,High,82.0,89.0,Good,No Comment
R1625,S0467,2026-03-25,16.0,Male,Grade 11,International,Computer Science,3.5,6.8,3.6,93.0,49.0,Notebook / Notes,No,Yes,Low,Medium,93.0,94.0,Excellent,Consistent effort
R0374,S0429,2026-03-01,13.0,Male,Grade 8,Public,English,4.9,7.0,2.5,81.0,76.0,Group Study,No,Yes,Medium,Low,99.0,98.0,Excellent,Improved this term
R2019,S0086,2026-02-24,16.0,Female,Grade 11,Public,Computer Science,1.3,7.8,6.2,87.0,68.0,Self Study,No,Yes,Medium,High,73.0,84.0,Good,Homework quality varies
R2309,S0295,2026-03-26,15.0,Male,Grade 10,International,English,4.2,7.9,4.2,88.0,77.0,Online Videos,Yes,Yes,High,High,86.0,100.0,Excellent,Consistent effort
R3810,S0734,2026-02-24,17.0,Male,Grade 9,Private,Computer Science,3.8,6.6,4.4,84.0,87.0,Group Study,No,Yes,Medium,High,92.0,97.0,Excellent,Consistent effort
R0223,S0235,2026-02-24,13.0,Female,Grade 10,Private,History,4.1,7.2,3.9,82.0,60.0,Online Videos,Yes,Yes,Low,Low,93.0,90.0,Excellent,Homework quality varies
R0012,S0604,2026-04-22,17.0,Female,Grade 12,Public,English,3.7,8.2,4.2,81.0,68.0,Online Videos,Yes,Yes,Medium,Medium,73.0,92.0,Excellent,Needs revision plan
R1630,S0163,2026-02-09,17.0,Female,Grade 12,International,English,3.4,7.4,5.6,87.0,69.0,Online Videos,No,Yes,Medium,Low,85.0,82.0,Good,Homework quality varies
R1130,S0205,2026-04-27,17.0,Female,Grade 12,Private,History,3.6,5.2,4.5,98.0,70.0,Group Study,No,Yes,High,Medium,91.0,94.0,Excellent,Often distracted
R0104,S0421,2026-03-28,15.0,Male,Grade 12,Public,Science,4.8,7.8,1.1,100.0,54.0,Online Videos,No,Yes,Low,Medium,100.0,100.0,Excellent,Strong participation
R2945,S0726,2026-02-11,17.0,Male,Grade 12,Public,Science,1.5,7.0,4.9,97.0,67.0,Notebook / Notes,Yes,Yes,Medium,High,76.0,85.0,Good,Improved this term
R3104,S0355,2026-03-25,16.0,Female,Grade 11,Public,History,1.3,7.2,5.9,93.0,86.0,Self Study,Yes,Yes,Medium,Low,91.0,84.0,Good,Needs revision plan
R1140,S0408,2026-04-13,13.0,Female,Grade 8,Public,Computer Science,2.9,5.4,2.3,96.0,74.0,Online Videos,Yes,Yes,High,Low,100.0,99.0,Excellent,Good analytical thinking
R2365,S0425,2026-02-15,13.0,Female,Grade 8,Public,Science,4.7,7.2,5.0,87.0,63.0,Private Tutor,No,No,Low,High,100.0,100.0,Excellent,Excellent focus
R1162,S0505,2026-12-04,13.0,Female,Grade 8,Public,Math,2.6,7.4,4.2,85.0,84.0,Private Tutor,No,Yes,Low,Medium,81.0,84.0,Good,Often distracted
R0212,S0366,2026-03-19,15.0,Female,Grade 10,Public,English,2.6,7.1,3.7,87.0,76.0,Group Study,No,Yes,High,Low,85.0,84.0,Good,Needs better time management
R0499,S0202,2026-04-04,14.0,Male,Grade 9,Private,Science,2.9,8.1,3.9,96.0,55.0,Notebook / Notes,No,Yes,Medium,Low,65.0,64.0,Pass,Homework quality varies
R2502,S0106,2026-03-21,16.0,Female,Grade 11,Private,English,3.7,6.7,4.2,80.0,77.0,Online Videos,No,Yes,High,Medium,81.0,93.0,Excellent,Often distracted
R1691,S0631,2026-04-28,17.0,Female,Grade 12,Private,Science,3.3,7.5,4.2,74.0,52.0,Online Videos,No,Yes,Medium,Low,67.0,79.0,Good,Needs revision plan
R2402,S0580,2026-03-15,17.0,Female,Grade 12,Public,English,3.2,8.3,4.8,79.0,74.0,Notebook / Notes,No,No,High,Low,78.0,92.0,Excellent,Improved this term
R1073,S0231,2026-02-10,17.0,Male,Grade 10,Public,History,4.1,5.6,3.6,80.0,77.0,Online Videos,No,Yes,Low,Low,100.0,100.0,Excellent,Consistent effort
R1796,S0322,2026-02-12,13.0,Male,Grade 11,Private,History,2.9,5.1,5.2,100.0,64.0,Notebook / Notes,Yes,Yes,Medium,Low,82.0,84.0,Good,No Comment
R2147,S0062,2026-03-28,13.0,Male,Grade 8,Public,Computer Science,0.3,7.7,7.4,80.0,46.0,Online Videos,Yes,Yes,Medium,Medium,81.0,77.0,Good,Good analytical thinking
R2864,S0615,2026-04-10,13.0,Female,Grade 8,Public,Computer Science,4.3,7.2,7.1,76.0,60.0,Notebook / Notes,No,Yes,Medium,Medium,73.0,83.0,Good,Needs revision plan
R1815,S0447,2026-03-27,13.0,Male,Grade 8,Private,English,1.6,7.3,3.3,88.0,70.0,Online Videos,No,Yes,Medium,High,93.0,90.0,Excellent,Often distracted
R0614,S0732,2026-04-18,16.0,Female,Grade 12,Public,Math,6.0,8.9,4.2,72.0,77.0,Online Videos,No,Yes,High,Medium,87.0,85.0,Good,Needs better time management
R0085,S0728,2026-04-24,17.0,Male,Grade 12,Private,History,2.8,7.7,4.4,72.0,100.0,Notebook / Notes,No,Yes,Low,High,97.0,100.0,Excellent,Homework quality varies
R1902,S0624,2026-02-13,13.0,Male,Grade 8,Public,History,1.5,7.8,5.3,84.0,84.0,Self Study,No,Yes,High,Medium,92.0,90.0,Excellent,Absent during some activities
R2332,S0238,2026-03-09,17.0,Female,Grade 12,International,Science,1.7,7.8,2.4,86.0,71.0,Private Tutor,Yes,No,Medium,Medium,95.0,99.0,Excellent,Consistent effort
R2968,S0664,2026-04-06,14.0,Male,Grade 9,Private,English,2.4,7.7,3.9,87.0,71.0,Self Study,No,Yes,Medium,High,90.0,92.0,Excellent,Needs revision plan
R0588,S0421,2026-02-13,15.0,Female,Grade 10,Public,History,3.2,7.8,3.8,97.0,71.0,Private Tutor,No,Yes,High,Medium,60.0,77.0,Good,No Comment
R2796,S0300,2026-03-29,14.0,Female,Grade 9,Private,English,4.9,7.2,3.7,78.0,63.0,Self Study,No,Yes,Low,Medium,90.0,90.0,Excellent,Often distracted
R1495,S0578,2026-10-03,17.0,Male,Grade 12,Public,Computer Science,5.0,8.8,5.7,89.0,76.0,Self Study,Yes,Yes,High,Medium,96.0,100.0,Excellent,Consistent effort
R3030,S0748,2026-03-25,16.0,Male,Grade 11,Private,History,1.9,6.3,4.3,77.0,90.0,Self Study,No,Yes,Medium,Medium,76.0,83.0,Good,Homework quality varies
R2371,S0439,2026-03-17,15.0,Female,Grade 10,Private,History,1.3,9.4,4.4,99.0,79.0,Private Tutor,No,Yes,Medium,Low,86.0,84.0,Good,Good analytical thinking
R2085,S0451,2026-03-28,15.0,Female,Grade 10,Public,English,5.1,6.8,3.5,95.0,67.0,Self Study,No,Yes,Low,Medium,100.0,100.0,Excellent,No Comment
R2005,S0224,2026-04-22,14.0,Male,Grade 9,Private,Computer Science,3.4,7.2,5.0,89.0,80.0,Self Study,Yes,Yes,Medium,High,100.0,100.0,Excellent,Needs better time management
R1508,S0024,2026-03-20,17.0,Male,Grade 12,Public,Math,1.8,5.2,6.0,100.0,59.0,Self Study,Yes,Yes,Low,Low,86.0,83.0,Good,Often distracted
R0004,S0169,2026-02-08,16.0,Female,Grade 11,Private,Computer Science,4.6,7.4,3.6,81.0,59.0,Self Study,Yes,Yes,Medium,Medium,97.0,94.0,Excellent,Good analytical thinking
R3536,S0495,2026-04-27,14.0,Male,Grade 9,Private,Science,3.6,7.6,8.1,88.0,68.0,Notebook / Notes,No,Yes,High,Medium,80.0,93.0,Excellent,No Comment
R1534,S0078,2026-03-17,15.0,Male,Grade 10,Public,Computer Science,3.0,7.6,4.9,81.0,84.0,Online Videos,No,Yes,Medium,High,98.0,100.0,Excellent,Improved this term
R2538,S0527,2026-02-13,16.0,Male,Grade 11,Public,Computer Science,5.9,5.3,4.6,96.0,100.0,Self Study,No,Yes,Medium,Low,89.0,100.0,Excellent,Absent during some activities
R0045,S0046,2026-02-01,15.0,Male,Grade 10,Public,Math,2.9,7.2,2.8,80.0,70.0,Private Tutor,No,Yes,Low,Medium,92.0,96.0,Excellent,Often distracted
R0888,S0308,2026-04-06,15.0,Male,Grade 8,International,Computer Science,5.1,8.2,6.7,85.0,76.0,Online Videos,Yes,Yes,Medium,Low,90.0,95.0,Excellent,Needs revision plan
R3597,S0437,2026-03-22,13.0,Male,Grade 8,Private,Science,5.2,7.6,7.3,93.0,67.0,Private Tutor,No,Yes,Low,Medium,93.0,92.0,Excellent,Excellent focus
R3257,S0379,2026-02-08,13.0,Female,Grade 8,Public,History,2.9,6.5,3.3,72.0,84.0,Group Study,Yes,Yes,Medium,Medium,94.0,92.0,Excellent,Excellent focus
R2462,S0140,2026-04-21,17.0,Male,Grade 12,Private,Science,2.5,7.0,4.0,86.0,70.0,Private Tutor,Yes,Yes,Medium,Low,83.0,85.0,Good,Strong participation
R2468,S0409,2026-02-04,15.0,Female,Grade 11,Private,English,2.2,9.0,2.1,73.0,95.0,Self Study,No,Yes,Low,High,89.0,100.0,Excellent,Needs revision plan
R2834,S0640,2026-02-15,17.0,Male,Grade 12,Public,Math,2.4,7.2,4.9,69.0,81.0,Self Study,Yes,Yes,High,High,77.0,75.0,Good,Absent during some activities
R0541,S0135,2026-02-01,16.0,Female,Grade 11,International,Computer Science,2.5,5.9,5.5,95.0,71.0,Group Study,No,Yes,Medium,Medium,95.0,88.0,Good,Homework quality varies
R0511,S0453,2026-02-08,15.0,Female,Grade 10,Public,History,4.1,8.9,4.4,68.0,100.0,Self Study,Yes,Yes,Medium,Medium,100.0,100.0,Excellent,Needs better time management
R0082,S0538,2026-03-25,17.0,Male,Grade 12,Private,History,1.3,8.9,4.8,79.0,100.0,Online Videos,No,Yes,High,Low,74.0,75.0,Good,No Comment
R3082,S0076,2026-04-12,16.0,Female,Grade 11,Public,Science,4.9,5.9,4.8,88.0,76.0,Group Study,No,Yes,Medium,High,94.0,100.0,Excellent,No Comment
R2449,S0220,2026-02-13,13.0,Male,Grade 8,Public,Science,2.8,7.2,5.6,85.0,100.0,Self Study,No,Yes,Medium,Medium,93.0,95.0,Excellent,No Comment
R3128,S0097,2026-04-24,17.0,Male,Grade 12,International,History,4.7,6.2,4.2,87.0,84.0,Online Videos,No,Yes,Low,Low,91.0,97.0,Excellent,Absent during some activities
R0780,S0201,2026-03-10,13.0,Male,Grade 8,Private,Math,3.0,7.1,2.2,91.0,77.0,Online Videos,No,Yes,Medium,Low,95.0,90.0,Excellent,Improved this term
R0433,S0478,2026-02-19,14.0,Male,Grade 9,Public,Science,3.1,7.7,5.9,89.0,71.0,Self Study,No,Yes,Low,High,100.0,91.0,Excellent,Strong participation
R0708,S0118,2026-04-06,13.0,Female,Grade 12,Public,Science,4.5,7.0,1.9,87.0,83.0,Private Tutor,No,No,High,High,100.0,100.0,Excellent,No Comment
R2579,S0658,2026-04-24,15.0,Male,Grade 10,Public,Science,3.6,7.6,3.1,94.0,81.0,Self Study,Yes,Yes,Medium,Low,92.0,100.0,Excellent,Strong participation
R3415,S0606,2026-03-27,13.0,Male,Grade 8,Public,English,4.7,8.2,4.9,90.0,51.0,Group Study,Yes,Yes,High,Medium,100.0,100.0,Excellent,Needs better time management
R1897,S0339,2026-04-30,16.0,Female,Grade 11,Private,English,3.0,5.7,3.5,93.0,99.0,Group Study,Yes,No,Medium,Medium,99.0,97.0,Excellent,Needs better time management
R0332,S0458,2026-03-11,15.0,Male,Grade 10,Private,Science,3.0,6.6,3.7,90.0,85.0,Notebook / Notes,No,Yes,Medium,Medium,79.0,99.0,Excellent,Strong participation
R1350,S0449,2026-02-02,13.0,Female,Grade 8,Public,History,2.6,7.5,4.6,86.0,80.0,Group Study,Yes,Yes,Medium,Medium,89.0,93.0,Excellent,Needs better time management
R0041,S0461,2026-02-05,17.0,Male,Grade 12,Private,Computer Science,2.2,6.7,0.5,80.0,48.0,Online Videos,No,Yes,Low,Medium,77.0,80.0,Good,Absent during some activities
R3252,S0261,2026-03-21,17.0,Male,Grade 12,Private,Computer Science,4.3,6.8,4.2,87.0,91.0,Online Videos,No,Yes,Medium,Low,89.0,96.0,Excellent,No Comment
R3524,S0138,2026-02-22,14.0,Male,Grade 9,International,English,1.6,6.0,4.6,99.0,70.0,Private Tutor,Yes,Yes,High,Low,78.0,80.0,Good,Needs better time management
R3650,S0723,2026-03-29,15.0,Male,Grade 10,Private,History,2.9,7.6,4.2,89.0,81.0,Notebook / Notes,No,Yes,High,Medium,100.0,94.0,Excellent,No Comment
R2528,S0650,2026-03-05,14.0,Male,Grade 9,Public,English,2.8,5.7,1.3,75.0,40.0,Self Study,No,No,Medium,Medium,90.0,78.0,Good,Excellent focus
R0189,S0449,2026-03-20,16.0,Male,Grade 12,Public,English,0.0,7.6,6.6,91.0,62.0,Self Study,No,Yes,Medium,Medium,61.0,92.0,Needs Improvement,Needs revision plan
R2877,S0357,2026-03-24,14.0,Male,Grade 9,Private,Math,2.7,8.4,2.7,85.0,69.0,Private Tutor,No,Yes,Medium,High,74.0,81.0,Good,Strong participation
R2396,S0187,2026-04-13,13.0,Female,Grade 8,Public,Science,3.1,5.8,2.5,89.0,73.0,Online Videos,Yes,Yes,High,High,97.0,92.0,Needs Improvement,Improved this term
R3180,S0073,2026-02-11,14.0,Male,Grade 9,Private,Science,1.2,5.7,1.0,100.0,59.0,Online Videos,No,Yes,Low,High,100.0,100.0,Excellent,Needs better time management
R2236,S0261,2026-02-24,17.0,Male,Grade 10,Public,English,2.8,7.9,3.5,81.0,71.0,Self Study,No,Yes,Medium,Low,90.0,97.0,Excellent,No Comment
R3211,S0256,2026-04-17,17.0,Female,Grade 8,Private,Computer Science,4.6,7.0,3.7,95.0,66.0,Notebook / Notes,Yes,Yes,Medium,Medium,76.0,91.0,Excellent,Good analytical thinking
R0490,S0018,2026-03-25,15.0,Female,Grade 11,Public,History,2.5,5.8,6.7,84.0,84.0,Group Study,No,No,High,Medium,73.0,80.0,Good,Often distracted
R0383,S0740,2026-02-17,15.0,Female,Grade 10,Private,Computer Science,1.6,5.6,3.9,82.0,76.0,Group Study,No,Yes,High,Low,90.0,84.0,Good,Good analytical thinking
R3585,S0242,2026-03-21,17.0,Female,Grade 12,International,Computer Science,3.8,5.3,3.4,92.0,62.0,Online Videos,No,Yes,Medium,Medium,84.0,88.0,Good,Absent during some activities
R1524,S0580,2026-03-25,17.0,Male,Grade 12,International,Science,3.2,7.3,5.5,87.0,59.0,Private Tutor,No,Yes,Medium,High,91.0,99.0,Excellent,Excellent focus
R3693,S0341,2026-04-26,17.0,Female,Grade 12,Private,Math,3.8,8.0,2.3,100.0,83.0,Self Study,No,Yes,Medium,Medium,100.0,100.0,Excellent,Homework quality varies
R1858,S0530,2026-04-29,17.0,Male,Grade 12,International,Science,3.2,6.1,3.2,79.0,85.0,Private Tutor,No,Yes,High,Low,60.0,76.0,Good,No Comment
R1089,S0262,2026-02-20,16.0,Female,Grade 11,Private,Math,0.6,7.0,3.2,69.0,60.0,Online Videos,No,Yes,Medium,High,77.0,77.0,Good,Needs revision plan
R1414,S0158,2026-02-14,17.0,Female,Grade 12,Public,English,3.5,7.7,3.3,77.0,82.0,Self Study,Yes,Yes,Medium,Medium,97.0,95.0,Excellent,Needs better time management
R3114,S0594,2026-03-18,14.0,Female,Grade 9,International,Math,2.3,7.2,6.3,95.0,56.0,Private Tutor,No,Yes,Medium,Medium,93.0,77.0,Good,Needs revision plan
R0732,S0605,2026-04-02,13.0,Female,Grade 8,Private,Math,5.0,6.3,5.4,90.0,77.0,Private Tutor,No,Yes,High,Low,89.0,82.0,Good,Consistent effort
R1938,S0573,2026-04-15,15.0,Male,Grade 10,Private,Math,2.4,6.2,4.2,79.0,76.0,Private Tutor,No,Yes,High,Medium,84.0,88.0,Good,Improved this term
R1403,S0225,2026-03-15,14.0,Female,Grade 9,Private,Computer Science,2.8,7.2,1.3,88.0,98.0,Private Tutor,Yes,Yes,High,High,100.0,100.0,Excellent,No Comment
R3074,S0005,2026-04-22,15.0,Female,Grade 10,Public,Math,4.4,9.2,6.8,93.0,62.0,Notebook / Notes,No,No,Medium,Medium,96.0,93.0,Excellent,No Comment
R0386,S0603,2026-04-18,14.0,Female,Grade 9,International,Science,4.5,5.8,5.4,89.0,98.0,Private Tutor,No,No,High,Low,100.0,100.0,Excellent,Improved this term
R1779,S0698,2026-02-26,13.0,Male,Grade 8,Private,Computer Science,2.0,5.4,4.8,89.0,64.0,Group Study,No,Yes,Low,Low,63.0,92.0,Needs Improvement,No Comment
R3721,S0075,2026-02-18,13.0,Male,Grade 8,Public,Math,1.3,7.8,3.9,82.0,100.0,Self Study,No,No,Medium,Low,71.0,79.0,Good,Needs better time management
R3292,S0149,2026-04-15,14.0,Female,Grade 9,Public,English,3.3,6.4,2.5,89.0,97.0,Notebook / Notes,Yes,Yes,High,High,100.0,100.0,Excellent,Homework quality varies
R0370,S0503,2026-03-20,13.0,Male,Grade 8,Private,History,1.4,7.7,2.6,82.0,65.0,Online Videos,No,No,Low,High,95.0,89.0,Good,Needs revision plan
R1256,S0397,2026-04-11,14.0,Male,Grade 9,Private,Computer Science,1.7,7.8,5.7,75.0,94.0,Group Study,No,Yes,Medium,Low,95.0,87.0,Good,No Comment
R3213,S0642,2026-02-23,15.0,Male,Grade 10,Private,History,4.5,6.2,7.0,75.0,81.0,Notebook / Notes,No,Yes,High,Low,85.0,86.0,Good,No Comment
R1353,S0510,2026-03-24,14.0,Female,Grade 9,Private,Computer Science,4.6,7.2,3.2,99.0,47.0,Group Study,No,Yes,Medium,Medium,90.0,89.0,Good,No Comment
R2129,S0386,2026-03-20,14.0,Female,Grade 9,Public,English,2.6,7.1,5.2,88.0,80.0,Private Tutor,No,Yes,Medium,Low,93.0,93.0,Excellent,Needs revision plan
R1420,S0127,2026-02-07,14.0,Female,Grade 9,Private,Math,4.7,6.7,6.5,87.0,94.0,Notebook / Notes,No,Yes,Medium,High,80.0,88.0,Good,Strong participation
R1050,S0128,2026-03-18,15.0,Female,Grade 8,Public,Math,5.2,8.8,3.9,82.0,85.0,Notebook / Notes,No,Yes,Low,High,100.0,100.0,Excellent,Consistent effort
R2852,S0019,2026-04-02,15.0,Female,Grade 10,International,Science,3.2,6.8,3.4,85.0,87.0,Notebook / Notes,No,Yes,Medium,Medium,100.0,88.0,Good,Absent during some activities
R0392,S0042,2026-03-28,14.0,Male,Grade 9,International,Science,1.8,6.2,6.4,77.0,73.0,Online Videos,No,Yes,Medium,Medium,90.0,74.0,Pass,-
R0602,S0285,2026-02-22,13.0,Female,Grade 8,Public,History,3.1,7.0,4.8,81.0,92.0,Self Study,Yes,Yes,Low,Medium,82.0,97.0,Excellent,Consistent effort
R2120,S0688,2026-04-14,17.0,Female,Grade 10,Public,Math,1.7,6.5,5.8,90.0,68.0,Group Study,No,Yes,Medium,High,71.0,83.0,Good,Good analytical thinking
R1749,S0177,2026-02-20,16.0,Female,Grade 11,International,Computer Science,3.2,7.3,6.0,95.0,85.0,Notebook / Notes,No,Yes,Medium,Low,91.0,100.0,Excellent,Often distracted
R2246,S0548,2026-04-01,13.0,Female,Grade 8,Public,Math,3.7,5.5,7.0,96.0,58.0,Online Videos,No,Yes,Medium,Medium,62.0,69.0,Pass,No Comment
R0701,S0561,2026-02-20,16.0,Female,Grade 11,Private,Science,3.5,6.7,5.2,80.0,77.0,Online Videos,No,Yes,Low,Medium,95.0,100.0,Excellent,Good analytical thinking
R2725,S0145,2026-04-04,13.0,Female,Grade 8,Private,Math,6.2,8.6,6.8,79.0,79.0,Group Study,No,Yes,High,Low,95.0,100.0,Excellent,Homework quality varies
R3007,S0366,2026-02-26,14.0,Male,Grade 12,Public,Math,4.1,5.5,5.0,93.0,100.0,Private Tutor,No,Yes,Medium,High,100.0,100.0,Excellent,No Comment
R1092,S0016,2026-04-16,15.0,Female,Grade 10,Public,Science,4.5,8.0,4.3,77.0,45.0,Online Videos,Yes,Yes,Medium,Low,100.0,100.0,Excellent,Needs revision plan
R0182,S0186,2026-03-18,15.0,Male,Grade 9,Private,Computer Science,1.1,5.3,3.5,86.0,71.0,Notebook / Notes,No,Yes,High,Medium,66.0,73.0,Pass,Needs better time management
R2205,S0071,2026-03-07,13.0,Male,Grade 11,Private,Math,3.5,5.4,3.2,97.0,73.0,Self Study,Yes,Yes,Low,Medium,100.0,100.0,Excellent,Absent during some activities
R3185,S0459,2026-02-03,16.0,Female,Grade 10,Public,Computer Science,3.2,7.2,3.6,81.0,56.0,Self Study,No,Yes,Medium,Medium,74.0,72.0,Pass,Improved this term
R3306,S0544,2026-04-14,14.0,Male,Grade 9,Public,History,4.4,8.2,4.2,80.0,66.0,Self Study,No,Yes,Low,Medium,96.0,100.0,Excellent,Absent during some activities
R2230,S0343,2026-03-15,14.0,Female,Grade 9,Private,Computer Science,3.1,7.5,4.8,72.0,79.0,Notebook / Notes,Yes,Yes,Low,High,82.0,86.0,Good,No Comment
R1494,S0550,2026-04-26,15.0,Male,Grade 10,International,Science,1.9,6.6,3.5,79.0,36.0,Self Study,Yes,No,Low,Low,91.0,84.0,Good,Excellent focus
R2813,S0381,2026-02-27,15.0,Male,Grade 10,International,History,4.8,7.5,4.5,87.0,77.0,Group Study,No,Yes,Low,Medium,90.0,100.0,Excellent,No Comment
R2259,S0235,2026-02-23,16.0,Male,Grade 11,Public,Computer Science,0.1,8.9,3.7,74.0,75.0,Online Videos,No,Yes,Low,Medium,86.0,85.0,Good,Improved this term
R0832,S0210,2026-02-13,15.0,Female,Grade 10,Public,Science,1.0,6.1,6.5,87.0,64.0,Group Study,No,Yes,Low,Low,90.0,68.0,Pass,Absent during some activities
R0826,S0298,2026-03-02,17.0,Male,Grade 12,Private,Math,2.6,6.7,2.1,79.0,80.0,Self Study,No,Yes,Medium,Medium,67.0,85.0,Good,No Comment
R0317,S0326,2026-02-11,14.0,Male,Grade 9,International,History,5.0,7.3,5.4,77.0,74.0,Group Study,No,No,Medium,Medium,81.0,100.0,Excellent,Excellent focus
R3338,S0158,2026-02-16,16.0,Female,Grade 11,Private,Computer Science,3.3,7.6,3.7,99.0,79.0,Self Study,No,Yes,High,Medium,81.0,86.0,Good,Improved this term
R3675,S0417,2026-02-09,17.0,Male,Grade 12,Private,History,3.4,5.9,4.4,77.0,100.0,Private Tutor,Yes,Yes,Low,Medium,100.0,100.0,Excellent,No Comment
R1355,S0179,2026-02-09,17.0,Male,Grade 8,Private,Math,3.2,6.1,3.1,90.0,76.0,Group Study,No,Yes,Medium,Low,92.0,95.0,Excellent,Strong participation
R0126,S0108,2026-02-10,14.0,Female,Grade 9,Public,Science,3.6,6.9,6.6,82.0,100.0,Online Videos,No,Yes,Low,Medium,98.0,100.0,Excellent,Often distracted
R3525,S0603,2026-04-10,15.0,Female,Grade 10,Private,English,4.1,8.6,3.5,94.0,66.0,Group Study,No,Yes,High,High,82.0,100.0,Excellent,Often distracted
R3309,S0678,2026-04-15,15.0,Male,Grade 10,Private,Computer Science,6.2,5.8,4.7,92.0,66.0,Notebook / Notes,No,Yes,Low,High,100.0,100.0,Excellent,Good analytical thinking
R1687,S0666,2026-04-10,14.0,Female,Grade 9,Private,Computer Science,4.1,6.6,6.1,95.0,77.0,Self Study,No,Yes,Low,High,95.0,100.0,Excellent,Needs better time management
R0539,S0532,2026-04-10,16.0,Male,Grade 11,International,Computer Science,3.1,7.2,2.3,70.0,81.0,Group Study,No,Yes,Medium,Low,81.0,86.0,Good,Needs better time management
R0461,S0623,2026-04-29,15.0,Female,Grade 11,Public,Math,5.4,6.4,4.6,84.0,85.0,Group Study,No,Yes,Medium,Medium,84.0,98.0,Excellent,Needs better time management
R2095,S0378,2026-02-24,13.0,Female,Grade 8,Public,Computer Science,4.6,7.1,5.2,100.0,82.0,Group Study,No,Yes,High,High,95.0,95.0,Excellent,Absent during some activities
R2429,S0093,2026-03-09,17.0,Female,Grade 12,International,History,1.7,6.7,3.8,89.0,82.0,Online Videos,No,Yes,Medium,High,100.0,97.0,Excellent,Excellent focus
R0582,S0592,2026-03-06,17.0,Female,Grade 12,Private,Computer Science,3.4,6.5,3.9,89.0,44.0,Group Study,Yes,Yes,Medium,Medium,81.0,85.0,Good,Consistent effort
R1667,S0555,2026-04-13,15.0,Male,Grade 10,Public,History,4.0,6.8,2.8,68.0,78.0,Group Study,No,Yes,Medium,High,100.0,96.0,Excellent,Good analytical thinking
R2428,S0144,2026-02-11,15.0,Male,Grade 10,Public,Science,2.5,6.2,1.3,84.0,100.0,Self Study,No,Yes,Medium,Medium,94.0,90.0,Excellent,Good analytical thinking
R1094,S0096,2026-02-17,16.0,Female,Grade 11,Public,English,0.0,7.3,3.9,93.0,95.0,Notebook / Notes,No,Yes,Low,Low,85.0,81.0,Good,Good analytical thinking
R2343,S0633,2026-02-24,17.0,Female,Grade 12,Private,Science,2.5,7.2,1.5,78.0,62.0,Private Tutor,No,No,Low,Medium,85.0,93.0,Excellent,Needs better time management
R1290,S0659,2026-02-01,16.0,Male,Grade 10,Private,Science,2.8,7.2,4.4,84.0,62.0,Self Study,No,Yes,Medium,High,91.0,82.0,Good,Strong participation
R0744,S0575,2026-03-10,14.0,Male,Grade 9,Public,History,3.3,7.5,3.1,97.0,62.0,Self Study,No,Yes,Medium,Medium,100.0,100.0,Excellent,Needs better time management
R1033,S0385,2026-02-08,14.0,Female,Grade 9,Public,Science,3.2,7.6,5.0,81.0,82.0,Online Videos,No,No,Medium,Medium,88.0,100.0,Excellent,Needs better time management
R1593,S0185,2026-02-21,16.0,Male,Grade 11,Private,English,4.5,6.1,3.4,76.0,87.0,Online Videos,No,Yes,Low,Medium,85.0,100.0,Excellent,Strong participation
R2980,S0178,2026-03-26,17.0,Male,Grade 12,Public,Science,4.8,6.3,4.7,89.0,69.0,Notebook / Notes,No,Yes,High,Medium,87.0,74.0,Pass,-
R2217,S0091,2026-02-03,16.0,Male,Grade 9,International,Science,2.9,5.1,3.8,87.0,54.0,Online Videos,No,Yes,Medium,Low,91.0,83.0,Good,Consistent effort
R1224,S0126,2026-02-27,15.0,Male,Grade 10,Public,Science,2.5,8.8,2.9,83.0,100.0,Notebook / Notes,No,Yes,Medium,Medium,100.0,100.0,Excellent,Consistent effort
R2633,S0170,2026-03-27,15.0,Male,Grade 12,International,Math,3.2,8.6,0.7,91.0,71.0,Online Videos,No,Yes,Low,High,93.0,86.0,Good,No Comment
R0939,S0143,2026-04-13,17.0,Male,Grade 12,Private,English,4.2,6.9,3.6,93.0,79.0,Self Study,No,Yes,Low,Medium,89.0,93.0,Excellent,Improved this term
R2679,S0432,2026-02-12,16.0,Male,Grade 11,International,Computer Science,3.0,8.3,2.3,100.0,94.0,Notebook / Notes,Yes,Yes,Medium,Medium,99.0,100.0,Excellent,Needs revision plan
R3796,S0729,2026-03-03,17.0,Female,Grade 12,Private,English,4.1,6.5,1.7,95.0,79.0,Group Study,No,Yes,High,Medium,90.0,98.0,Excellent,Homework quality varies
R1911,S0375,2026-02-20,16.0,Female,Grade 11,Public,Computer Science,2.7,6.6,1.5,93.0,62.0,Group Study,Yes,Yes,Medium,High,80.0,94.0,Excellent,Improved this term
R0788,S0595,2026-04-22,13.0,Male,Grade 8,Public,Science,3.0,8.2,4.5,93.0,68.0,Group Study,Yes,Yes,High,Low,83.0,90.0,Excellent,No Comment
R3061,S0607,2026-04-26,15.0,Male,Grade 10,Private,History,4.2,8.1,1.3,100.0,75.0,Group Study,Yes,Yes,High,Low,96.0,94.0,Excellent,Often distracted
R2108,S0302,2026-02-23,16.0,Female,Grade 11,Public,Computer Science,5.8,6.1,3.5,88.0,61.0,Self Study,Yes,No,Low,Low,100.0,92.0,Excellent,Good analytical thinking
R3770,S0075,2026-02-10,17.0,Female,Grade 12,International,Science,2.3,5.5,6.9,90.0,69.0,Online Videos,No,Yes,Medium,Medium,72.0,92.0,Good,Strong participation
R0987,S0708,2026-02-27,15.0,Female,Grade 10,Public,Science,3.2,7.5,3.8,99.0,100.0,Notebook / Notes,Yes,Yes,Medium,Medium,86.0,94.0,Excellent,Needs better time management
R1563,S0523,2026-02-09,15.0,Female,Grade 10,International,Science,3.4,8.5,4.7,85.0,76.0,Private Tutor,No,Yes,Low,Medium,100.0,96.0,Excellent,Consistent effort
R3327,S0557,2026-03-12,16.0,Female,Grade 11,Public,Science,3.1,7.0,4.9,96.0,100.0,Online Videos,Yes,Yes,Medium,Low,80.0,86.0,Good,Often distracted
R1139,S0649,2026-02-05,13.0,Female,Grade 8,Private,History,2.1,6.7,2.8,75.0,73.0,Self Study,Yes,Yes,Medium,High,90.0,81.0,Good,Homework quality varies
R2771,S0146,2026-02-12,16.0,Male,Grade 11,Public,Science,1.8,6.9,2.0,86.0,78.0,Notebook / Notes,No,Yes,Low,Medium,100.0,90.0,Excellent,Often distracted
R1513,S0023,2026-04-15,15.0,Male,Grade 10,Private,Science,0.0,8.0,3.6,91.0,88.0,Online Videos,No,Yes,Medium,High,87.0,87.0,Good,Excellent focus
R1136,S0662,2026-02-02,17.0,Male,Grade 12,Public,Computer Science,1.4,7.1,6.8,91.0,80.0,Private Tutor,No,Yes,Medium,Medium,82.0,79.0,Good,Strong participation
R3220,S0475,2026-03-14,14.0,Female,Grade 9,Public,English,2.4,7.7,2.9,82.0,100.0,Notebook / Notes,No,Yes,Medium,Low,82.0,83.0,Good,No Comment
R0357,S0458,2026-04-01,14.0,Female,Grade 9,International,Computer Science,0.7,7.5,6.7,92.0,90.0,Online Videos,No,Yes,High,Medium,66.0,92.0,Needs Improvement,No Comment
R2326,S0328,2026-02-15,13.0,Male,Grade 8,Public,Computer Science,3.2,7.0,2.8,77.0,61.0,Group Study,No,Yes,Low,Medium,94.0,88.0,Good,Often distracted
R0335,S0406,2026-02-07,17.0,Female,Grade 12,International,History,2.7,7.2,3.9,85.0,52.0,Online Videos,No,Yes,Low,Medium,90.0,87.0,Good,Good analytical thinking
R0264,S0290,2026-04-23,15.0,Female,Grade 10,International,English,5.4,6.0,6.5,72.0,76.0,Online Videos,No,Yes,Medium,Medium,100.0,100.0,Excellent,Needs better time management
R0175,S0130,2026-02-14,15.0,Male,Grade 10,International,English,4.4,6.1,3.4,98.0,65.0,Online Videos,No,Yes,Low,Low,97.0,100.0,Excellent,Improved this term
R1276,S0289,2026-03-24,17.0,Female,Grade 12,International,Science,3.7,7.2,3.8,74.0,82.0,Group Study,No,Yes,Low,High,100.0,99.0,Excellent,Homework quality varies
R0915,S0380,2026-02-16,16.0,Female,Grade 11,International,Science,3.7,8.4,4.5,82.0,84.0,Self Study,No,Yes,High,Low,95.0,100.0,Excellent,No Comment
R0169,S0450,2026-03-14,16.0,Male,Grade 11,Public,Math,3.1,6.0,4.3,74.0,73.0,Notebook / Notes,No,Yes,Medium,Low,60.0,72.0,Pass,Excellent focus
R0645,S0219,2026-02-12,14.0,Female,Grade 9,Private,Science,4.5,7.0,4.5,79.0,80.0,Self Study,No,Yes,Medium,Medium,100.0,96.0,Excellent,Needs revision plan
R1484,S0535,2026-02-04,17.0,Male,Grade 12,Public,Math,3.2,7.0,5.2,86.0,70.0,Group Study,Yes,No,High,Medium,65.0,69.0,Pass,Strong participation
R1867,S0140,2026-03-14,13.0,Male,Grade 8,Public,English,2.2,6.4,1.3,87.0,64.0,Private Tutor,No,Yes,Medium,Medium,89.0,80.0,Good,Excellent focus
R1388,S0185,2026-04-24,15.0,Male,Grade 10,Private,Science,3.2,6.2,4.9,100.0,39.0,Online Videos,No,Yes,Low,High,96.0,98.0,Excellent,Excellent focus
R2890,S0303,2026-04-05,15.0,Female,Grade 8,Private,History,3.2,7.9,3.7,98.0,69.0,Online Videos,No,No,Medium,Medium,100.0,100.0,Excellent,Excellent focus
R1009,S0296,2026-02-19,17.0,Male,Grade 12,Public,Computer Science,2.4,5.7,4.2,91.0,100.0,Group Study,No,Yes,Low,High,90.0,92.0,Excellent,Often distracted
R2508,S0400,2026-04-13,14.0,Male,Grade 9,Public,Computer Science,3.3,8.7,1.1,85.0,85.0,Self Study,No,Yes,Medium,High,100.0,92.0,Excellent,No Comment
R3630,S0085,2026-04-27,16.0,Female,Grade 11,Private,Science,3.2,6.0,1.2,83.0,82.0,Private Tutor,No,Yes,High,Medium,96.0,90.0,Excellent,Often distracted
R0296,S0355,2026-01-05,14.0,Female,Grade 9,International,English,3.4,6.3,2.9,87.0,69.0,Online Videos,Yes,Yes,Low,Low,69.0,75.0,Good,Often distracted
R2052,S0029,2026-04-17,13.0,Male,Grade 8,Public,History,5.6,5.9,7.9,100.0,83.0,Notebook / Notes,No,No,Medium,High,100.0,100.0,Excellent,Absent during some activities
R0530,S0524,2026-04-10,16.0,Male,Grade 11,Private,English,3.9,7.1,4.2,86.0,93.0,Self Study,No,Yes,Medium,Medium,100.0,100.0,Excellent,Strong participation
R1928,S0710,2026-02-27,17.0,Male,Grade 12,International,English,4.7,7.0,6.4,94.0,78.0,Self Study,No,Yes,Medium,Low,97.0,95.0,Excellent,Homework quality varies
R3009,S0665,2026-03-25,17.0,Female,Grade 12,International,History,4.6,6.5,2.5,85.0,100.0,Group Study,Yes,Yes,High,High,100.0,100.0,Excellent,Often distracted
R2878,S0639,2026-02-03,17.0,Male,Grade 12,Public,History,3.7,7.9,4.9,77.0,72.0,Self Study,No,Yes,Medium,High,99.0,99.0,Excellent,Needs better time management
R2255,S0393,2026-04-13,16.0,Female,Grade 11,Private,English,3.9,8.7,2.7,94.0,69.0,Notebook / Notes,No,Yes,Low,High,100.0,100.0,Excellent,Homework quality varies
R2223,S0681,2026-02-15,16.0,Female,Grade 11,International,History,3.7,7.2,3.4,67.0,75.0,Self Study,No,Yes,Medium,Low,80.0,90.0,Excellent,Improved this term
R2273,S0611,2026-03-11,15.0,Female,Grade 10,Public,Science,5.3,8.0,7.9,95.0,80.0,Self Study,No,Yes,Low,Medium,83.0,100.0,Excellent,Good analytical thinking
R0233,S0583,2026-03-18,14.0,Female,Grade 9,Public,Computer Science,4.9,6.7,5.7,93.0,60.0,Self Study,No,Yes,Medium,Medium,97.0,92.0,Excellent,Improved this term
R1584,S0376,2026-03-17,17.0,Female,Grade 12,International,History,3.3,8.8,5.3,83.0,86.0,Self Study,Yes,Yes,Medium,High,87.0,87.0,Good,Good analytical thinking
R1693,S0607,2026-04-10,15.0,Male,Grade 12,Public,Computer Science,4.0,6.4,4.9,80.0,75.0,Private Tutor,No,Yes,Low,High,93.0,97.0,Excellent,Improved this term
R2938,S0485,2026-02-16,13.0,Female,Grade 8,Private,Math,2.3,8.9,4.2,90.0,36.0,Notebook / Notes,No,Yes,High,High,72.0,71.0,Pass,No Comment
R2626,S0184,2026-02-04,17.0,Female,Grade 12,International,Computer Science,3.2,5.6,2.2,84.0,65.0,Online Videos,No,Yes,Medium,Medium,80.0,86.0,Good,Needs revision plan
R0517,S0515,2026-03-12,13.0,Female,Grade 8,International,History,0.4,7.0,2.4,87.0,99.0,Self Study,Yes,Yes,High,Medium,58.0,79.0,Good,Homework quality varies
R3441,S0037,2026-02-09,13.0,Female,Grade 8,Public,Computer Science,1.6,7.3,4.2,82.0,58.0,Group Study,Yes,Yes,Medium,Low,83.0,81.0,Good,Needs revision plan
R2298,S0516,2026-02-20,15.0,Male,Grade 10,International,English,2.0,8.7,3.8,97.0,72.0,Notebook / Notes,No,Yes,Medium,High,100.0,100.0,Excellent,No Comment
R1254,S0311,2026-02-20,13.0,Male,Grade 8,International,Math,2.1,7.1,3.3,100.0,60.0,Self Study,No,No,Low,Low,71.0,70.0,Pass,Improved this term
R2182,S0301,2026-02-20,14.0,Female,Grade 9,Public,History,1.7,7.2,5.5,88.0,49.0,Online Videos,No,No,High,Medium,58.0,92.0,Pass,Absent during some activities
R0651,S0358,2026-02-20,17.0,Female,Grade 9,Private,English,3.4,6.0,2.5,73.0,39.0,Online Videos,No,Yes,Medium,Medium,100.0,91.0,Excellent,Strong participation
R3356,S0491,2026-04-11,13.0,Male,Grade 8,Public,Math,2.5,7.6,3.9,87.0,64.0,Online Videos,No,Yes,High,Low,77.0,75.0,Good,Improved this term
R1933,S0531,2026-03-05,13.0,Male,Grade 8,Public,History,1.9,7.2,1.9,98.0,62.0,Self Study,Yes,No,Medium,High,85.0,85.0,Good,Consistent effort
R3858,S0687,2026-04-25,17.0,Male,Grade 12,Public,Science,2.3,6.4,4.5,97.0,62.0,Online Videos,No,No,Low,High,83.0,95.0,Excellent,Strong participation
R3897,S0730,2026-02-13,17.0,Female,Grade 8,Public,Computer Science,3.6,6.9,4.1,92.0,48.0,Group Study,Yes,Yes,Medium,Medium,100.0,100.0,Excellent,Strong participation
R0643,S0129,2026-04-22,17.0,Male,Grade 12,International,English,4.1,6.7,5.0,87.0,63.0,Private Tutor,No,Yes,Medium,High,89.0,98.0,Excellent,Good analytical thinking
R1647,S0019,2026-02-08,13.0,Male,Grade 8,Public,History,3.2,7.7,4.4,99.0,77.0,Self Study,No,Yes,Medium,High,100.0,100.0,Excellent,Consistent effort
R3457,S0529,2026-04-06,14.0,Male,Grade 12,Private,Math,3.5,7.0,5.4,77.0,76.0,Self Study,No,Yes,Low,High,75.0,80.0,Good,No Comment
R1249,S0537,2026-03-01,17.0,Male,Grade 9,Public,Computer Science,3.5,7.9,3.5,87.0,96.0,Private Tutor,No,Yes,Low,High,100.0,100.0,Excellent,Needs better time management
R0679,S0248,2026-02-26,15.0,Female,Grade 10,Public,English,2.2,8.5,3.9,83.0,60.0,Self Study,No,Yes,Low,Medium,100.0,91.0,Excellent,Often distracted
R0794,S0439,2026-02-23,15.0,Male,Grade 10,Public,English,3.3,8.4,5.2,92.0,82.0,Online Videos,No,Yes,Low,Medium,82.0,96.0,Excellent,Consistent effort
R3047,S0047,2026-02-04,15.0,Female,Grade 10,Public,Science,3.2,6.1,2.4,84.0,51.0,Online Videos,Yes,Yes,Low,Medium,77.0,77.0,Good,Consistent effort
R0713,S0238,2026-03-29,15.0,Male,Grade 10,Public,Science,2.8,6.9,5.4,89.0,71.0,Online Videos,Yes,Yes,Medium,Medium,96.0,99.0,Excellent,Absent during some activities
R0481,S0651,2026-02-28,16.0,Female,Grade 11,Private,History,2.3,8.6,2.9,80.0,45.0,Private Tutor,No,Yes,Medium,Low,62.0,65.0,Pass,No Comment
R2888,S0190,2026-03-29,17.0,Female,Grade 12,Public,Science,4.9,7.5,6.0,88.0,68.0,Online Videos,No,Yes,Medium,Low,90.0,100.0,Excellent,Improved this term
R2257,S0088,2026-02-01,15.0,Male,Grade 10,Private,Computer Science,3.3,6.6,6.7,99.0,49.0,Group Study,Yes,No,Low,Low,81.0,88.0,Good,Needs revision plan
R0321,S0103,2026-02-19,13.0,Female,Grade 8,Public,Math,4.7,7.2,3.3,99.0,70.0,Group Study,Yes,Yes,Low,Medium,98.0,100.0,Excellent,Needs revision plan
R3019,S0591,2026-04-13,17.0,Female,Grade 12,Public,Computer Science,2.7,7.5,6.5,70.0,76.0,Notebook / Notes,Yes,No,High,Medium,100.0,97.0,Excellent,Improved this term
R2291,S0597,2026-04-05,13.0,Female,Grade 8,International,English,3.2,8.2,4.8,72.0,72.0,Online Videos,No,Yes,Medium,Medium,100.0,100.0,Excellent,Needs better time management
R2802,S0107,2026-02-21,14.0,Female,Grade 9,Public,History,2.8,7.3,0.7,90.0,72.0,Online Videos,Yes,No,Low,High,100.0,100.0,Excellent,Excellent focus
R2655,S0118,2026-03-17,13.0,Male,Grade 8,Private,Math,4.1,6.9,4.2,95.0,70.0,Self Study,No,Yes,Low,High,96.0,100.0,Excellent,Absent during some activities
R1635,S0182,2026-02-18,13.0,Female,Grade 10,Public,Math,2.1,8.8,5.1,86.0,44.0,Notebook / Notes,No,Yes,Medium,Low,76.0,81.0,Good,Needs revision plan
R2355,S0516,2026-02-17,13.0,Female,Grade 8,Public,History,1.8,7.6,4.1,74.0,78.0,Group Study,Yes,Yes,Low,Low,79.0,81.0,Good,Strong participation
R2637,S0455,2026-04-23,17.0,Male,Grade 12,Private,Science,5.3,8.3,4.9,100.0,80.0,Notebook / Notes,No,Yes,Medium,Medium,100.0,100.0,Excellent,Homework quality varies
R2213,S0022,2026-04-11,14.0,Male,Grade 9,Private,English,3.2,8.5,2.9,83.0,96.0,Self Study,No,Yes,High,High,77.0,92.0,Excellent,Homework quality varies
R1109,S0020,2026-04-22,16.0,Female,Grade 11,Public,Computer Science,3.8,5.7,6.4,90.0,90.0,Self Study,No,Yes,High,High,90.0,92.0,Excellent,Excellent focus
R0990,S0580,2026-02-07,13.0,Female,Grade 8,Private,Science,3.6,7.8,3.6,100.0,59.0,Group Study,No,Yes,Medium,High,97.0,98.0,Excellent,Good analytical thinking
R3729,S0195,2026-02-16,15.0,Male,Grade 10,International,English,4.1,6.6,2.0,90.0,98.0,Group Study,Yes,No,Medium,Low,100.0,100.0,Excellent,Homework quality varies
R1481,S0733,2026-03-29,14.0,Male,Grade 10,International,English,3.6,6.9,2.0,70.0,83.0,Self Study,Yes,Yes,Medium,High,97.0,89.0,Excellent,Improved this term
R1581,S0580,2026-02-22,15.0,Female,Grade 12,International,History,4.5,6.2,3.4,84.0,98.0,Online Videos,No,Yes,Medium,Medium,90.0,100.0,Excellent,Excellent focus
R1285,S0553,2026-04-07,17.0,Male,Grade 9,Public,History,3.4,8.1,7.2,83.0,90.0,Self Study,Yes,Yes,Medium,Medium,94.0,100.0,Excellent,Absent during some activities
R2376,S0579,2026-03-22,13.0,Female,Grade 8,International,Math,3.9,8.2,1.8,88.0,80.0,Self Study,Yes,Yes,High,Medium,87.0,97.0,Excellent,No Comment
R2219,S0606,2026-04-27,13.0,Male,Grade 8,Private,Computer Science,4.0,5.3,6.5,93.0,69.0,Self Study,No,Yes,Low,Low,73.0,85.0,Good,Needs revision plan
R0869,S0419,2026-04-13,14.0,Female,Grade 9,Public,Science,2.3,8.5,3.9,97.0,91.0,Self Study,Yes,Yes,High,High,94.0,100.0,Excellent,Homework quality varies
R0862,S0513,2026-02-23,13.0,Male,Grade 8,Public,History,2.8,9.1,7.6,73.0,54.0,Notebook / Notes,No,No,Medium,Medium,70.0,82.0,Good,Excellent focus
R3424,S0688,2026-03-24,15.0,Female,Grade 10,Public,Computer Science,4.0,5.5,3.7,90.0,57.0,Self Study,No,Yes,High,High,86.0,100.0,Excellent,Good analytical thinking
R3560,S0208,2026-03-14,14.0,Male,Grade 9,Private,Computer Science,2.3,7.6,4.2,87.0,64.0,Self Study,Yes,Yes,Medium,High,83.0,89.0,Good,Absent during some activities
R3482,S0386,2026-04-28,16.0,Female,Grade 11,Public,History,2.0,7.5,7.2,87.0,68.0,Online Videos,Yes,Yes,Low,Medium,88.0,93.0,Excellent,Consistent effort
R0609,S0213,2026-02-06,15.0,Female,Grade 10,Public,Computer Science,1.5,7.2,3.5,82.0,80.0,Group Study,No,No,Medium,Low,89.0,84.0,Good,Consistent effort
R0686,S0654,2026-04-23,13.0,Female,Grade 8,Public,Science,0.1,7.2,2.9,99.0,69.0,Private Tutor,No,Yes,High,High,75.0,83.0,Good,Excellent focus
R1179,S0543,2026-03-20,17.0,Female,Grade 12,Private,English,2.2,6.7,4.2,100.0,88.0,Notebook / Notes,No,Yes,Medium,High,97.0,100.0,Excellent,Strong participation
R1717,S0353,2026-04-27,15.0,Male,Grade 10,International,History,3.2,6.8,4.2,93.0,94.0,Self Study,No,No,Medium,High,91.0,100.0,Excellent,Good analytical thinking
R1075,S0017,2026-02-02,14.0,Female,Grade 9,Private,History,2.7,8.1,5.9,79.0,100.0,Self Study,No,No,Medium,Medium,96.0,85.0,Good,Absent during some activities
R2281,S0740,2026-02-04,16.0,Male,Grade 12,Private,History,1.2,6.8,2.7,82.0,58.0,Online Videos,No,Yes,High,High,64.0,92.0,Pass,Needs revision plan
R1639,S0296,2026-04-30,13.0,Female,Grade 8,Public,Math,3.9,8.2,5.9,80.0,85.0,Group Study,No,Yes,Low,High,89.0,92.0,Excellent,No Comment
R3409,S0168,2026-03-21,16.0,Female,Grade 11,Public,English,3.2,8.9,6.3,87.0,100.0,Group Study,No,Yes,High,Medium,91.0,94.0,Excellent,Good analytical thinking
R1604,S0730,2026-03-20,14.0,Female,Grade 9,Private,Science,3.7,7.7,4.4,79.0,59.0,Online Videos,No,Yes,Low,Medium,77.0,93.0,Excellent,Homework quality varies
R0814,S0509,2026-02-21,15.0,Male,Grade 10,Public,Science,4.5,7.7,1.5,86.0,82.0,Online Videos,No,Yes,Medium,High,100.0,100.0,Excellent,Improved this term
R0186,S0317,2026-03-01,15.0,Female,Grade 10,Private,History,2.6,6.0,3.2,79.0,74.0,Group Study,No,Yes,High,Medium,74.0,75.0,Good,Excellent focus
R0053,S0694,2026-03-01,17.0,Male,Grade 12,Public,Math,4.7,6.8,2.7,85.0,83.0,Online Videos,No,Yes,Low,Low,92.0,93.0,Excellent,Often distracted
R1797,S0649,2026-03-12,17.0,Female,Grade 12,Private,Computer Science,2.9,7.7,5.7,87.0,69.0,Notebook / Notes,No,No,Medium,Medium,79.0,97.0,Excellent,Needs better time management
R1995,S0182,2026-04-01,14.0,Female,Grade 8,Public,Science,3.5,7.2,5.5,86.0,60.0,Group Study,No,Yes,Low,High,91.0,97.0,Excellent,Improved this term
R2256,S0127,2026-04-05,15.0,Male,Grade 10,Private,Math,2.1,6.8,2.7,78.0,100.0,Self Study,Yes,Yes,Medium,Medium,100.0,97.0,Excellent,Needs revision plan
R0682,S0580,2026-04-28,14.0,Male,Grade 9,Private,Science,5.7,6.2,3.5,97.0,72.0,Online Videos,No,Yes,Medium,High,88.0,100.0,Excellent,Consistent effort
R1624,S0629,2026-03-16,15.0,Male,Grade 10,Private,Computer Science,2.1,6.9,5.3,78.0,48.0,Online Videos,No,No,Medium,Medium,78.0,83.0,Good,Good analytical thinking
R0874,S0610,2026-03-11,16.0,Female,Grade 11,Public,English,3.0,5.9,5.5,85.0,77.0,Online Videos,No,Yes,Medium,High,91.0,81.0,Good,Improved this term
R1636,S0447,2026-02-05,14.0,Female,Grade 9,Public,English,0.2,6.5,4.5,98.0,65.0,Self Study,No,Yes,High,Medium,74.0,71.0,Pass,Absent during some activities
R1737,S0143,2026-04-24,13.0,Female,Grade 8,International,Science,4.8,7.5,6.1,87.0,100.0,Notebook / Notes,No,Yes,Medium,High,92.0,96.0,Excellent,Often distracted
R2990,S0410,2026-03-06,15.0,Female,Grade 10,Public,Computer Science,4.3,6.5,6.2,86.0,100.0,Self Study,No,Yes,High,High,100.0,100.0,Excellent,Absent during some activities
R3645,S0603,2026-02-13,16.0,Female,Grade 11,Public,Science,2.8,5.8,5.5,82.0,76.0,Group Study,No,Yes,Medium,High,91.0,92.0,Excellent,Excellent focus
R3207,S0257,2026-04-21,13.0,Male,Grade 8,Private,English,4.0,6.6,6.2,82.0,58.0,Self Study,No,No,Medium,High,89.0,87.0,Good,Absent during some activities
R0379,S0452,2026-04-20,17.0,Female,Grade 12,International,Science,0.9,8.7,4.8,83.0,60.0,Group Study,No,Yes,High,High,75.0,65.0,Pass,Needs revision plan
R2194,S0334,2026-02-04,15.0,Female,Grade 10,Public,Science,1.5,6.3,6.6,95.0,70.0,Self Study,No,Yes,Medium,High,82.0,90.0,Excellent,-
R3118,S0114,2026-02-10,13.0,Male,Grade 8,Public,Science,2.6,9.0,3.0,91.0,87.0,Private Tutor,No,Yes,High,Medium,90.0,83.0,Good,Consistent effort
R2145,S0321,2026-03-19,16.0,Female,Grade 9,Public,History,2.8,6.0,6.1,86.0,100.0,Self Study,No,Yes,Low,Medium,94.0,88.0,Good,Strong participation
R1685,S0584,2026-03-11,15.0,Female,Grade 9,Private,Computer Science,4.0,6.7,6.2,78.0,93.0,Online Videos,Yes,Yes,Medium,Medium,82.0,90.0,Excellent,Homework quality varies
R2500,S0174,2026-03-12,14.0,Male,Grade 9,Private,Math,4.5,7.2,2.6,92.0,80.0,Self Study,No,Yes,Low,Low,92.0,87.0,Good,Needs revision plan
R1888,S0467,2026-02-04,14.0,Female,Grade 9,Public,English,4.2,8.1,2.1,84.0,43.0,Private Tutor,No,Yes,Medium,Medium,95.0,100.0,Excellent,Needs better time management
R2378,S0567,2026-04-08,13.0,Female,Grade 8,Public,Computer Science,2.0,7.1,5.4,81.0,100.0,Private Tutor,Yes,Yes,Low,Medium,82.0,75.0,Good,Excellent focus
R1330,S0457,2026-03-19,17.0,Male,Grade 12,Public,Computer Science,3.7,8.4,5.5,85.0,83.0,Self Study,Yes,Yes,Medium,Low,95.0,92.0,Excellent,Strong participation
R2636,S0141,2026-04-26,15.0,Female,Grade 10,Public,Science,5.1,5.0,4.5,95.0,71.0,Self Study,Yes,Yes,Low,High,74.0,98.0,Excellent,Strong participation
R1682,S0186,2026-04-11,16.0,Female,Grade 11,International,Science,1.2,8.6,5.4,90.0,100.0,Self Study,Yes,Yes,Low,High,75.0,90.0,Excellent,Improved this term
R3403,S0568,2026-02-11,16.0,Male,Grade 11,International,English,2.4,6.6,5.0,68.0,98.0,Self Study,No,Yes,Medium,Low,75.0,75.0,Good,Improved this term
R2744,S0469,2026-02-02,15.0,Male,Grade 10,Public,Science,5.6,6.8,5.7,87.0,58.0,Online Videos,Yes,Yes,Low,High,99.0,100.0,Excellent,Strong participation
R3046,S0301,2026-03-13,15.0,Male,Grade 10,Public,English,5.1,6.6,5.3,94.0,64.0,Online Videos,Yes,Yes,High,Medium,90.0,100.0,Excellent,Needs revision plan
R3426,S0084,2026-04-29,13.0,Female,Grade 8,Public,Computer Science,3.0,7.9,5.0,78.0,47.0,Private Tutor,No,Yes,Medium,Medium,83.0,83.0,Good,Strong participation
R0731,S0190,2026-02-04,15.0,Female,Grade 8,Private,English,3.2,7.1,2.4,85.0,90.0,Group Study,No,Yes,High,Medium,100.0,97.0,Excellent,Improved this term
R0351,S0485,2026-03-28,15.0,Female,Grade 10,Public,English,4.0,8.2,3.4,98.0,100.0,Self Study,No,Yes,Low,Low,100.0,100.0,Excellent,No Comment
R0322,S0058,2026-04-18,13.0,Female,Grade 8,International,English,1.5,7.2,4.7,74.0,71.0,Notebook / Notes,Yes,Yes,Medium,High,80.0,90.0,Excellent,Strong participation
R2061,S0109,2026-04-09,15.0,Male,Grade 10,Private,English,4.6,6.8,1.8,87.0,70.0,Notebook / Notes,No,Yes,Medium,High,94.0,100.0,Excellent,Improved this term
R1110,S0592,2026-02-08,16.0,Female,Grade 11,Public,Math,3.2,7.1,5.5,73.0,55.0,Group Study,No,Yes,Medium,Medium,84.0,80.0,Good,Homework quality varies
R2822,S0659,2026-03-31,17.0,Female,Grade 12,Private,History,2.0,7.1,6.8,90.0,78.0,Notebook / Notes,No,Yes,Medium,High,96.0,92.0,Excellent,Excellent focus
R3167,S0044,2026-03-17,17.0,Female,Grade 12,International,Math,3.3,7.4,3.8,83.0,90.0,Private Tutor,No,Yes,Low,Medium,91.0,86.0,Good,Needs better time management
R3041,S0394,2026-02-25,14.0,Female,Grade 9,Private,Science,3.4,7.1,1.4,82.0,48.0,Online Videos,No,Yes,Medium,Medium,81.0,94.0,Excellent,No Comment
R1382,S0149,2026-04-28,15.0,Male,Grade 10,Private,Math,3.3,5.5,5.9,82.0,100.0,Self Study,No,Yes,Low,Medium,88.0,89.0,Good,No Comment
R1159,S0651,2026-02-12,16.0,Female,Grade 9,Public,English,2.0,7.1,3.2,85.0,76.0,Group Study,No,Yes,Medium,Medium,88.0,83.0,Good,Absent during some activities
R3582,S0480,2026-03-27,15.0,Male,Grade 8,Public,English,2.7,8.9,3.9,87.0,83.0,Online Videos,Yes,Yes,Medium,High,100.0,100.0,Excellent,Often distracted
R0243,S0505,2026-03-03,13.0,Female,Grade 8,Public,Science,3.0,8.0,5.4,90.0,100.0,Notebook / Notes,No,Yes,Medium,High,90.0,100.0,Excellent,Improved this term
R3378,S0003,2026-02-06,13.0,Female,Grade 8,Public,History,2.2,7.1,5.6,93.0,76.0,Self Study,Yes,Yes,Medium,High,94.0,93.0,Excellent,Homework quality varies
R0216,S0465,2026-04-24,16.0,Male,Grade 11,Private,Science,2.9,6.9,4.2,79.0,71.0,Private Tutor,No,Yes,Medium,High,60.0,84.0,Good,Needs revision plan
R1361,S0499,2026-04-18,14.0,Male,Grade 9,Public,Computer Science,3.0,6.2,3.6,96.0,72.0,Self Study,No,Yes,Medium,Medium,100.0,93.0,Excellent,No Comment
R2114,S0496,2026-04-29,17.0,Female,Grade 11,Private,History,4.5,7.8,4.5,83.0,92.0,Notebook / Notes,No,Yes,Medium,Medium,94.0,100.0,Excellent,No Comment
R0725,S0457,2026-04-11,15.0,Male,Grade 10,Public,English,2.7,7.8,3.3,85.0,86.0,Online Videos,Yes,Yes,Low,High,93.0,94.0,Excellent,Good analytical thinking
R1791,S0259,2026-02-21,15.0,Female,Grade 10,Public,Computer Science,2.9,5.2,6.8,83.0,77.0,Self Study,No,Yes,Medium,High,90.0,85.0,Good,Strong participation
R2935,S0439,2026-02-12,17.0,Female,Grade 12,Private,Science,1.4,6.1,6.3,91.0,89.0,Group Study,Yes,Yes,Medium,Medium,90.0,65.0,Pass,Improved this term
R2530,S0205,2026-03-06,15.0,Male,Grade 10,Private,Math,3.4,7.8,5.4,82.0,49.0,Group Study,No,Yes,High,Low,84.0,90.0,Excellent,Strong participation
R0299,S0675,2026-03-10,16.0,Male,Grade 11,Private,Science,0.7,7.3,1.3,85.0,99.0,Online Videos,Yes,Yes,Medium,High,90.0,89.0,Good,Strong participation
R2645,S0434,2026-04-03,17.0,Male,Grade 8,Private,Math,1.7,5.6,6.8,100.0,99.0,Group Study,Yes,No,Medium,High,86.0,87.0,Good,No Comment
R3607,S0317,2026-03-18,16.0,Male,Grade 11,Private,History,0.5,6.9,3.4,89.0,92.0,Online Videos,No,No,Low,Medium,82.0,87.0,Good,Good analytical thinking
R0508,S0472,2026-03-20,17.0,Male,Grade 11,Private,Science,2.4,6.8,4.2,86.0,76.0,Online Videos,No,Yes,High,Medium,73.0,87.0,Good,No Comment
R1051,S0436,2026-02-01,16.0,Female,Grade 11,Public,History,0.0,6.2,2.7,100.0,80.0,Group Study,No,No,Low,Low,81.0,75.0,Good,Needs better time management
R3040,S0655,2026-03-10,15.0,Female,Grade 10,International,English,4.5,9.5,5.4,75.0,100.0,Online Videos,No,Yes,Low,Medium,86.0,91.0,Excellent,Homework quality varies
R0909,S0450,2026-02-04,15.0,Male,Grade 11,Private,Computer Science,2.9,7.9,3.8,93.0,70.0,Self Study,No,Yes,Medium,High,100.0,100.0,Excellent,No Comment
R3095,S0078,2026-04-20,16.0,Female,Grade 11,Public,Science,4.5,8.0,4.2,100.0,100.0,Notebook / Notes,No,Yes,Medium,High,100.0,100.0,Excellent,Consistent effort
R2711,S0316,2026-02-13,16.0,Female,Grade 11,Public,Science,2.4,7.8,4.2,90.0,100.0,Self Study,No,Yes,Low,High,90.0,100.0,Excellent,Consistent effort
R3695,S0032,2026-03-14,17.0,Male,Grade 12,International,History,3.6,8.9,5.2,72.0,82.0,Self Study,No,No,Medium,Medium,91.0,100.0,Excellent,Strong participation
R0650,S0214,2026-04-18,14.0,Female,Grade 9,Public,Computer Science,4.7,5.6,4.0,98.0,55.0,Self Study,Yes,Yes,Low,High,88.0,100.0,Excellent,No Comment
R2319,S0037,2026-04-21,13.0,Female,Grade 8,Public,English,1.0,8.3,5.0,97.0,53.0,Self Study,No,Yes,Medium,Medium,79.0,85.0,Good,Needs revision plan
R1617,S0389,2026-02-06,13.0,Male,Grade 8,Public,Science,3.9,7.5,8.1,83.0,93.0,Self Study,No,Yes,Medium,Low,78.0,86.0,Good,No Comment
R0834,S0223,2026-02-21,14.0,Male,Grade 9,International,History,4.0,7.0,4.1,71.0,71.0,Self Study,Yes,Yes,High,High,82.0,91.0,Excellent,Often distracted
R0347,S0479,2026-04-14,13.0,Female,Grade 12,Public,Computer Science,3.9,7.2,5.8,100.0,76.0,Self Study,No,Yes,Low,Low,100.0,96.0,Excellent,Strong participation
R0715,S0061,2026-04-28,14.0,Female,Grade 9,Private,English,2.6,6.9,2.5,75.0,74.0,Group Study,No,Yes,High,Medium,82.0,79.0,Good,Excellent focus
R0121,S0151,2026-02-19,17.0,Female,Grade 12,Private,Math,1.9,7.2,1.8,88.0,80.0,Self Study,Yes,Yes,Medium,Medium,86.0,95.0,Excellent,Consistent effort
R2563,S0598,2026-03-26,17.0,Female,Grade 12,International,English,4.6,7.9,2.5,84.0,76.0,Online Videos,No,Yes,High,Medium,92.0,92.0,Excellent,No Comment
R1071,S0037,2026-03-31,16.0,Male,Grade 11,Public,Math,1.1,6.9,4.4,91.0,93.0,Group Study,No,No,Medium,Medium,90.0,73.0,Pass,Needs better time management
R1039,S0214,2026-03-16,16.0,Male,Grade 8,Public,Math,2.4,8.2,1.7,69.0,67.0,Online Videos,No,Yes,Medium,Medium,72.0,81.0,Good,Strong participation
R2976,S0669,2026-04-25,16.0,Female,Grade 11,Private,Science,4.0,6.6,5.3,80.0,61.0,Online Videos,No,Yes,Medium,Medium,96.0,99.0,Excellent,Consistent effort
R0923,S0166,2026-02-27,13.0,Male,Grade 8,International,English,5.2,7.7,7.2,84.0,85.0,Self Study,Yes,Yes,Medium,Medium,95.0,94.0,Excellent,Needs better time management
R2983,S0725,2026-03-14,14.0,Female,Grade 9,International,English,6.1,8.0,2.7,74.0,82.0,Online Videos,Yes,Yes,Medium,Medium,81.0,100.0,Excellent,Homework quality varies
R1721,S0055,2026-04-22,14.0,Male,Grade 9,Public,History,1.8,7.2,4.2,90.0,76.0,Self Study,Yes,Yes,Low,Medium,81.0,84.0,Good,Consistent effort
R2818,S0512,2026-02-13,13.0,Male,Grade 8,Public,Computer Science,2.3,7.9,2.8,90.0,82.0,Self Study,No,Yes,Medium,Medium,87.0,95.0,Excellent,Needs revision plan
R3726,S0733,2026-02-17,15.0,Female,Grade 10,International,History,3.0,7.1,4.2,76.0,81.0,Group Study,No,Yes,Low,High,77.0,81.0,Good,Homework quality varies
R2587,S0225,2026-04-17,15.0,Female,Grade 10,Public,English,3.9,7.3,3.0,74.0,69.0,Online Videos,No,Yes,Medium,Low,90.0,92.0,Excellent,Often distracted
R2546,S0474,2026-03-07,14.0,Male,Grade 9,Private,English,5.8,5.3,0.8,77.0,67.0,Notebook / Notes,No,Yes,Low,High,90.0,100.0,Excellent,Excellent focus
R3660,S0136,2026-04-07,17.0,Male,Grade 12,Public,English,1.8,6.9,4.4,93.0,95.0,Self Study,No,Yes,Low,Low,87.0,84.0,Good,Needs better time management
R3902,S0378,2026-04-21,14.0,Female,Grade 9,Public,Science,3.2,7.0,6.6,87.0,72.0,Group Study,Yes,Yes,Medium,High,78.0,82.0,Good,Often distracted
R2780,S0282,2026-04-08,16.0,Male,Grade 11,Private,Math,2.6,7.2,1.6,89.0,76.0,Online Videos,Yes,Yes,Low,Low,82.0,85.0,Good,No Comment
R2048,S0076,2026-04-04,14.0,Male,Grade 9,Private,Computer Science,3.2,6.5,2.5,87.0,81.0,Private Tutor,No,Yes,Medium,High,68.0,92.0,Pass,Improved this term
R1571,S0574,2026-04-13,16.0,Male,Grade 11,Public,History,2.7,7.8,5.8,82.0,78.0,Self Study,No,Yes,Low,Low,82.0,73.0,Pass,Needs better time management
R0488,S0242,2026-04-12,13.0,Female,Grade 12,Public,Computer Science,3.6,7.2,2.9,87.0,45.0,Self Study,No,Yes,Medium,High,90.0,92.0,Excellent,Good analytical thinking
R1343,S0737,2026-02-22,13.0,Male,Grade 8,International,Computer Science,1.4,8.3,3.5,82.0,70.0,Private Tutor,No,Yes,Low,Low,70.0,92.0,Pass,Good analytical thinking
R1939,S0030,2026-05-01,15.0,Male,Grade 10,International,Computer Science,3.8,7.0,4.3,90.0,73.0,Group Study,No,Yes,Low,Low,97.0,92.0,Excellent,Needs revision plan
R1875,S0440,2026-03-18,15.0,Female,Grade 12,Public,Math,3.9,7.8,6.4,83.0,100.0,Group Study,No,Yes,High,Medium,66.0,78.0,Good,No Comment
R3143,S0660,2026-02-08,14.0,Male,Grade 9,International,Math,2.9,7.8,3.6,86.0,100.0,Notebook / Notes,No,Yes,Low,Medium,100.0,96.0,Excellent,Absent during some activities
R1473,S0576,2026-02-07,17.0,Male,Grade 12,Private,History,4.1,7.4,1.4,100.0,49.0,Self Study,No,Yes,Low,Low,94.0,100.0,Excellent,Improved this term
R1374,S0471,2026-02-24,14.0,Male,Grade 9,International,History,4.2,5.1,4.3,83.0,64.0,Online Videos,Yes,Yes,Medium,High,100.0,94.0,Excellent,Good analytical thinking
R2769,S0425,2026-03-04,16.0,Male,Grade 11,Public,History,4.8,6.3,5.5,85.0,90.0,Self Study,No,Yes,Medium,Medium,89.0,100.0,Excellent,No Comment
R0304,S0311,2026-03-10,13.0,Male,Grade 8,Private,English,4.8,6.5,4.0,98.0,55.0,Group Study,Yes,Yes,Low,Medium,96.0,100.0,Excellent,Absent during some activities
R0501,S0532,2026-04-05,15.0,Female,Grade 12,Private,English,3.8,7.6,4.4,87.0,90.0,Online Videos,No,Yes,High,High,97.0,100.0,Excellent,Homework quality varies
R0856,S0732,2026-02-04,13.0,Female,Grade 8,Public,Math,2.7,7.5,8.2,82.0,51.0,Private Tutor,No,Yes,Medium,Medium,75.0,72.0,Pass,Homework quality varies
R0153,S0494,2026-03-08,14.0,Female,Grade 9,Private,English,3.2,7.6,2.5,80.0,47.0,Notebook / Notes,Yes,Yes,High,Low,97.0,88.0,Good,Excellent focus
R3541,S0694,2026-04-16,17.0,Female,Grade 9,International,History,5.4,7.6,5.6,87.0,97.0,Notebook / Notes,No,Yes,Medium,Medium,95.0,93.0,Excellent,No Comment
R2907,S0721,2026-03-06,15.0,Female,Grade 10,Public,Computer Science,2.7,5.3,4.8,85.0,60.0,Self Study,No,Yes,High,Medium,70.0,81.0,Excellent,Consistent effort
R1831,S0220,2026-04-21,15.0,Male,Grade 10,Private,English,1.7,7.2,4.2,94.0,59.0,Online Videos,Yes,Yes,Medium,Medium,100.0,100.0,Excellent,Homework quality varies
R0858,S0010,2026-02-01,16.0,Female,Grade 11,Private,History,1.3,7.2,4.3,98.0,59.0,Private Tutor,No,Yes,High,High,88.0,91.0,Excellent,Absent during some activities
R2083,S0568,2026-02-11,17.0,Male,Grade 12,Public,Math,3.2,7.0,6.3,87.0,71.0,Online Videos,No,Yes,High,Medium,80.0,83.0,Good,Homework quality varies
R0611,S0041,2026-03-23,13.0,Female,Grade 8,Private,Computer Science,3.8,7.0,4.0,93.0,99.0,Notebook / Notes,No,No,Low,Low,100.0,100.0,Excellent,Absent during some activities
R2045,S0398,2026-02-16,13.0,Female,Grade 8,Public,Math,2.5,5.6,4.7,90.0,71.0,Online Videos,No,No,Medium,Medium,74.0,71.0,Pass,Homework quality varies
R3614,S0385,2026-03-21,16.0,Female,Grade 11,Public,Science,4.1,7.2,3.4,90.0,40.0,Private Tutor,No,Yes,High,Medium,67.0,86.0,Good,Strong participation
R0632,S0268,2026-04-28,13.0,Female,Grade 8,Private,Science,3.4,7.4,3.7,92.0,66.0,Self Study,Yes,Yes,High,High,88.0,93.0,Excellent,Needs revision plan
R0430,S0305,2026-03-19,13.0,Male,Grade 8,Private,Science,4.0,7.4,4.4,80.0,74.0,Online Videos,No,Yes,Low,High,82.0,92.0,Needs Improvement,Improved this term
R1386,S0209,2026-03-01,17.0,Male,Grade 12,Public,History,3.7,7.0,2.4,93.0,32.0,Private Tutor,No,Yes,High,Medium,93.0,78.0,Good,Consistent effort
R0606,S0111,2026-03-26,16.0,Male,Grade 11,Public,Math,3.7,6.5,2.3,84.0,82.0,Self Study,Yes,Yes,Medium,High,100.0,99.0,Excellent,Needs better time management
R1770,S0052,2026-03-24,16.0,Male,Grade 11,International,English,3.5,6.0,4.9,89.0,67.0,Self Study,No,Yes,Low,Low,73.0,80.0,Good,Excellent focus
R3679,S0438,2026-03-18,14.0,Female,Grade 9,Public,Computer Science,3.9,7.9,6.1,90.0,70.0,Self Study,No,Yes,Low,Medium,92.0,92.0,Excellent,Often distracted
R3563,S0234,2026-12-02,16.0,Female,Grade 11,International,Math,1.2,7.3,4.6,90.0,89.0,Self Study,Yes,Yes,Low,Medium,92.0,94.0,Excellent,Needs revision plan
R1291,S0502,2026-03-19,16.0,Male,Grade 11,Public,Science,2.4,8.3,4.2,90.0,92.0,Notebook / Notes,Yes,Yes,High,Medium,91.0,92.0,Excellent,Strong participation
R0955,S0396,2026-04-25,15.0,Male,Grade 12,Public,History,0.8,7.7,4.0,98.0,71.0,Self Study,Yes,Yes,Low,High,59.0,77.0,Good,Needs better time management
R3103,S0377,2026-04-25,15.0,Male,Grade 12,Private,Computer Science,2.4,7.2,4.2,97.0,88.0,Online Videos,No,Yes,Medium,Low,93.0,100.0,Excellent,Often distracted
R3149,S0211,2026-02-25,16.0,Male,Grade 11,Private,Computer Science,0.6,8.2,7.5,91.0,76.0,Self Study,No,Yes,High,Medium,71.0,70.0,Pass,Needs revision plan
R1972,S0070,2026-03-26,14.0,Male,Grade 9,Public,Science,4.7,6.4,4.2,87.0,80.0,Group Study,No,Yes,Medium,Low,100.0,100.0,Excellent,Absent during some activities
R0292,S0686,2026-04-15,15.0,Male,Grade 10,International,English,2.3,7.2,1.0,85.0,66.0,Self Study,Yes,Yes,Medium,Low,73.0,88.0,Good,Needs revision plan
R1467,S0520,2026-02-05,16.0,Male,Grade 11,Private,History,3.4,7.1,3.4,100.0,74.0,Group Study,No,Yes,Medium,Medium,84.0,93.0,Excellent,Good analytical thinking
R3101,S0253,2026-03-11,15.0,Male,Grade 10,Private,English,3.9,5.9,5.1,88.0,86.0,Online Videos,No,Yes,Low,Low,89.0,90.0,Excellent,Improved this term
R2390,S0728,2026-04-06,17.0,Female,Grade 12,Private,History,1.4,8.0,2.3,91.0,67.0,Self Study,Yes,Yes,High,Medium,83.0,86.0,Good,Improved this term
R0575,S0300,2026-03-22,15.0,Male,Grade 10,Private,History,1.1,7.9,2.6,82.0,83.0,Private Tutor,No,Yes,Low,Medium,92.0,89.0,Good,Needs revision plan
R1093,S0641,2026-03-30,14.0,Female,Grade 9,Public,English,3.0,6.1,6.6,78.0,85.0,Self Study,No,Yes,Medium,High,90.0,91.0,Excellent,Homework quality varies
R1856,S0332,2026-03-09,13.0,Male,Grade 8,Public,History,2.3,6.8,6.3,72.0,65.0,Self Study,No,Yes,Low,Medium,74.0,83.0,Good,Consistent effort
R2858,S0616,2026-04-28,13.0,Male,Grade 8,Private,Computer Science,3.4,6.3,4.2,90.0,68.0,Group Study,Yes,Yes,Low,High,100.0,97.0,Excellent,No Comment
R1602,S0175,2026-03-22,16.0,Male,Grade 11,Public,History,3.2,7.2,3.5,90.0,38.0,Group Study,No,Yes,High,Medium,71.0,72.0,Pass,Needs revision plan
R3111,S0101,2026-04-24,17.0,Female,Grade 12,Public,Math,1.0,7.7,4.2,95.0,49.0,Online Videos,Yes,No,Medium,High,79.0,86.0,Good,Absent during some activities
R0838,S0254,2026-03-26,17.0,Male,Grade 12,International,Science,1.4,6.3,2.8,87.0,78.0,Self Study,No,Yes,Medium,Medium,71.0,83.0,Good,Strong participation
R3080,S0599,2026-03-04,16.0,Male,Grade 11,Private,Science,2.8,7.6,4.2,75.0,64.0,Self Study,Yes,Yes,Low,Low,84.0,87.0,Good,Needs better time management
R3188,S0256,2026-04-12,13.0,Female,Grade 9,Public,Computer Science,3.6,7.8,2.5,83.0,66.0,Online Videos,No,Yes,Medium,Medium,100.0,100.0,Excellent,No Comment
R1957,S0152,2026-02-03,15.0,Male,Grade 10,International,English,3.1,7.2,2.9,82.0,74.0,Self Study,Yes,Yes,Low,Medium,93.0,83.0,Good,Improved this term
R3287,S0304,2026-03-04,13.0,Female,Grade 8,Public,History,4.2,5.9,5.3,87.0,72.0,Online Videos,No,Yes,Medium,Low,75.0,76.0,Good,Often distracted
R3331,S0004,2026-04-26,17.0,Male,Grade 12,Public,History,3.3,7.1,3.6,86.0,88.0,Self Study,No,Yes,Medium,Medium,95.0,83.0,Good,Often distracted
R3846,S0745,2026-03-26,16.0,Female,Grade 9,Private,Math,5.1,7.1,2.1,87.0,88.0,Notebook / Notes,No,Yes,High,High,89.0,97.0,Excellent,Excellent focus
R2668,S0239,2026-03-05,13.0,Male,Grade 8,Public,Math,3.2,6.4,6.2,87.0,62.0,Online Videos,Yes,Yes,Low,High,100.0,100.0,Excellent,Absent during some activities
R0992,S0515,2026-02-17,14.0,Male,Grade 9,International,Computer Science,2.0,7.2,7.5,83.0,100.0,Online Videos,Yes,Yes,Medium,Medium,100.0,98.0,Excellent,Excellent focus
R2805,S0610,2026-03-17,14.0,Female,Grade 9,Private,Science,0.2,7.2,2.6,88.0,41.0,Self Study,No,Yes,Low,High,84.0,80.0,Good,Needs better time management
R3168,S0604,2026-03-15,17.0,Male,Grade 12,Private,Math,2.5,9.5,3.4,91.0,77.0,Private Tutor,Yes,Yes,High,Medium,91.0,89.0,Good,Strong participation
R1099,S0534,2026-03-17,17.0,Male,Grade 12,Private,Math,3.1,6.3,1.8,72.0,86.0,Online Videos,No,Yes,Low,High,96.0,100.0,Excellent,No Comment
R2574,S0438,2026-04-03,13.0,Female,Grade 8,Private,Computer Science,5.1,4.9,4.3,69.0,69.0,Private Tutor,Yes,Yes,High,Medium,82.0,86.0,Good,Needs better time management
R1347,S0603,2026-04-14,15.0,Female,Grade 10,Private,Computer Science,1.8,6.2,7.6,83.0,76.0,Self Study,No,Yes,Medium,High,97.0,84.0,Good,Good analytical thinking
R2745,S0197,2026-03-13,16.0,Female,Grade 11,Private,History,2.5,5.8,4.4,93.0,72.0,Notebook / Notes,No,Yes,High,Low,88.0,81.0,Good,Improved this term
R2565,S0540,2026-03-30,14.0,Male,Grade 9,Public,Science,2.5,6.8,4.6,87.0,99.0,Self Study,No,Yes,High,Medium,77.0,90.0,Excellent,No Comment
R1876,S0630,2026-03-22,17.0,Female,Grade 12,International,History,1.5,7.2,3.9,68.0,51.0,Self Study,No,No,Medium,Low,80.0,84.0,Good,Needs revision plan
R1310,S0359,2026-03-29,14.0,Male,Grade 9,Private,History,2.6,7.3,7.4,81.0,82.0,Self Study,No,Yes,High,Medium,82.0,86.0,Good,Improved this term
R2941,S0554,2026-03-24,16.0,Female,Grade 11,International,History,4.0,5.5,7.5,81.0,95.0,Self Study,No,No,High,Low,100.0,87.0,Good,Homework quality varies
R0743,S0288,2026-03-02,17.0,Male,Grade 12,Private,Science,2.7,7.2,2.8,78.0,56.0,Self Study,No,No,Low,High,90.0,98.0,Excellent,Homework quality varies
R2862,S0604,2026-02-28,13.0,Male,Grade 9,Private,Science,3.5,7.0,5.9,80.0,96.0,Notebook / Notes,Yes,Yes,Medium,High,100.0,100.0,Excellent,Homework quality varies
R1611,S0688,2026-02-13,13.0,Male,Grade 8,Private,Science,5.5,6.3,3.0,78.0,65.0,Private Tutor,Yes,Yes,High,High,88.0,100.0,Excellent,No Comment
R3153,S0398,2026-03-14,14.0,Female,Grade 9,Public,Computer Science,0.0,8.4,4.2,81.0,65.0,Notebook / Notes,No,Yes,Medium,Low,65.0,73.0,Pass,Excellent focus
R2501,S0234,2026-03-21,14.0,Male,Grade 12,Private,Math,4.1,8.0,6.5,83.0,56.0,Online Videos,Yes,Yes,High,Low,57.0,73.0,Pass,Strong participation
R1115,S0057,2026-03-12,16.0,Male,Grade 10,Private,English,3.7,7.8,4.5,83.0,73.0,Online Videos,No,Yes,Low,Low,72.0,86.0,Good,Strong participation
R3396,S0019,2026-03-16,14.0,Female,Grade 10,International,Computer Science,4.1,5.8,4.5,83.0,92.0,Self Study,Yes,Yes,Low,High,91.0,100.0,Excellent,No Comment
R0451,S0456,2026-04-24,13.0,Male,Grade 8,International,Computer Science,3.3,6.6,5.6,76.0,58.0,Online Videos,No,Yes,Medium,Medium,79.0,91.0,Excellent,Improved this term
R0523,S0691,2026-03-12,13.0,Male,Grade 9,Private,Computer Science,5.1,5.8,5.3,98.0,67.0,Notebook / Notes,Yes,Yes,High,Medium,93.0,97.0,Excellent,Strong participation
R3825,S0020,2026-02-22,14.0,Male,Grade 9,International,Math,1.5,7.7,4.2,92.0,74.0,Self Study,No,No,Low,High,100.0,97.0,Excellent,Excellent focus
R1317,S0705,2026-04-22,14.0,Male,Grade 9,Private,English,3.2,5.3,2.1,85.0,94.0,Private Tutor,No,No,Medium,Medium,91.0,86.0,Good,Strong participation
R3411,S0735,2026-04-29,14.0,Female,Grade 9,Private,Computer Science,2.4,6.3,6.9,91.0,73.0,Self Study,Yes,Yes,Medium,Medium,82.0,86.0,Good,Consistent effort
R3702,S0246,2026-03-14,14.0,Male,Grade 9,Private,History,4.1,6.0,4.1,99.0,78.0,Notebook / Notes,No,Yes,Low,Medium,80.0,91.0,Excellent,Needs revision plan
R3757,S0578,2026-04-16,13.0,Female,Grade 8,Private,Math,1.8,7.2,3.6,90.0,86.0,Online Videos,No,Yes,Low,High,81.0,91.0,Excellent,Needs better time management
R1421,S0501,2026-04-03,15.0,Male,Grade 10,International,History,3.0,6.6,3.9,92.0,100.0,Online Videos,No,Yes,Medium,Low,100.0,91.0,Excellent,Absent during some activities
R0349,S0191,2026-02-07,15.0,Female,Grade 10,Private,History,2.4,7.5,2.5,100.0,65.0,Online Videos,No,Yes,Low,High,82.0,92.0,Needs Improvement,No Comment
R1236,S0441,2026-03-14,16.0,Male,Grade 11,Private,Science,0.0,5.2,3.5,95.0,80.0,Self Study,No,Yes,Low,High,69.0,76.0,Good,Good analytical thinking
R0489,S0457,2026-04-19,16.0,Female,Grade 10,Public,History,1.6,7.1,3.6,84.0,100.0,Private Tutor,No,Yes,Medium,Low,100.0,86.0,Good,No Comment
R0258,S0292,2026-02-12,17.0,Male,Grade 12,Public,History,4.6,6.6,5.0,87.0,77.0,Private Tutor,No,Yes,Medium,Medium,100.0,100.0,Excellent,No Comment
R3291,S0666,2026-03-14,16.0,Female,Grade 11,Private,Computer Science,4.1,7.5,2.2,85.0,60.0,Private Tutor,Yes,Yes,Medium,High,100.0,100.0,Excellent,Often distracted
R3823,S0469,2026-03-02,17.0,Female,Grade 12,International,Computer Science,5.6,8.5,4.3,78.0,82.0,Notebook / Notes,No,Yes,Medium,Medium,91.0,100.0,Excellent,Absent during some activities
R2695,S0062,2026-03-17,16.0,Male,Grade 11,International,Science,4.0,7.1,4.6,92.0,76.0,Online Videos,No,No,Medium,Low,75.0,82.0,Good,Consistent effort
R2967,S0139,2026-04-28,13.0,Female,Grade 8,Public,Science,2.9,8.1,4.2,87.0,60.0,Self Study,Yes,Yes,Low,High,86.0,98.0,Excellent,Needs better time management
R1605,S0285,2026-04-20,16.0,Female,Grade 11,Public,Science,6.0,6.6,5.6,71.0,64.0,Self Study,No,Yes,Low,Low,100.0,100.0,Excellent,Often distracted
R3743,S0310,2026-02-16,16.0,Male,Grade 11,Public,Science,3.4,7.1,0.5,89.0,76.0,Self Study,No,Yes,Medium,Medium,92.0,98.0,Excellent,Excellent focus
R0946,S0299,2026-03-18,16.0,Male,Grade 11,Public,Science,4.8,8.1,5.9,87.0,66.0,Group Study,No,No,Low,Medium,100.0,98.0,Excellent,No Comment
R3075,S0742,2026-04-30,16.0,Female,Grade 11,Public,Computer Science,2.8,7.2,1.9,89.0,76.0,Online Videos,No,Yes,Medium,Medium,99.0,98.0,Excellent,No Comment
R0119,S0583,2026-03-08,14.0,Male,Grade 9,Private,Science,2.3,6.5,4.0,81.0,60.0,Private Tutor,Yes,No,Medium,Low,89.0,86.0,Excellent,Homework quality varies
R3804,S0357,2026-04-14,16.0,Male,Grade 10,Public,Computer Science,3.2,8.1,6.0,85.0,100.0,Notebook / Notes,Yes,No,Medium,High,100.0,100.0,Excellent,Often distracted
R3763,S0582,2026-04-26,13.0,Male,Grade 8,International,Computer Science,2.6,9.0,1.6,92.0,79.0,Online Videos,Yes,Yes,High,Low,87.0,91.0,Excellent,Improved this term
R3881,S0271,2026-04-08,17.0,Male,Grade 12,Private,English,3.7,6.0,4.1,91.0,72.0,Online Videos,No,Yes,High,Low,76.0,78.0,Good,Needs better time management
R3051,S0628,2026-04-19,16.0,Male,Grade 11,Private,English,2.6,6.9,4.2,95.0,80.0,Private Tutor,No,Yes,Medium,Low,99.0,99.0,Excellent,No Comment
R2266,S0454,2026-02-18,16.0,Male,Grade 11,Public,History,4.1,5.0,4.2,90.0,100.0,Online Videos,No,No,Medium,Medium,100.0,100.0,Excellent,Strong participation
R0478,S0541,2026-02-08,13.0,Female,Grade 8,Private,Computer Science,5.3,7.3,4.2,81.0,50.0,Group Study,Yes,Yes,Medium,High,95.0,92.0,Excellent,Needs revision plan
R1464,S0541,2026-03-01,17.0,Female,Grade 12,Public,English,1.8,7.8,5.9,97.0,63.0,Online Videos,No,Yes,Low,Medium,83.0,89.0,Good,Excellent focus
R3554,S0014,2026-02-25,17.0,Female,Grade 12,Public,History,2.3,6.2,4.0,76.0,64.0,Private Tutor,No,Yes,Medium,Medium,90.0,92.0,Pass,Needs revision plan
R2155,S0213,2026-04-20,13.0,Male,Grade 8,Public,History,2.6,7.2,2.7,74.0,52.0,Self Study,Yes,Yes,Medium,Medium,92.0,87.0,Good,No Comment
R0584,S0590,2026-03-30,16.0,Male,Grade 8,International,English,3.1,7.6,4.4,94.0,66.0,Self Study,No,Yes,Medium,Medium,98.0,100.0,Excellent,Excellent focus
R2249,S0241,2026-02-08,13.0,Male,Grade 8,Private,History,1.2,6.6,4.3,80.0,67.0,Group Study,No,Yes,Medium,High,71.0,75.0,Good,No Comment
R0234,S0015,2026-05-01,14.0,Female,Grade 9,Private,History,2.7,7.2,5.7,87.0,48.0,Self Study,No,Yes,Low,High,75.0,82.0,Good,Improved this term
R1722,S0457,2026-04-04,13.0,Female,Grade 8,Private,History,3.2,6.2,5.3,95.0,95.0,Self Study,No,Yes,Low,Medium,87.0,81.0,Good,Consistent effort
R3174,S0718,2026-03-05,17.0,Female,Grade 12,Public,Computer Science,3.2,6.4,1.5,92.0,75.0,Online Videos,No,Yes,Low,Medium,69.0,89.0,Good,Strong participation
R2782,S0228,2026-03-31,14.0,Female,Grade 9,International,Science,0.7,7.4,0.5,92.0,60.0,Online Videos,No,Yes,Low,Medium,95.0,86.0,Good,Improved this term
R3668,S0310,2026-02-04,16.0,Male,Grade 11,Public,Math,2.7,6.1,3.9,78.0,99.0,Self Study,No,Yes,High,High,90.0,89.0,Good,Often distracted
R3268,S0444,2026-04-28,17.0,Female,Grade 12,Private,History,2.7,7.2,1.1,80.0,64.0,Self Study,No,Yes,Low,Medium,99.0,88.0,Good,Absent during some activities
R0885,S0083,2026-02-11,17.0,Female,Grade 12,Private,Math,4.2,7.2,1.6,92.0,68.0,Self Study,Yes,Yes,Medium,Medium,100.0,100.0,Excellent,No Comment
R0115,S0451,2026-03-27,14.0,Female,Grade 9,Public,Science,3.2,6.7,7.5,94.0,58.0,Private Tutor,No,Yes,Medium,Medium,79.0,92.0,Good,Good analytical thinking
R0252,S0315,2026-03-23,17.0,Female,Grade 12,Public,Science,2.8,8.9,5.6,97.0,64.0,Self Study,Yes,Yes,High,Medium,100.0,94.0,Excellent,Strong participation
R3004,S0228,2026-02-08,17.0,Female,Grade 12,Private,History,4.4,6.1,4.8,88.0,71.0,Self Study,Yes,No,Low,Medium,85.0,92.0,Good,Needs revision plan
R1258,S0725,2026-03-08,15.0,Male,Grade 10,Public,Science,4.2,7.5,3.6,83.0,81.0,Online Videos,No,Yes,Low,Medium,100.0,96.0,Excellent,Consistent effort
R3205,S0355,2026-02-12,16.0,Male,Grade 11,Public,English,3.2,6.8,3.3,76.0,50.0,Group Study,No,Yes,Low,Medium,90.0,80.0,Good,Needs better time management
R0596,S0111,2026-04-06,14.0,Male,Grade 9,Public,Math,4.5,9.5,7.7,85.0,81.0,Self Study,Yes,Yes,Medium,High,95.0,100.0,Excellent,Absent during some activities
R3523,S0073,2026-03-09,13.0,Female,Grade 8,Private,English,4.0,8.0,3.2,90.0,84.0,Online Videos,No,Yes,Low,High,90.0,100.0,Excellent,Needs revision plan
R3811,S0487,2026-04-03,17.0,Male,Grade 11,Public,Math,2.6,7.6,2.7,93.0,82.0,Group Study,No,No,Medium,High,70.0,86.0,Good,Often distracted
R3156,S0019,2026-03-20,13.0,Female,Grade 12,Private,Math,3.2,7.2,2.9,94.0,62.0,Online Videos,No,Yes,Medium,Medium,91.0,91.0,Excellent,Excellent focus
R3629,S0639,2026-04-22,16.0,Male,Grade 11,Private,Math,4.9,6.6,4.0,100.0,74.0,Online Videos,No,Yes,Medium,High,100.0,100.0,Excellent,Homework quality varies
R0702,S0194,2026-04-12,16.0,Male,Grade 11,Private,English,0.7,7.4,2.9,96.0,64.0,Notebook / Notes,No,Yes,High,Medium,82.0,86.0,Good,Strong participation
R1806,S0450,2026-03-27,16.0,Female,Grade 11,Public,Computer Science,3.5,7.2,3.3,94.0,62.0,Online Videos,No,Yes,Medium,Medium,75.0,84.0,Good,No Comment
R3038,S0086,2026-02-25,13.0,Female,Grade 8,Public,Computer Science,4.7,8.2,4.9,87.0,91.0,Self Study,No,Yes,High,Medium,99.0,100.0,Excellent,Absent during some activities
R1476,S0115,2026-02-09,15.0,Female,Grade 10,Public,History,3.2,5.3,5.2,100.0,64.0,Self Study,No,Yes,Low,Medium,61.0,69.0,Pass,Excellent focus
R2933,S0505,2026-03-01,15.0,Male,Grade 12,Public,Computer Science,2.5,8.4,8.1,82.0,92.0,Online Videos,Yes,Yes,Medium,Medium,88.0,90.0,Excellent,No Comment
R3570,S0251,2026-02-21,15.0,Female,Grade 10,Public,Computer Science,3.2,6.0,5.1,93.0,91.0,Group Study,No,Yes,Low,Medium,85.0,92.0,Excellent,Consistent effort
R2445,S0516,2026-02-13,15.0,Female,Grade 10,International,Computer Science,2.5,8.3,5.4,87.0,100.0,Group Study,Yes,Yes,Medium,Low,96.0,100.0,Excellent,Excellent focus
R3778,S0234,2026-02-18,15.0,Male,Grade 10,Public,History,3.0,7.0,2.8,96.0,81.0,Self Study,No,Yes,Medium,High,100.0,100.0,Excellent,Needs better time management
R1142,S0253,2026-02-04,15.0,Male,Grade 10,Private,Computer Science,4.4,7.0,3.0,70.0,100.0,Self Study,Yes,Yes,Medium,Medium,86.0,100.0,Excellent,Absent during some activities
R3485,S0694,2026-02-20,17.0,Male,Grade 12,Public,English,1.7,8.0,4.3,89.0,59.0,Notebook / Notes,No,Yes,Medium,Medium,72.0,76.0,Good,Excellent focus
R0927,S0111,2026-03-21,15.0,Female,Grade 10,Public,Math,3.2,7.2,6.0,96.0,87.0,Self Study,No,Yes,Low,Medium,99.0,89.0,Good,Needs revision plan
R3900,S0176,2026-03-12,14.0,Female,Grade 9,International,Math,2.4,5.6,2.4,93.0,66.0,Self Study,No,Yes,Low,Medium,82.0,88.0,Good,Improved this term
R3063,S0343,2026-03-08,15.0,Female,Grade 8,Public,Computer Science,2.1,5.7,4.2,90.0,100.0,Online Videos,Yes,Yes,Medium,Medium,92.0,91.0,Excellent,Needs better time management
R3341,S0093,2026-03-05,14.0,Male,Grade 9,Private,History,0.0,6.3,5.4,90.0,67.0,Private Tutor,Yes,Yes,Low,Low,82.0,74.0,Pass,Needs revision plan
R3596,S0341,2026-03-05,14.0,Female,Grade 9,International,Math,3.4,7.9,4.0,100.0,76.0,Private Tutor,No,No,Medium,High,91.0,96.0,Excellent,Homework quality varies
R2667,S0050,2026-03-18,13.0,Male,Grade 8,Public,Computer Science,2.0,7.4,2.7,82.0,99.0,Group Study,No,No,Medium,Medium,84.0,89.0,Good,Excellent focus
R0056,S0737,2026-04-07,16.0,Male,Grade 11,Public,Math,3.2,7.1,4.2,91.0,100.0,Self Study,Yes,Yes,Low,Medium,74.0,85.0,Good,Consistent effort
R0709,S0734,2026-02-11,16.0,Female,Grade 11,Public,Computer Science,1.6,7.1,3.2,79.0,73.0,Self Study,Yes,Yes,Low,High,90.0,91.0,Excellent,Needs revision plan
R3849,S0149,2026-03-10,17.0,Male,Grade 12,Private,Math,1.5,7.2,6.1,74.0,62.0,Self Study,Yes,No,High,Low,87.0,79.0,Good,No Comment
R1529,S0494,2026-04-18,15.0,Male,Grade 8,Private,History,3.6,7.2,7.6,89.0,77.0,Private Tutor,No,Yes,Low,Medium,71.0,92.0,Excellent,No Comment
R0157,S0097,2026-02-01,13.0,Female,Grade 8,Private,Math,2.8,9.2,4.2,79.0,67.0,Notebook / Notes,No,Yes,Medium,Low,83.0,93.0,Excellent,No Comment
R0048,S0164,2026-03-02,15.0,Male,Grade 12,Public,Computer Science,4.6,6.7,5.4,87.0,80.0,Private Tutor,Yes,Yes,Low,Medium,98.0,99.0,Excellent,Absent during some activities
R1949,S0392,2026-04-05,17.0,Female,Grade 12,Private,Science,2.5,6.7,4.8,91.0,80.0,Online Videos,No,Yes,High,Medium,77.0,87.0,Good,No Comment
R1228,S0536,2026-02-25,15.0,Male,Grade 12,Private,Math,2.7,8.3,5.7,97.0,54.0,Group Study,Yes,Yes,Medium,High,100.0,99.0,Excellent,Absent during some activities
R3050,S0619,2026-04-20,14.0,Male,Grade 9,Private,English,4.1,5.2,7.8,88.0,68.0,Group Study,Yes,No,Medium,Medium,90.0,94.0,Excellent,No Comment
R0802,S0464,2026-02-02,15.0,Male,Grade 10,International,History,3.5,6.7,4.5,91.0,100.0,Online Videos,No,Yes,Medium,Low,100.0,87.0,Good,No Comment
R3713,S0735,2026-02-24,17.0,Female,Grade 12,Public,Science,2.6,6.4,4.2,86.0,100.0,Private Tutor,Yes,Yes,High,High,96.0,93.0,Excellent,Strong participation
R1879,S0746,2026-04-19,16.0,Male,Grade 11,Private,English,2.7,6.1,4.2,89.0,84.0,Online Videos,No,Yes,Medium,High,90.0,91.0,Excellent,Often distracted
R0816,S0545,2026-12-02,14.0,Male,Grade 10,Private,Computer Science,2.7,7.0,3.8,90.0,62.0,Group Study,No,Yes,Low,High,88.0,87.0,Good,Improved this term
R0567,S0589,2026-03-07,17.0,Male,Grade 12,Public,Computer Science,2.4,7.1,3.5,66.0,78.0,Group Study,Yes,Yes,Medium,Medium,96.0,99.0,Excellent,No Comment
R1178,S0489,2026-02-21,15.0,Male,Grade 10,Private,Computer Science,3.8,7.2,4.2,89.0,84.0,Self Study,No,Yes,High,High,85.0,91.0,Excellent,No Comment
R1798,S0078,2026-02-06,13.0,Female,Grade 8,Public,Math,5.3,7.1,3.6,96.0,80.0,Self Study,Yes,Yes,Low,Medium,100.0,100.0,Excellent,Improved this term
R2672,S0133,2026-03-21,13.0,Female,Grade 8,International,Computer Science,1.1,7.4,4.7,75.0,73.0,Self Study,No,No,Low,Low,80.0,76.0,Excellent,No Comment
R3613,S0279,2026-02-01,17.0,Male,Grade 12,Public,English,3.3,6.9,6.9,79.0,81.0,Online Videos,Yes,Yes,Medium,Medium,86.0,100.0,Excellent,Needs revision plan
R0087,S0141,2026-02-11,14.0,Male,Grade 9,Private,Computer Science,0.9,8.7,4.7,83.0,100.0,Online Videos,Yes,Yes,Low,High,81.0,92.0,Excellent,Absent during some activities
R0165,S0037,2026-02-19,15.0,Male,Grade 10,Private,History,2.8,7.1,6.4,79.0,66.0,Self Study,Yes,Yes,High,Medium,77.0,77.0,Good,No Comment
R0503,S0465,2026-04-06,16.0,Male,Grade 9,Public,Science,3.6,5.6,7.4,96.0,65.0,Notebook / Notes,No,Yes,Medium,High,86.0,85.0,Good,Homework quality varies
R1213,S0148,2026-04-07,15.0,Female,Grade 9,Private,History,0.2,6.3,6.8,92.0,68.0,Group Study,No,Yes,Medium,Low,56.0,92.0,Pass,No Comment
R2469,S0014,2026-04-30,15.0,Female,Grade 8,Private,Science,2.9,8.4,3.2,96.0,85.0,Self Study,Yes,Yes,Medium,High,100.0,100.0,Excellent,Good analytical thinking
R0630,S0077,2026-02-27,15.0,Female,Grade 10,Private,Computer Science,4.7,6.5,3.1,87.0,74.0,Self Study,No,Yes,Medium,High,95.0,100.0,Excellent,No Comment
R2496,S0033,2026-03-06,17.0,Male,Grade 10,International,English,4.5,9.2,4.3,98.0,84.0,Private Tutor,Yes,Yes,Low,Medium,100.0,100.0,Excellent,Needs revision plan
R1436,S0214,2026-02-11,16.0,Male,Grade 11,Public,Science,3.6,7.1,7.4,86.0,70.0,Online Videos,No,Yes,High,Medium,72.0,87.0,Good,Good analytical thinking
R0055,S0330,2026-02-02,15.0,Male,Grade 9,Public,Science,3.5,5.7,5.8,100.0,78.0,Group Study,No,Yes,Medium,Medium,95.0,87.0,Good,Consistent effort
R3514,S0549,2026-04-12,16.0,Male,Grade 11,Private,English,4.3,6.4,6.0,82.0,66.0,Notebook / Notes,No,Yes,Medium,Medium,90.0,84.0,Good,Needs better time management
R1712,S0267,2026-03-18,16.0,Male,Grade 11,Public,Computer Science,2.0,8.1,5.1,82.0,100.0,Notebook / Notes,Yes,Yes,Medium,High,93.0,100.0,Excellent,Improved this term
R1591,S0558,2026-03-25,16.0,Female,Grade 11,Private,History,0.6,8.9,5.0,91.0,55.0,Private Tutor,Yes,Yes,Low,High,85.0,76.0,Good,Needs revision plan
R0631,S0287,2026-04-18,15.0,Male,Grade 10,International,Science,3.2,7.2,3.7,92.0,73.0,Online Videos,Yes,Yes,Low,High,92.0,92.0,Excellent,Needs revision plan
R3160,S0611,2026-03-21,13.0,Male,Grade 12,International,Science,1.8,7.6,2.0,88.0,60.0,Online Videos,No,Yes,Medium,High,86.0,80.0,Good,Improved this term
R2222,S0480,2026-04-13,14.0,Female,Grade 9,Public,Science,3.8,7.4,3.7,93.0,98.0,Private Tutor,No,Yes,Medium,Medium,90.0,84.0,Good,Absent during some activities
R2678,S0195,2026-03-10,17.0,Male,Grade 12,Private,History,3.0,7.8,4.4,69.0,96.0,Notebook / Notes,Yes,Yes,Medium,Medium,90.0,82.0,Good,No Comment
R2869,S0577,2026-02-12,13.0,Female,Grade 8,Public,English,4.9,5.7,4.2,85.0,76.0,Online Videos,No,Yes,Medium,Low,100.0,100.0,Excellent,Homework quality varies
R2591,S0738,2026-03-24,13.0,Female,Grade 8,International,Math,3.2,7.2,1.6,85.0,85.0,Private Tutor,Yes,Yes,Low,Medium,100.0,92.0,Excellent,Improved this term
R1321,S0238,2026-04-19,13.0,Male,Grade 8,International,English,3.1,9.1,4.7,98.0,46.0,Notebook / Notes,Yes,Yes,Medium,High,100.0,93.0,Excellent,Good analytical thinking
R2648,S0515,2026-04-22,17.0,Female,Grade 12,International,Science,4.5,6.8,4.6,80.0,66.0,Self Study,No,Yes,Medium,Medium,97.0,94.0,Excellent,Improved this term
R3845,S0247,2026-03-18,17.0,Female,Grade 12,Public,English,1.8,5.7,5.4,74.0,57.0,Private Tutor,No,Yes,Medium,Low,75.0,73.0,Pass,Often distracted
R0527,S0061,2026-05-04,15.0,Female,Grade 10,Private,Computer Science,5.7,7.2,6.3,86.0,70.0,Group Study,No,No,Low,Medium,98.0,99.0,Excellent,Strong participation
R2361,S0533,2026-02-03,17.0,Male,Grade 12,Public,English,3.5,8.3,4.8,67.0,94.0,Self Study,No,Yes,Medium,Medium,90.0,92.0,Excellent,Needs better time management
R2377,S0681,2026-03-18,14.0,Male,Grade 9,Public,History,4.9,6.5,6.3,81.0,96.0,Self Study,No,Yes,Medium,Low,100.0,100.0,Excellent,Homework quality varies
R1340,S0255,2026-02-26,17.0,Female,Grade 12,Public,Math,0.0,6.3,2.0,90.0,86.0,Private Tutor,No,Yes,Medium,High,89.0,94.0,Excellent,Needs better time management
R1920,S0023,2026-02-15,14.0,Female,Grade 11,Private,Computer Science,2.1,7.4,4.6,91.0,74.0,Online Videos,No,Yes,Low,High,83.0,80.0,Good,Improved this term
R1059,S0405,2026-04-21,15.0,Female,Grade 10,Private,History,2.8,7.7,1.9,91.0,80.0,Self Study,Yes,Yes,Medium,Low,100.0,100.0,Excellent,Homework quality varies
R2529,S0376,2026-02-22,15.0,Female,Grade 10,Public,English,3.8,7.8,4.4,85.0,92.0,Self Study,No,Yes,Low,Medium,87.0,92.0,Excellent,Needs revision plan
R3487,S0490,2026-02-27,17.0,Female,Grade 12,Public,Computer Science,2.0,5.6,2.1,88.0,100.0,Self Study,No,Yes,High,Low,71.0,82.0,Good,Strong participation
R1371,S0699,2026-03-09,13.0,Female,Grade 8,Public,Math,4.8,7.4,4.5,79.0,73.0,Online Videos,No,Yes,High,Medium,95.0,86.0,Good,Needs revision plan
R1304,S0300,2026-02-05,17.0,Female,Grade 12,Public,English,2.6,7.0,2.7,84.0,83.0,Notebook / Notes,Yes,Yes,High,Medium,84.0,85.0,Good,Absent during some activities
R1116,S0235,2026-03-12,14.0,Female,Grade 9,Public,History,4.1,5.9,4.4,93.0,100.0,Group Study,Yes,Yes,Low,High,97.0,100.0,Excellent,Needs better time management
R0894,S0287,2026-04-26,15.0,Female,Grade 10,Public,History,4.6,7.3,2.9,81.0,59.0,Group Study,Yes,Yes,Medium,High,97.0,100.0,Excellent,Absent during some activities
R1391,S0664,2026-02-28,16.0,Male,Grade 11,Private,History,3.7,6.7,6.2,84.0,69.0,Online Videos,Yes,Yes,Medium,Medium,87.0,88.0,Good,Consistent effort
R1697,S0509,2026-02-05,17.0,Female,Grade 12,Private,Science,0.0,7.1,6.7,93.0,67.0,Private Tutor,No,Yes,Low,High,74.0,81.0,Good,Consistent effort
R1434,S0489,2026-03-14,16.0,Male,Grade 11,Public,History,4.7,7.4,4.9,91.0,82.0,Online Videos,No,Yes,Medium,Medium,88.0,92.0,Excellent,Improved this term
R0989,S0307,2026-04-23,17.0,Female,Grade 12,International,English,2.0,5.4,4.2,84.0,87.0,Self Study,No,Yes,Low,Medium,85.0,88.0,Good,Strong participation
R0254,S0133,2026-02-01,16.0,Male,Grade 11,Public,Math,3.7,8.3,4.1,70.0,76.0,Self Study,No,Yes,Medium,Medium,79.0,74.0,Pass,Excellent focus
R2906,S0645,2026-03-07,15.0,Female,Grade 10,Private,English,2.1,8.3,4.7,91.0,76.0,Self Study,No,Yes,Medium,Medium,96.0,93.0,Excellent,Homework quality varies
R0857,S0335,2026-02-08,16.0,Male,Grade 11,International,Computer Science,3.4,8.0,4.4,93.0,78.0,Notebook / Notes,Yes,Yes,Medium,High,74.0,93.0,Excellent,Improved this term
R1101,S0175,2026-04-19,15.0,Male,Grade 10,Public,History,2.9,8.0,4.0,87.0,75.0,Notebook / Notes,Yes,Yes,Medium,High,70.0,81.0,Good,-
R0549,S0596,2026-04-25,14.0,Male,Grade 9,International,Math,4.6,8.1,1.3,76.0,83.0,Online Videos,No,Yes,Medium,High,100.0,100.0,Excellent,Improved this term
R3218,S0083,2026-04-20,14.0,Male,Grade 9,Private,Math,0.1,8.2,6.5,81.0,87.0,Self Study,Yes,Yes,High,High,81.0,86.0,Good,Needs revision plan
R0229,S0382,2026-04-20,15.0,Female,Grade 10,Public,History,0.0,7.4,6.3,100.0,77.0,Notebook / Notes,No,No,Medium,Medium,85.0,86.0,Good,No Comment
R1954,S0164,2026-02-15,16.0,Female,Grade 11,Public,History,2.5,6.9,3.5,87.0,97.0,Online Videos,No,Yes,Medium,Medium,95.0,87.0,Good,Absent during some activities
R2481,S0633,2026-02-08,15.0,Male,Grade 10,Public,English,4.4,7.1,6.7,87.0,60.0,Self Study,No,Yes,High,Medium,88.0,92.0,Excellent,Needs revision plan
R3502,S0178,2026-03-27,13.0,Male,Grade 12,Private,History,1.0,6.7,7.0,90.0,97.0,Private Tutor,Yes,Yes,Low,High,89.0,75.0,Good,No Comment
R2719,S0638,2026-04-06,17.0,Female,Grade 8,Private,Math,3.0,7.8,4.2,88.0,68.0,Self Study,No,Yes,Medium,Low,83.0,92.0,Excellent,Absent during some activities
R2369,S0015,2026-03-16,14.0,Male,Grade 9,Private,Computer Science,3.2,8.9,4.0,89.0,62.0,Group Study,No,Yes,Medium,High,100.0,100.0,Excellent,Consistent effort
R0988,S0580,2026-02-09,14.0,Male,Grade 9,International,Computer Science,4.7,6.0,8.3,76.0,73.0,Group Study,No,Yes,High,Medium,80.0,73.0,Pass,Excellent focus
R1369,S0449,2026-02-22,14.0,Male,Grade 9,Private,Math,1.1,6.2,5.2,84.0,56.0,Self Study,No,Yes,Medium,Medium,61.0,92.0,Excellent,Absent during some activities
R0736,S0427,2026-04-27,14.0,Female,Grade 12,Public,Computer Science,2.3,8.0,2.7,92.0,87.0,Private Tutor,No,Yes,High,Low,97.0,100.0,Excellent,Homework quality varies
R1683,S0443,2026-04-15,17.0,Male,Grade 12,Private,History,2.3,7.5,3.5,76.0,81.0,Group Study,No,Yes,High,High,83.0,86.0,Good,Absent during some activities
R0336,S0421,2026-03-26,16.0,Male,Grade 11,Public,Math,2.6,7.1,4.6,78.0,78.0,Self Study,Yes,Yes,Medium,High,92.0,100.0,Excellent,Excellent focus
R0024,S0537,2026-02-11,13.0,Male,Grade 8,Private,Science,1.1,8.3,2.9,97.0,78.0,Group Study,Yes,Yes,Medium,Medium,99.0,93.0,Excellent,Improved this term
R0441,S0388,2026-03-13,17.0,Female,Grade 12,International,History,2.5,6.2,3.9,88.0,48.0,Private Tutor,Yes,Yes,High,Low,72.0,87.0,Good,Often distracted
R0829,S0644,2026-02-22,15.0,Male,Grade 10,International,Computer Science,3.2,7.1,3.8,90.0,42.0,Self Study,Yes,Yes,Low,Medium,89.0,100.0,Excellent,No Comment
R3031,S0403,2026-04-15,14.0,Female,Grade 9,Public,Computer Science,3.6,6.8,5.6,87.0,70.0,Self Study,No,Yes,High,High,85.0,88.0,Good,Strong participation
R2323,S0290,2026-03-26,17.0,Female,Grade 12,Private,Math,1.9,7.5,2.7,95.0,71.0,Online Videos,No,Yes,Low,Medium,77.0,87.0,Good,Improved this term
R0845,S0650,2026-02-07,14.0,Male,Grade 8,Private,Math,3.2,7.3,5.2,87.0,76.0,Private Tutor,No,Yes,Medium,Low,92.0,91.0,Excellent,Consistent effort
R2314,S0195,2026-02-26,16.0,Male,Grade 11,International,History,0.5,7.4,4.1,87.0,59.0,Private Tutor,No,Yes,Medium,Low,65.0,92.0,Needs Improvement,No Comment
R2200,S0395,2026-02-20,14.0,Male,Grade 9,Private,Computer Science,0.4,6.9,3.0,85.0,80.0,Self Study,No,Yes,High,High,68.0,81.0,Good,No Comment
R2770,S0077,2026-03-19,14.0,Female,Grade 9,Public,Computer Science,4.7,7.6,4.4,98.0,76.0,Online Videos,Yes,Yes,Medium,High,100.0,100.0,Excellent,No Comment
R0421,S0627,2026-02-25,14.0,Male,Grade 9,Private,English,2.6,6.2,2.5,86.0,57.0,Notebook / Notes,Yes,Yes,Low,Low,91.0,90.0,Excellent,No Comment
R2857,S0735,2026-03-13,17.0,Male,Grade 12,Public,Computer Science,3.6,8.7,3.4,88.0,65.0,Online Videos,No,Yes,Medium,High,100.0,96.0,Excellent,No Comment
R2970,S0306,2026-02-21,13.0,Female,Grade 8,International,Computer Science,4.4,8.2,4.3,81.0,63.0,Notebook / Notes,No,Yes,Low,Medium,67.0,74.0,Pass,Homework quality varies
R0277,S0716,2026-03-07,17.0,Female,Grade 8,International,Computer Science,4.7,8.6,3.7,78.0,56.0,Private Tutor,Yes,Yes,Medium,Medium,100.0,100.0,Excellent,Homework quality varies
R2927,S0344,2026-02-02,17.0,Female,Grade 10,Public,Math,2.9,9.3,4.5,94.0,97.0,Online Videos,No,Yes,Low,High,95.0,99.0,Excellent,Good analytical thinking
R3042,S0256,2026-02-27,13.0,Female,Grade 10,Private,Computer Science,1.5,7.4,4.5,95.0,51.0,Group Study,No,Yes,Medium,High,94.0,86.0,Good,Consistent effort
R2362,S0512,2026-04-04,14.0,Male,Grade 9,Public,Science,2.4,8.2,5.0,92.0,51.0,Notebook / Notes,Yes,Yes,Medium,Medium,88.0,93.0,Excellent,Strong participation
R1704,S0518,2026-03-16,16.0,Male,Grade 11,Public,Computer Science,2.9,4.8,3.5,92.0,70.0,Self Study,Yes,Yes,Medium,High,93.0,90.0,Excellent,Excellent focus
R1287,S0234,2026-04-09,17.0,Female,Grade 12,International,History,1.1,7.6,3.4,87.0,89.0,Private Tutor,No,No,Medium,High,100.0,91.0,Excellent,Needs revision plan
R2431,S0691,2026-03-31,13.0,Male,Grade 8,Private,Science,5.0,5.6,1.9,100.0,97.0,Self Study,No,Yes,Medium,High,84.0,100.0,Excellent,Absent during some activities
R2922,S0289,2026-04-10,17.0,Female,Grade 8,Public,Math,3.5,7.5,6.3,81.0,54.0,Group Study,No,Yes,Medium,High,89.0,93.0,Excellent,Improved this term
R3566,S0060,2026-05-01,13.0,Female,Grade 8,Public,Science,5.2,7.1,4.2,96.0,52.0,Online Videos,Yes,Yes,Low,Medium,83.0,89.0,Good,Needs revision plan
R1471,S0037,2026-02-27,16.0,Female,Grade 11,Private,History,3.5,6.5,2.9,84.0,92.0,Self Study,No,No,Low,Medium,100.0,100.0,Excellent,Strong participation
R2953,S0647,2026-04-06,15.0,Male,Grade 10,Public,Science,1.0,9.3,4.2,79.0,58.0,Online Videos,Yes,Yes,Low,Low,77.0,82.0,Good,Needs revision plan
R0573,S0386,2026-03-17,17.0,Female,Grade 12,Public,English,2.3,7.1,6.2,92.0,75.0,Self Study,Yes,Yes,Medium,High,100.0,99.0,Excellent,No Comment
R0134,S0401,2026-03-23,13.0,Female,Grade 9,International,Science,4.4,8.2,2.1,82.0,100.0,Private Tutor,No,Yes,Low,Medium,100.0,98.0,Excellent,Strong participation
R0854,S0563,2026-02-06,17.0,Female,Grade 12,Private,Science,3.1,8.3,3.9,76.0,90.0,Private Tutor,Yes,No,Medium,Medium,100.0,92.0,Excellent,Strong participation
R1196,S0326,2026-03-16,16.0,Male,Grade 9,Private,Math,4.4,6.7,3.2,92.0,96.0,Private Tutor,No,Yes,Low,High,94.0,100.0,Excellent,Good analytical thinking
R0600,S0075,2026-03-22,14.0,Male,Grade 9,Public,History,4.9,6.7,5.6,87.0,95.0,Notebook / Notes,Yes,Yes,Low,Low,91.0,93.0,Excellent,Often distracted
R2851,S0673,2026-02-09,13.0,Female,Grade 8,Private,Computer Science,3.4,7.3,5.3,85.0,100.0,Self Study,No,Yes,High,High,77.0,94.0,Excellent,Homework quality varies
R0103,S0501,2026-02-13,15.0,Female,Grade 10,International,English,4.0,8.2,6.6,90.0,58.0,Online Videos,No,Yes,Medium,Low,88.0,94.0,Excellent,No Comment
R2790,S0386,2026-02-17,13.0,Male,Grade 8,Public,Computer Science,0.9,8.2,2.2,87.0,63.0,Notebook / Notes,No,Yes,Low,Medium,100.0,98.0,Excellent,Strong participation
R2054,S0262,2026-02-20,17.0,Female,Grade 12,Public,Math,3.3,9.4,5.9,98.0,63.0,Group Study,No,Yes,Medium,Medium,86.0,93.0,Excellent,Often distracted
R0239,S0164,2026-03-06,13.0,Male,Grade 8,Private,History,4.7,7.2,6.4,91.0,80.0,Self Study,Yes,Yes,Medium,Low,100.0,97.0,Excellent,Good analytical thinking
R3635,S0132,2026-03-04,14.0,Female,Grade 9,Private,Computer Science,1.6,8.0,5.2,84.0,52.0,Private Tutor,No,Yes,Low,High,90.0,93.0,Excellent,Needs better time management
R2351,S0267,2026-02-19,15.0,Female,Grade 10,Private,Math,2.0,7.4,5.4,84.0,84.0,Private Tutor,No,Yes,Medium,Medium,98.0,93.0,Excellent,No Comment
R0445,S0662,2026-04-22,14.0,Male,Grade 9,Private,Science,1.3,8.3,4.2,85.0,96.0,Self Study,No,Yes,High,Medium,93.0,76.0,Good,-
R0570,S0388,2026-04-15,15.0,Female,Grade 10,Public,English,3.3,6.7,7.4,87.0,64.0,Self Study,No,No,Medium,Medium,94.0,86.0,Good,Strong participation
R1102,S0023,2026-03-23,15.0,Male,Grade 10,Public,Computer Science,1.6,7.8,4.2,100.0,81.0,Group Study,No,Yes,Medium,Low,91.0,95.0,Excellent,Absent during some activities
R1021,S0040,2026-04-12,16.0,Male,Grade 11,International,Science,1.8,6.4,5.1,83.0,82.0,Private Tutor,Yes,Yes,Low,Medium,82.0,85.0,Good,Homework quality varies
R1578,S0385,2026-03-14,15.0,Male,Grade 9,Private,History,3.4,7.8,3.5,87.0,81.0,Self Study,No,Yes,Low,Medium,94.0,100.0,Excellent,Strong participation
R3715,S0573,2026-02-25,16.0,Male,Grade 11,International,Computer Science,4.3,6.8,3.1,93.0,76.0,Online Videos,No,Yes,Medium,High,93.0,100.0,Excellent,Often distracted
R1479,S0167,2026-03-28,16.0,Male,Grade 11,Public,Science,4.1,7.3,7.2,87.0,56.0,Self Study,No,No,Medium,High,75.0,76.0,Good,No Comment
R2830,S0233,2026-02-26,16.0,Male,Grade 11,Public,Computer Science,1.7,6.9,8.6,87.0,57.0,Private Tutor,No,Yes,Low,Medium,72.0,65.0,Pass,Good analytical thinking
R2288,S0730,2026-02-10,15.0,Female,Grade 10,Private,Computer Science,0.9,6.0,2.9,92.0,82.0,Notebook / Notes,Yes,Yes,High,Medium,90.0,85.0,Good,Consistent effort
R1948,S0204,2026-03-06,13.0,Female,Grade 8,Public,Science,0.0,6.2,3.5,77.0,74.0,Online Videos,No,Yes,Low,High,57.0,74.0,Pass,Homework quality varies
R2820,S0457,2026-03-10,16.0,Male,Grade 10,Private,English,5.7,8.5,5.9,93.0,100.0,Self Study,No,Yes,Medium,High,89.0,100.0,Excellent,Good analytical thinking
R0151,S0008,2026-03-23,17.0,Male,Grade 12,Public,History,4.3,7.3,3.1,90.0,60.0,Notebook / Notes,Yes,Yes,Low,High,100.0,100.0,Excellent,Excellent focus
R3793,S0619,2026-03-15,16.0,Female,Grade 11,Public,English,4.9,6.0,4.6,98.0,86.0,Online Videos,Yes,Yes,Low,Medium,97.0,100.0,Excellent,No Comment
R2220,S0516,2026-02-04,17.0,Female,Grade 12,International,Computer Science,2.8,7.2,5.7,83.0,100.0,Group Study,Yes,Yes,Medium,Medium,100.0,96.0,Excellent,Often distracted
R1977,S0670,2026-03-16,13.0,Female,Grade 8,Public,Science,3.2,7.4,3.0,81.0,68.0,Self Study,Yes,Yes,High,Low,93.0,91.0,Excellent,Good analytical thinking
R0878,S0368,2026-02-27,15.0,Female,Grade 10,International,Science,3.1,8.0,6.2,83.0,100.0,Notebook / Notes,No,Yes,Medium,Medium,76.0,86.0,Good,No Comment
R0815,S0272,2026-03-03,16.0,Female,Grade 11,Public,English,1.3,7.3,3.5,100.0,51.0,Online Videos,No,Yes,High,Medium,68.0,76.0,Good,Excellent focus
R0209,S0234,2026-02-25,15.0,Female,Grade 10,Private,Computer Science,3.2,6.6,3.1,87.0,88.0,Self Study,No,Yes,Medium,Medium,84.0,100.0,Excellent,Consistent effort
R1681,S0206,2026-03-03,17.0,Male,Grade 12,Public,History,0.9,6.7,4.0,100.0,79.0,Private Tutor,Yes,Yes,High,Low,69.0,78.0,Good,No Comment
R0518,S0182,2026-02-11,16.0,Female,Grade 11,Public,English,4.3,7.7,0.5,87.0,68.0,Group Study,Yes,Yes,Medium,Low,100.0,99.0,Excellent,Absent during some activities
R3475,S0163,2026-11-03,14.0,Female,Grade 9,Public,Math,4.1,7.0,4.3,81.0,79.0,Self Study,No,Yes,High,Medium,96.0,98.0,Excellent,Homework quality varies
R0161,S0661,2026-02-05,16.0,Female,Grade 11,Private,Science,3.0,7.6,2.8,83.0,73.0,Online Videos,No,Yes,High,Low,100.0,96.0,Excellent,Good analytical thinking
R2785,S0689,2026-04-14,14.0,Female,Grade 9,Public,History,4.1,7.7,5.6,77.0,67.0,Online Videos,No,Yes,Medium,High,100.0,93.0,Excellent,Absent during some activities
R2091,S0181,2026-03-18,15.0,Female,Grade 10,Public,Computer Science,0.9,8.1,1.7,95.0,88.0,Notebook / Notes,Yes,Yes,Low,High,100.0,100.0,Excellent,No Comment
R3119,S0204,2026-03-18,15.0,Female,Grade 10,International,English,2.3,7.0,4.3,86.0,98.0,Online Videos,Yes,Yes,Medium,Low,78.0,90.0,Excellent,Excellent focus
R0044,S0408,2026-02-08,15.0,Male,Grade 10,Public,History,5.0,8.0,2.5,78.0,95.0,Notebook / Notes,No,No,Medium,Low,100.0,100.0,Excellent,Improved this term
R1054,S0366,2026-02-20,14.0,Male,Grade 9,Public,Computer Science,1.1,7.0,7.8,86.0,77.0,Group Study,No,No,High,Medium,69.0,64.0,Pass,Strong participation
R2356,S0174,2026-04-09,14.0,Female,Grade 9,Public,Math,3.3,5.6,8.4,94.0,45.0,Group Study,No,Yes,Medium,High,93.0,85.0,Good,Consistent effort
R2188,S0515,2026-04-24,17.0,Male,Grade 9,Public,Computer Science,1.7,6.1,4.1,86.0,100.0,Online Videos,No,Yes,Medium,High,92.0,100.0,Excellent,Homework quality varies
R1194,S0055,2026-03-24,15.0,Female,Grade 10,International,Math,1.9,7.2,4.4,94.0,91.0,Self Study,No,Yes,Medium,Medium,88.0,92.0,Excellent,No Comment
R1344,S0116,2026-04-24,14.0,Female,Grade 9,Public,Math,4.7,7.4,1.7,83.0,69.0,Group Study,Yes,No,Medium,High,100.0,100.0,Excellent,No Comment
R2482,S0607,2026-02-14,13.0,Male,Grade 8,Private,Math,3.8,6.0,7.1,87.0,74.0,Self Study,No,Yes,Medium,Medium,95.0,96.0,Excellent,Improved this term
R1488,S0566,2026-03-08,16.0,Female,Grade 11,Public,Science,5.6,7.9,2.9,84.0,73.0,Group Study,No,Yes,Medium,High,100.0,92.0,Excellent,Excellent focus
R2126,S0242,2026-04-13,15.0,Male,Grade 10,Public,Computer Science,2.5,9.0,4.2,87.0,47.0,Online Videos,No,Yes,Medium,Medium,83.0,91.0,Excellent,Improved this term
R3215,S0195,2026-03-14,13.0,Male,Grade 9,Private,Science,3.7,6.6,3.8,87.0,62.0,Online Videos,No,Yes,Low,Medium,73.0,87.0,Good,Excellent focus
R0267,S0462,2026-04-15,15.0,Male,Grade 10,Public,Math,3.1,5.8,2.4,91.0,100.0,Self Study,Yes,Yes,High,Medium,98.0,100.0,Excellent,Strong participation
R0006,S0686,2026-03-25,17.0,Male,Grade 11,Private,Science,3.2,8.8,3.7,93.0,70.0,Online Videos,Yes,Yes,Low,Medium,100.0,99.0,Excellent,Homework quality varies
R0712,S0273,2026-03-12,13.0,Male,Grade 8,International,Math,4.5,5.9,5.5,87.0,61.0,Online Videos,No,Yes,Medium,High,100.0,99.0,Excellent,Absent during some activities
R3017,S0065,2026-02-07,17.0,Female,Grade 12,Public,English,4.7,5.7,4.7,85.0,87.0,Online Videos,Yes,Yes,Medium,High,88.0,100.0,Excellent,No Comment
R3374,S0374,2026-03-03,14.0,Male,Grade 9,Private,Computer Science,5.2,7.2,1.7,80.0,78.0,Self Study,No,Yes,Low,Medium,100.0,100.0,Excellent,Consistent effort
R0094,S0428,2026-02-01,14.0,Male,Grade 9,International,Science,3.2,7.5,3.0,85.0,48.0,Self Study,Yes,Yes,Medium,High,93.0,97.0,Excellent,Improved this term
R3671,S0102,2026-04-19,15.0,Female,Grade 10,Public,History,3.0,8.9,4.8,89.0,73.0,Self Study,No,Yes,Low,High,91.0,97.0,Excellent,Improved this term
R1873,S0144,2026-03-01,14.0,Female,Grade 9,Public,English,4.4,8.1,4.6,96.0,46.0,Private Tutor,No,Yes,Medium,Low,94.0,97.0,Excellent,Often distracted
R0362,S0336,2026-02-10,15.0,Female,Grade 10,Private,Science,3.5,6.7,4.0,100.0,74.0,Self Study,No,Yes,High,Medium,88.0,91.0,Excellent,Excellent focus
R0965,S0387,2026-04-17,15.0,Male,Grade 10,International,History,0.8,7.6,5.6,77.0,84.0,Private Tutor,Yes,Yes,Medium,Medium,90.0,88.0,Good,Excellent focus
R0275,S0005,2026-02-02,15.0,Female,Grade 10,Public,Computer Science,5.6,8.2,4.2,81.0,88.0,Notebook / Notes,Yes,Yes,Low,Low,100.0,96.0,Excellent,No Comment
R1968,S0465,2026-03-04,13.0,Female,Grade 8,Public,Computer Science,4.8,6.3,5.6,85.0,63.0,Self Study,Yes,Yes,Medium,High,87.0,95.0,Excellent,Good analytical thinking
R3615,S0581,2026-02-08,15.0,Male,Grade 10,Private,English,3.0,6.0,1.9,84.0,100.0,Online Videos,No,Yes,High,Medium,67.0,77.0,Good,Consistent effort
R3847,S0747,2026-04-23,13.0,Male,Grade 8,International,Computer Science,5.4,7.4,3.3,92.0,100.0,Private Tutor,No,Yes,High,Low,90.0,100.0,Excellent,Consistent effort
R1751,S0237,2026-02-17,15.0,Male,Grade 10,International,Computer Science,1.7,6.2,3.8,80.0,61.0,Self Study,No,Yes,Low,Medium,89.0,98.0,Excellent,Absent during some activities
R3271,S0097,2026-02-27,14.0,Male,Grade 9,Public,Computer Science,3.4,7.6,4.3,73.0,77.0,Online Videos,No,Yes,Medium,High,90.0,75.0,Good,No Comment
R3368,S0181,2026-04-30,15.0,Female,Grade 10,Private,History,3.8,6.8,3.4,87.0,86.0,Self Study,No,Yes,High,High,84.0,96.0,Excellent,Needs revision plan
R2483,S0197,2026-03-31,13.0,Female,Grade 8,International,English,2.9,7.6,4.3,82.0,90.0,Private Tutor,Yes,Yes,Medium,Medium,97.0,100.0,Excellent,No Comment
R2747,S0428,2026-02-27,13.0,Female,Grade 8,Public,History,2.2,7.0,4.2,80.0,64.0,Group Study,No,Yes,High,Medium,95.0,86.0,Good,Homework quality varies
R3259,S0409,2026-04-29,13.0,Male,Grade 8,Public,Math,4.6,7.2,5.0,100.0,82.0,Online Videos,Yes,Yes,Medium,Low,100.0,100.0,Excellent,Needs better time management
R1999,S0272,2026-02-12,16.0,Female,Grade 9,Private,English,3.5,7.4,5.5,77.0,62.0,Self Study,No,Yes,High,Medium,66.0,68.0,Pass,No Comment
R0185,S0216,2026-04-03,15.0,Female,Grade 10,Private,Computer Science,4.9,6.4,1.4,93.0,100.0,Private Tutor,No,Yes,High,High,96.0,100.0,Excellent,No Comment
R0432,S0492,2026-04-01,15.0,Female,Grade 10,Public,Science,1.9,5.8,4.0,85.0,66.0,Online Videos,No,No,High,High,70.0,92.0,Good,Often distracted
R2849,S0695,2026-04-19,14.0,Female,Grade 9,Private,Computer Science,2.5,6.7,5.4,97.0,56.0,Private Tutor,No,Yes,Medium,Low,87.0,84.0,Good,Often distracted
R2660,S0658,2026-04-25,16.0,Female,Grade 11,Public,Science,0.8,6.5,2.9,79.0,87.0,Group Study,No,Yes,Medium,High,100.0,98.0,Excellent,Consistent effort
R1308,S0641,2026-03-10,16.0,Male,Grade 8,Public,English,4.1,8.1,2.7,83.0,89.0,Private Tutor,No,Yes,High,Low,100.0,100.0,Excellent,No Comment
R3754,S0693,2026-03-04,17.0,Male,Grade 12,International,English,1.5,6.2,3.2,87.0,77.0,Self Study,Yes,Yes,Medium,High,98.0,97.0,Excellent,Improved this term
R1801,S0130,2026-03-07,16.0,Male,Grade 11,Private,Computer Science,2.8,8.4,3.0,73.0,62.0,Self Study,No,No,Medium,High,88.0,100.0,Excellent,Strong participation
R0401,S0429,2026-02-12,15.0,Male,Grade 12,Private,History,2.5,7.0,3.7,100.0,50.0,Self Study,No,Yes,Low,Medium,83.0,84.0,Good,Improved this term
R1268,S0543,2026-02-20,14.0,Male,Grade 9,Public,Science,4.4,6.5,4.2,88.0,80.0,Notebook / Notes,No,Yes,Low,Medium,77.0,90.0,Excellent,Needs better time management
R0918,S0114,2026-03-02,16.0,Male,Grade 11,Private,English,2.4,6.7,3.8,88.0,75.0,Group Study,Yes,No,Low,Medium,72.0,81.0,Good,Good analytical thinking
R2867,S0159,2026-03-19,14.0,Male,Grade 11,Private,History,3.9,6.9,2.9,92.0,94.0,Self Study,No,Yes,Low,Medium,92.0,98.0,Excellent,Improved this term
R1283,S0572,2026-04-14,16.0,Male,Grade 11,Public,History,2.5,7.2,4.2,100.0,85.0,Group Study,No,Yes,Medium,Medium,100.0,100.0,Excellent,Needs revision plan
R2717,S0481,2026-03-23,14.0,Male,Grade 9,Public,Computer Science,3.2,6.7,5.1,81.0,72.0,Self Study,Yes,Yes,Medium,Low,87.0,98.0,Excellent,No Comment
R0637,S0579,2026-03-08,17.0,Female,Grade 12,Public,History,3.3,7.1,3.1,90.0,88.0,Self Study,No,Yes,Medium,High,94.0,92.0,Good,Good analytical thinking
R2562,S0383,2026-04-15,13.0,Female,Grade 8,Public,Math,3.1,5.5,4.2,84.0,100.0,Notebook / Notes,No,No,High,High,77.0,83.0,Good,Needs revision plan
R2629,S0281,2026-02-13,15.0,Male,Grade 10,Public,History,3.0,6.1,2.0,90.0,54.0,Notebook / Notes,No,Yes,Medium,Medium,90.0,86.0,Good,Needs revision plan
R1813,S0163,2026-02-28,13.0,Female,Grade 8,Public,Math,0.9,7.1,3.8,92.0,99.0,Private Tutor,No,Yes,Medium,Medium,76.0,96.0,Excellent,Absent during some activities
R2444,S0498,2026-02-19,16.0,Female,Grade 11,Public,English,4.1,7.2,6.0,94.0,71.0,Online Videos,No,Yes,High,High,97.0,100.0,Excellent,Needs better time management
R3511,S0666,2026-02-05,14.0,Male,Grade 12,Private,History,3.9,6.3,7.7,90.0,74.0,Private Tutor,No,Yes,High,Medium,77.0,82.0,Good,Needs revision plan
R2925,S0693,2026-03-04,15.0,Female,Grade 10,Public,Computer Science,3.4,8.0,6.7,85.0,75.0,Self Study,Yes,Yes,Low,Low,88.0,86.0,Good,Needs better time management
R2363,S0581,2026-02-10,17.0,Male,Grade 12,Public,Computer Science,0.7,6.9,4.2,86.0,87.0,Group Study,No,Yes,Medium,Low,82.0,81.0,Good,Homework quality varies
R2494,S0089,2026-03-14,17.0,Male,Grade 12,Private,Math,3.7,6.3,3.2,99.0,62.0,Private Tutor,No,Yes,Low,Low,69.0,82.0,Good,No Comment
R2477,S0076,2026-03-18,16.0,Female,Grade 11,Public,English,2.2,7.5,5.9,87.0,76.0,Group Study,Yes,Yes,High,Low,64.0,83.0,Good,Homework quality varies
R3248,S0626,2026-02-21,13.0,Male,Grade 8,Public,History,2.2,8.0,4.2,77.0,100.0,Self Study,No,Yes,Low,Low,87.0,100.0,Excellent,Needs better time management
R2029,S0439,2026-04-23,15.0,Male,Grade 10,Public,Computer Science,3.2,7.3,3.0,80.0,54.0,Online Videos,No,Yes,Medium,Low,94.0,84.0,Good,Absent during some activities
R2757,S0128,2026-02-02,14.0,Male,Grade 9,International,History,2.1,6.3,3.5,87.0,90.0,Notebook / Notes,No,Yes,Medium,High,73.0,87.0,Good,Excellent focus
R2689,S0152,2026-04-08,14.0,Male,Grade 9,Public,Computer Science,3.4,9.1,3.8,98.0,45.0,Self Study,No,No,High,High,96.0,100.0,Excellent,Excellent focus
R3464,S0616,2026-04-14,13.0,Male,Grade 10,Public,History,2.4,6.5,0.7,87.0,97.0,Notebook / Notes,No,Yes,Medium,Medium,93.0,97.0,Excellent,Improved this term
R0120,S0245,2026-04-02,16.0,Female,Grade 9,International,History,5.6,7.4,5.6,98.0,85.0,Private Tutor,Yes,Yes,Low,High,92.0,100.0,Excellent,Absent during some activities
R2189,S0681,2026-03-14,17.0,Male,Grade 12,Public,Math,3.5,6.2,3.3,71.0,100.0,Group Study,No,Yes,Medium,Medium,90.0,79.0,Good,Strong participation
R0138,S0128,2026-05-01,17.0,Female,Grade 12,International,Math,4.6,7.0,2.0,70.0,78.0,Private Tutor,No,Yes,Medium,High,88.0,92.0,Good,No Comment
R2239,S0035,2026-03-23,17.0,Male,Grade 12,Private,English,1.3,8.5,2.9,90.0,72.0,Online Videos,Yes,Yes,Low,High,100.0,100.0,Excellent,No Comment
R1008,S0689,2026-04-06,13.0,Male,Grade 8,Private,Math,2.0,7.4,4.2,93.0,100.0,Self Study,No,No,Medium,Medium,74.0,82.0,Good,Strong participation
R3595,S0421,2026-03-07,13.0,Male,Grade 8,International,Math,2.5,8.1,4.4,89.0,70.0,Self Study,No,Yes,Medium,Medium,90.0,77.0,Good,Strong participation
R0078,S0369,2026-04-26,17.0,Male,Grade 12,Private,Science,2.5,7.7,4.5,84.0,100.0,Online Videos,No,Yes,Medium,Low,87.0,85.0,Good,No Comment
R1984,S0210,2026-04-12,13.0,Female,Grade 8,Private,Math,6.2,8.1,4.1,100.0,70.0,Group Study,No,Yes,Medium,Medium,100.0,100.0,Excellent,Homework quality varies
R3886,S0201,2026-03-18,17.0,Male,Grade 12,Public,Math,3.2,6.6,1.3,85.0,74.0,Online Videos,No,Yes,Medium,Medium,86.0,85.0,Good,Strong participation
R1735,S0211,2026-03-13,15.0,Male,Grade 10,Public,History,4.7,6.9,4.2,81.0,100.0,Online Videos,Yes,Yes,High,Low,100.0,100.0,Excellent,Needs better time management
R3262,S0445,2026-02-08,16.0,Male,Grade 11,Public,Computer Science,3.5,7.7,2.7,74.0,100.0,Private Tutor,Yes,Yes,High,Low,72.0,77.0,Good,Consistent effort
R3391,S0687,2026-02-02,17.0,Female,Grade 12,Private,English,6.5,6.8,3.0,90.0,73.0,Online Videos,Yes,No,High,High,94.0,100.0,Excellent,No Comment
R2767,S0224,2026-04-24,13.0,Female,Grade 8,International,Math,1.4,6.1,5.2,82.0,82.0,Notebook / Notes,No,Yes,Medium,High,79.0,75.0,Good,Needs better time management
R2964,S0356,2026-02-21,16.0,Female,Grade 11,Public,English,2.9,7.5,2.0,94.0,74.0,Self Study,No,Yes,Medium,High,89.0,89.0,Good,Needs revision plan
R2621,S0211,2026-03-18,14.0,Female,Grade 9,Public,Computer Science,5.0,8.2,4.5,85.0,76.0,Private Tutor,No,Yes,Medium,High,90.0,100.0,Excellent,Excellent focus
R1566,S0717,2026-04-24,16.0,Male,Grade 11,Public,History,3.9,7.4,3.1,92.0,83.0,Online Videos,Yes,Yes,High,High,87.0,100.0,Excellent,Good analytical thinking
R0228,S0317,2026-03-03,16.0,Female,Grade 11,Public,History,2.5,7.0,3.8,95.0,56.0,Private Tutor,No,Yes,Medium,Medium,95.0,85.0,Good,No Comment
R1084,S0180,2026-02-12,15.0,Female,Grade 9,Public,Science,2.2,6.5,5.0,87.0,76.0,Group Study,No,Yes,Medium,Low,90.0,81.0,Good,-
R0369,S0558,2026-03-24,13.0,Male,Grade 12,Public,English,2.2,5.9,2.6,75.0,90.0,Notebook / Notes,No,Yes,High,Low,93.0,92.0,Good,Consistent effort
R2228,S0662,2026-02-03,16.0,Male,Grade 9,Private,Math,4.7,6.7,4.2,100.0,52.0,Private Tutor,No,Yes,Medium,Medium,100.0,100.0,Excellent,Often distracted
R3781,S0438,2026-04-25,15.0,Female,Grade 11,International,Math,1.8,8.9,5.8,80.0,54.0,Online Videos,No,Yes,Medium,Medium,67.0,72.0,Pass,Needs better time management
R3136,S0386,2026-03-07,13.0,Male,Grade 8,Private,History,1.8,6.2,2.9,88.0,82.0,Private Tutor,No,No,High,Medium,89.0,80.0,Good,Needs revision plan
R1565,S0252,2026-04-22,17.0,Female,Grade 12,International,History,5.4,6.8,4.3,91.0,77.0,Self Study,No,Yes,Low,Medium,100.0,100.0,Excellent,No Comment
R0402,S0106,2026-03-09,13.0,Male,Grade 8,Public,Math,2.3,6.7,5.8,87.0,38.0,Self Study,Yes,Yes,Medium,Low,85.0,66.0,Pass,Needs better time management
R2946,S0171,2026-03-05,13.0,Male,Grade 8,Public,Computer Science,4.2,7.0,0.8,93.0,88.0,Self Study,No,Yes,High,Medium,100.0,100.0,Excellent,Homework quality varies
R1390,S0277,2026-03-31,17.0,Female,Grade 12,International,English,4.4,5.9,4.8,91.0,73.0,Self Study,No,Yes,Medium,Low,75.0,84.0,Good,Homework quality varies
R2509,S0663,2026-02-07,15.0,Female,Grade 10,Private,English,5.2,6.0,2.8,86.0,75.0,Group Study,No,Yes,Low,High,93.0,100.0,Excellent,Good analytical thinking
R1329,S0075,2026-02-18,13.0,Female,Grade 8,Public,English,2.5,7.2,8.3,96.0,62.0,Private Tutor,No,Yes,Medium,Low,65.0,75.0,Good,Excellent focus
R0062,S0703,2026-02-10,14.0,Female,Grade 12,Public,Science,1.4,7.2,3.7,90.0,99.0,Group Study,Yes,Yes,High,Low,75.0,91.0,Excellent,No Comment
R2733,S0026,2026-02-08,14.0,Female,Grade 11,Private,Computer Science,3.9,6.8,5.8,75.0,92.0,Self Study,Yes,Yes,Medium,High,77.0,80.0,Good,Needs revision plan
R3001,S0440,2026-04-23,14.0,Male,Grade 9,Public,Computer Science,5.0,7.1,4.6,87.0,61.0,Online Videos,No,Yes,Medium,High,93.0,100.0,Excellent,Strong participation
R3589,S0375,2026-03-09,14.0,Female,Grade 9,Public,Math,3.0,7.1,4.6,83.0,60.0,Self Study,Yes,Yes,High,High,100.0,100.0,Excellent,Absent during some activities
R1926,S0476,2026-02-11,16.0,Female,Grade 11,International,Math,4.4,6.1,4.1,94.0,67.0,Online Videos,Yes,Yes,Low,Medium,100.0,100.0,Excellent,No Comment
R0452,S0091,2026-04-19,15.0,Female,Grade 10,International,Science,3.2,8.8,3.5,83.0,62.0,Self Study,No,Yes,Medium,Medium,90.0,88.0,Good,Consistent effort
R1555,S0286,2026-02-24,16.0,Male,Grade 11,Private,History,2.7,8.0,7.2,93.0,82.0,Online Videos,Yes,Yes,Low,Medium,82.0,89.0,Good,Homework quality varies
R1137,S0521,2026-03-14,15.0,Male,Grade 10,International,History,4.2,7.3,4.7,99.0,65.0,Self Study,Yes,Yes,Medium,Medium,98.0,100.0,Excellent,Improved this term
R1589,S0541,2026-02-21,16.0,Female,Grade 11,Private,Science,5.6,7.0,5.0,92.0,100.0,Self Study,No,Yes,High,Low,100.0,100.0,Excellent,Strong participation
R1507,S0046,2026-02-05,17.0,Female,Grade 10,Public,English,4.1,6.0,2.8,84.0,82.0,Online Videos,No,Yes,Low,Low,96.0,92.0,Excellent,Excellent focus
R1208,S0261,2026-03-23,17.0,Male,Grade 12,Private,English,1.9,6.4,3.5,86.0,68.0,Online Videos,No,Yes,Medium,Medium,88.0,89.0,Good,Good analytical thinking
R3481,S0723,2026-03-13,13.0,Male,Grade 8,Public,English,3.5,7.2,4.1,99.0,85.0,Private Tutor,Yes,Yes,Medium,Medium,84.0,89.0,Good,Needs better time management
R1941,S0381,2026-04-25,17.0,Female,Grade 12,Public,Computer Science,2.5,6.2,3.7,80.0,47.0,Group Study,No,Yes,Medium,Low,63.0,92.0,Pass,Improved this term
R2540,S0343,2026-03-15,14.0,Male,Grade 9,Public,History,3.0,8.5,4.7,80.0,77.0,Group Study,No,Yes,High,Medium,92.0,89.0,Good,Consistent effort
R1063,S0737,2026-04-07,14.0,Male,Grade 9,Private,Computer Science,2.4,6.9,3.0,80.0,100.0,Group Study,Yes,Yes,Medium,High,98.0,94.0,Excellent,Needs better time management
R2800,S0205,2026-03-11,13.0,Female,Grade 8,Private,Math,3.2,8.9,2.8,100.0,46.0,Self Study,No,Yes,Medium,Medium,93.0,95.0,Excellent,Needs better time management
R1823,S0379,2026-03-18,14.0,Male,Grade 9,International,Science,3.2,6.2,5.7,76.0,81.0,Self Study,No,Yes,High,High,92.0,89.0,Good,Absent during some activities
R2606,S0064,2026-03-08,16.0,Female,Grade 11,Private,Science,3.9,6.4,4.2,96.0,86.0,Private Tutor,No,Yes,Low,Medium,96.0,98.0,Excellent,Good analytical thinking
R1203,S0043,2026-04-27,15.0,Male,Grade 12,Public,History,3.2,6.8,4.2,88.0,79.0,Notebook / Notes,No,Yes,Low,Medium,79.0,92.0,Excellent,Often distracted
R3079,S0699,2026-03-24,16.0,Female,Grade 11,Public,Math,3.6,6.7,6.1,100.0,68.0,Online Videos,Yes,Yes,Low,Medium,99.0,100.0,Excellent,Excellent focus
R1608,S0395,2026-03-08,14.0,Female,Grade 9,International,Science,4.0,5.6,5.1,81.0,72.0,Group Study,Yes,Yes,Medium,Medium,100.0,100.0,Excellent,Consistent effort
R1415,S0318,2026-04-17,14.0,Female,Grade 9,Public,History,5.1,7.4,4.1,81.0,85.0,Group Study,No,Yes,High,Medium,94.0,100.0,Excellent,No Comment
R2251,S0239,2026-04-21,17.0,Male,Grade 12,Private,History,2.2,8.5,4.5,76.0,67.0,Notebook / Notes,Yes,No,Medium,Low,71.0,92.0,Good,No Comment
R3683,S0560,2026-03-04,16.0,Female,Grade 11,International,Math,5.8,5.5,2.1,90.0,44.0,Self Study,No,Yes,Medium,Low,93.0,100.0,Excellent,No Comment
R3166,S0477,2026-04-12,14.0,Male,Grade 9,Private,History,1.9,7.2,5.0,85.0,38.0,Group Study,Yes,Yes,Medium,Medium,74.0,82.0,Good,Homework quality varies
R1718,S0530,2026-04-21,17.0,Female,Grade 12,Public,Computer Science,2.0,8.3,6.1,85.0,90.0,Online Videos,No,Yes,High,High,100.0,86.0,Good,Homework quality varies
R2179,S0369,2026-02-27,16.0,Male,Grade 11,International,Science,5.0,7.2,5.8,87.0,100.0,Self Study,Yes,Yes,Low,Low,85.0,96.0,Excellent,Consistent effort
R0866,S0567,2026-04-06,17.0,Male,Grade 12,Public,English,3.2,5.8,4.5,84.0,75.0,Online Videos,No,Yes,Low,Medium,99.0,96.0,Excellent,Good analytical thinking
R2268,S0629,2026-03-18,17.0,Male,Grade 12,Public,Math,1.8,7.7,8.0,88.0,73.0,Online Videos,No,Yes,Medium,Medium,79.0,87.0,Good,Homework quality varies
R1235,S0167,2026-02-17,14.0,Female,Grade 9,Public,History,3.2,8.3,5.1,87.0,86.0,Online Videos,Yes,Yes,High,Medium,89.0,96.0,Excellent,Absent during some activities
R0850,S0325,2026-03-18,15.0,Male,Grade 11,International,History,1.9,7.8,3.2,84.0,87.0,Private Tutor,Yes,Yes,High,High,90.0,100.0,Excellent,Needs better time management
R2290,S0156,2026-03-08,15.0,Female,Grade 10,Public,Science,3.4,8.0,4.1,90.0,85.0,Notebook / Notes,Yes,Yes,Low,High,92.0,100.0,Excellent,Excellent focus
R2013,S0200,2026-04-07,16.0,Male,Grade 11,Private,Computer Science,4.2,9.0,3.6,93.0,82.0,Notebook / Notes,No,Yes,Medium,High,87.0,100.0,Excellent,Needs better time management
R3189,S0135,2026-02-04,16.0,Female,Grade 11,Public,English,2.4,5.3,2.4,74.0,81.0,Private Tutor,No,Yes,Low,Medium,85.0,92.0,Good,Consistent effort
R2795,S0377,2026-04-17,14.0,Male,Grade 8,Private,Computer Science,1.6,7.9,5.7,89.0,90.0,Private Tutor,Yes,Yes,Medium,High,100.0,95.0,Excellent,Excellent focus
R1533,S0299,2026-03-14,17.0,Female,Grade 9,Private,Science,3.6,9.1,4.6,88.0,100.0,Online Videos,No,Yes,Medium,Medium,100.0,100.0,Excellent,Needs revision plan
R1868,S0583,2026-04-03,17.0,Female,Grade 12,Public,Math,2.0,7.2,5.3,98.0,100.0,Self Study,No,Yes,High,High,90.0,85.0,Good,Consistent effort
R2422,S0474,2026-04-07,17.0,Male,Grade 12,Private,English,4.9,6.4,3.7,74.0,83.0,Online Videos,No,Yes,Low,Medium,99.0,97.0,Excellent,-
R3407,S0571,2026-03-24,15.0,Male,Grade 10,International,History,1.8,6.6,4.4,85.0,49.0,Group Study,No,Yes,Medium,Low,90.0,92.0,Needs Improvement,Improved this term
R2543,S0170,2026-04-23,16.0,Male,Grade 11,Public,History,2.6,8.7,0.9,81.0,85.0,Online Videos,No,Yes,Medium,Medium,91.0,100.0,Excellent,No Comment
R0397,S0310,2026-02-09,15.0,Female,Grade 10,International,Computer Science,2.3,7.3,5.4,78.0,75.0,Online Videos,Yes,Yes,Low,Medium,67.0,92.0,Pass,Absent during some activities
R2458,S0285,2026-02-08,14.0,Female,Grade 9,Public,Science,4.4,8.5,3.4,82.0,75.0,Notebook / Notes,No,Yes,Low,Medium,88.0,100.0,Excellent,Excellent focus
R1319,S0627,2026-04-19,15.0,Female,Grade 10,Public,Math,0.5,5.5,6.5,83.0,91.0,Group Study,No,Yes,Low,Low,81.0,78.0,Good,No Comment
R0899,S0206,2026-04-09,16.0,Male,Grade 11,Public,Science,2.8,6.2,1.1,90.0,60.0,Online Videos,No,Yes,Medium,Medium,100.0,86.0,Good,Improved this term
R2386,S0213,2026-03-17,14.0,Male,Grade 9,International,Science,4.0,5.9,4.4,82.0,76.0,Online Videos,No,No,Low,Medium,100.0,97.0,Excellent,No Comment
R3489,S0087,2026-02-17,15.0,Male,Grade 10,Public,Science,2.6,7.2,6.2,88.0,73.0,Notebook / Notes,No,Yes,Medium,High,88.0,97.0,Excellent,Good analytical thinking
R2837,S0664,2026-02-10,14.0,Male,Grade 9,Public,History,4.5,6.3,4.9,83.0,63.0,Online Videos,Yes,Yes,Low,Low,89.0,89.0,Good,Needs better time management
R3315,S0342,2026-04-20,15.0,Female,Grade 10,Public,History,4.0,5.9,4.7,90.0,68.0,Online Videos,No,No,Medium,High,56.0,71.0,Pass,Excellent focus
R2977,S0715,2026-02-12,14.0,Male,Grade 9,Private,Computer Science,4.9,6.1,4.6,96.0,80.0,Group Study,Yes,Yes,Medium,Medium,99.0,100.0,Excellent,Improved this term
R3787,S0101,2026-02-08,15.0,Male,Grade 8,Public,Math,4.5,9.7,4.9,84.0,84.0,Notebook / Notes,No,Yes,Medium,High,90.0,100.0,Excellent,Homework quality varies
R2071,S0608,2026-02-28,15.0,Male,Grade 10,Private,Science,1.0,6.7,1.2,87.0,63.0,Group Study,Yes,Yes,Medium,Medium,70.0,77.0,Good,Absent during some activities
R1455,S0085,2026-02-11,13.0,Female,Grade 8,International,Computer Science,0.0,6.1,3.3,88.0,79.0,Self Study,No,Yes,Medium,High,80.0,79.0,Good,Strong participation
R1974,S0647,2026-03-15,13.0,Male,Grade 8,Public,Computer Science,3.2,5.2,4.8,91.0,72.0,Online Videos,Yes,No,Low,Medium,91.0,100.0,Excellent,Absent during some activities
R2597,S0427,2026-03-11,13.0,Male,Grade 8,International,Math,2.9,7.4,3.1,77.0,62.0,Online Videos,No,Yes,Low,Low,90.0,93.0,Excellent,Needs better time management
R3628,S0217,2026-04-04,13.0,Male,Grade 8,Private,English,2.0,7.1,5.3,71.0,67.0,Online Videos,No,Yes,Low,High,93.0,94.0,Excellent,Strong participation
R3533,S0509,2026-04-24,17.0,Female,Grade 12,International,English,5.2,7.2,6.7,100.0,100.0,Online Videos,Yes,Yes,Medium,Medium,100.0,96.0,Excellent,Needs better time management
R3344,S0214,2026-03-17,13.0,Female,Grade 10,Public,History,4.5,6.9,4.2,78.0,84.0,Group Study,Yes,Yes,Medium,High,100.0,100.0,Excellent,Consistent effort
R0084,S0119,2026-04-08,16.0,Male,Grade 11,Public,Computer Science,3.3,5.3,3.8,98.0,100.0,Notebook / Notes,No,No,Medium,Low,82.0,93.0,Excellent,Good analytical thinking
R1086,S0391,2026-03-17,15.0,Female,Grade 10,Private,History,4.3,9.7,4.8,98.0,100.0,Online Videos,No,Yes,Medium,High,100.0,96.0,Excellent,No Comment
R1209,S0660,2026-04-07,15.0,Female,Grade 10,Public,Science,3.0,5.6,3.3,84.0,79.0,Notebook / Notes,Yes,Yes,Medium,Low,93.0,96.0,Excellent,Improved this term
R1469,S0162,2026-02-08,15.0,Male,Grade 10,Public,Science,3.5,7.5,4.5,82.0,88.0,Online Videos,Yes,Yes,Medium,Low,77.0,93.0,Excellent,Improved this term
R1991,S0194,2026-04-11,17.0,Female,Grade 12,International,English,1.9,6.9,2.8,79.0,89.0,Online Videos,Yes,Yes,High,Medium,100.0,95.0,Excellent,No Comment
R0403,S0620,2026-04-10,17.0,Female,Grade 12,Public,History,3.4,6.2,3.7,99.0,77.0,Private Tutor,No,Yes,Medium,Medium,99.0,96.0,Excellent,Good analytical thinking
R3320,S0024,2026-02-25,15.0,Male,Grade 10,Public,Science,3.1,7.1,1.3,100.0,67.0,Self Study,Yes,Yes,Medium,Medium,100.0,100.0,Excellent,Good analytical thinking
R0307,S0600,2026-04-15,16.0,Male,Grade 12,Private,Computer Science,3.9,5.8,5.5,90.0,80.0,Online Videos,No,Yes,High,Medium,100.0,96.0,Excellent,Absent during some activities
R1331,S0240,2026-04-22,16.0,Female,Grade 11,Private,Computer Science,2.2,7.8,4.6,84.0,100.0,Group Study,Yes,Yes,Medium,Medium,89.0,95.0,Excellent,No Comment
R1696,S0629,2026-03-13,13.0,Female,Grade 8,International,English,3.3,5.1,6.1,76.0,100.0,Notebook / Notes,No,No,Medium,Medium,92.0,93.0,Excellent,No Comment
R3254,S0235,2026-03-12,15.0,Female,Grade 10,International,Computer Science,3.2,8.2,3.0,91.0,82.0,Self Study,No,Yes,Low,Low,92.0,95.0,Excellent,Consistent effort
R2009,S0537,2026-03-22,16.0,Male,Grade 11,Private,English,3.9,5.3,4.5,80.0,97.0,Self Study,No,Yes,Low,Low,87.0,100.0,Excellent,Improved this term
R0765,S0307,2026-02-06,13.0,Female,Grade 8,Public,Computer Science,3.4,6.0,1.7,93.0,82.0,Self Study,No,Yes,Medium,Medium,100.0,90.0,Excellent,Improved this term
R3036,S0095,2026-03-23,15.0,Male,Grade 10,International,History,3.7,7.1,4.0,84.0,83.0,Private Tutor,No,Yes,High,Medium,100.0,100.0,Excellent,Needs revision plan
R3197,S0584,2026-03-24,16.0,Male,Grade 11,Public,Computer Science,1.8,5.9,5.3,74.0,77.0,Online Videos,Yes,Yes,Low,Medium,89.0,78.0,Good,Needs revision plan
R3045,S0061,2026-03-23,17.0,Male,Grade 12,Public,Science,3.2,6.8,4.2,81.0,100.0,Notebook / Notes,No,Yes,Medium,High,74.0,86.0,Good,Homework quality varies
R2479,S0104,2026-03-30,14.0,Male,Grade 9,International,Math,0.9,6.6,4.7,100.0,81.0,Self Study,No,Yes,Medium,Medium,70.0,75.0,Good,Excellent focus
R3179,S0742,2026-03-15,15.0,Male,Grade 9,International,Computer Science,3.0,8.6,5.7,95.0,93.0,Online Videos,No,No,Medium,Medium,90.0,92.0,Excellent,Improved this term
R0578,S0056,2026-03-03,14.0,Female,Grade 9,Private,Computer Science,3.2,6.2,4.9,94.0,76.0,Notebook / Notes,Yes,Yes,High,Low,90.0,91.0,Excellent,No Comment
R3696,S0291,2026-04-24,14.0,Male,Grade 9,Private,Computer Science,3.2,5.0,3.4,79.0,82.0,Private Tutor,No,Yes,High,Low,75.0,80.0,Good,Needs better time management
R1690,S0412,2026-04-10,13.0,Female,Grade 8,Public,Computer Science,2.1,5.9,2.4,98.0,57.0,Notebook / Notes,No,Yes,High,Medium,88.0,92.0,Excellent,No Comment
R0921,S0070,2026-03-12,16.0,Male,Grade 11,Public,Math,2.8,8.7,6.2,77.0,61.0,Private Tutor,No,Yes,Low,High,83.0,80.0,Excellent,No Comment
R3602,S0224,2026-02-19,14.0,Male,Grade 9,Public,Computer Science,1.7,6.0,2.4,86.0,77.0,Notebook / Notes,Yes,No,Low,High,84.0,94.0,Excellent,No Comment
R1549,S0453,2026-04-13,13.0,Male,Grade 8,Private,Computer Science,1.4,7.2,6.7,87.0,97.0,Private Tutor,No,Yes,Medium,Medium,67.0,68.0,Pass,No Comment
R1570,S0155,2026-02-08,14.0,Female,Grade 9,Public,Computer Science,3.2,7.4,2.6,92.0,84.0,Self Study,No,Yes,Low,Medium,84.0,94.0,Excellent,Good analytical thinking
R2643,S0319,2026-02-28,15.0,Female,Grade 10,Private,History,3.3,7.4,4.2,100.0,73.0,Online Videos,No,Yes,Medium,Medium,87.0,91.0,Excellent,Excellent focus
R1830,S0651,2026-03-19,15.0,Male,Grade 10,International,Science,3.2,7.2,2.9,90.0,76.0,Self Study,No,Yes,Medium,Medium,86.0,96.0,Excellent,Improved this term
R0160,S0524,2026-04-28,17.0,Male,Grade 12,Private,Computer Science,3.2,7.4,4.4,93.0,54.0,Self Study,No,Yes,Low,Medium,80.0,80.0,Good,No Comment
R0653,S0530,2026-04-11,13.0,Female,Grade 8,Public,Computer Science,4.6,7.0,8.0,91.0,72.0,Group Study,No,Yes,High,High,98.0,92.0,Needs Improvement,Needs revision plan
R2476,S0560,2026-04-16,14.0,Male,Grade 9,Public,Computer Science,3.8,8.8,6.8,89.0,68.0,Self Study,Yes,Yes,Low,Medium,98.0,100.0,Excellent,No Comment
R2833,S0496,2026-03-09,15.0,Female,Grade 10,Private,History,3.6,8.9,7.1,78.0,77.0,Self Study,No,Yes,Medium,Low,76.0,79.0,Good,Needs revision plan
R2141,S0129,2026-03-10,15.0,Male,Grade 10,Private,Computer Science,4.3,7.6,7.9,97.0,62.0,Online Videos,No,Yes,High,Medium,92.0,85.0,Good,-
R2550,S0381,2026-02-14,15.0,Male,Grade 10,International,Computer Science,3.5,8.3,3.4,87.0,68.0,Self Study,No,Yes,Low,Medium,90.0,87.0,Good,No Comment
R2801,S0643,2026-02-12,15.0,Female,Grade 10,Public,Science,1.3,6.9,4.3,77.0,76.0,Online Videos,No,Yes,Low,Low,85.0,85.0,Good,Needs revision plan
R3460,S0701,2026-02-20,16.0,Female,Grade 10,International,Math,4.1,7.9,2.3,98.0,91.0,Self Study,No,Yes,Medium,High,87.0,97.0,Excellent,Needs revision plan
R1000,S0465,2026-04-28,14.0,Female,Grade 9,International,History,4.1,6.7,2.0,86.0,83.0,Self Study,No,No,Medium,High,88.0,96.0,Excellent,Consistent effort
R3616,S0688,2026-02-04,17.0,Male,Grade 12,Private,Computer Science,5.8,7.5,4.4,87.0,70.0,Group Study,No,Yes,Low,Medium,100.0,100.0,Excellent,Strong participation
R3703,S0333,2026-03-26,13.0,Male,Grade 9,Public,Math,3.0,7.9,2.5,71.0,82.0,Private Tutor,No,Yes,Medium,Low,97.0,100.0,Excellent,No Comment
R3468,S0609,2026-02-14,16.0,Male,Grade 11,Private,Math,0.8,8.1,4.4,100.0,76.0,Self Study,No,Yes,High,Medium,70.0,78.0,Good,No Comment
R0487,S0659,2026-02-07,16.0,Female,Grade 11,Public,Computer Science,3.1,5.4,2.0,72.0,99.0,Group Study,No,No,Medium,Medium,92.0,91.0,Excellent,Consistent effort
R3317,S0569,2026-02-02,13.0,Male,Grade 8,Public,English,4.0,8.4,6.4,87.0,61.0,Group Study,No,No,Medium,Medium,89.0,85.0,Good,Homework quality varies
R0427,S0011,2026-04-16,15.0,Female,Grade 10,Public,History,3.1,6.0,2.2,89.0,78.0,Group Study,No,Yes,Low,Medium,98.0,89.0,Good,Often distracted
R1014,S0408,2026-02-10,15.0,Male,Grade 10,Public,Computer Science,1.2,8.2,3.2,100.0,96.0,Notebook / Notes,No,No,High,High,89.0,95.0,Excellent,Strong participation
R1981,S0702,2026-02-28,16.0,Male,Grade 11,Private,Computer Science,2.7,7.8,4.3,84.0,99.0,Group Study,No,Yes,Medium,Medium,100.0,96.0,Excellent,Needs revision plan
R0707,S0126,2026-03-15,17.0,Male,Grade 12,Public,English,4.3,6.7,5.8,88.0,75.0,Online Videos,No,Yes,Low,Medium,90.0,98.0,Excellent,Absent during some activities
R3581,S0044,2026-04-16,13.0,Male,Grade 8,Public,Science,1.5,8.0,3.0,85.0,100.0,Self Study,No,Yes,Low,High,72.0,80.0,Good,Homework quality varies
R2331,S0023,2026-03-22,17.0,Female,Grade 12,International,English,3.1,7.3,3.8,80.0,99.0,Online Videos,No,No,Medium,High,97.0,92.0,Excellent,No Comment
R2202,S0199,2026-02-13,14.0,Male,Grade 9,Private,History,2.3,6.3,6.9,94.0,81.0,Notebook / Notes,No,Yes,Medium,High,79.0,81.0,Good,Absent during some activities
R0110,S0079,2026-04-12,16.0,Female,Grade 11,Private,Computer Science,3.7,6.8,3.6,84.0,77.0,Online Videos,No,Yes,High,High,97.0,93.0,Excellent,Absent during some activities
R0150,S0616,2026-02-22,15.0,Male,Grade 10,Public,Computer Science,0.0,8.2,4.2,89.0,68.0,Notebook / Notes,No,No,Low,Low,80.0,83.0,Good,Good analytical thinking
R0008,S0245,2026-04-22,16.0,Male,Grade 11,International,Math,4.6,6.9,2.2,92.0,57.0,Self Study,No,Yes,Medium,Medium,100.0,98.0,Excellent,No Comment
R1700,S0127,2026-03-20,17.0,Female,Grade 12,Public,History,4.6,7.6,6.0,74.0,77.0,Online Videos,No,Yes,High,Medium,92.0,86.0,Good,No Comment
R2002,S0649,2026-04-25,13.0,Female,Grade 8,Private,English,3.3,9.4,7.4,89.0,59.0,Private Tutor,No,Yes,Medium,Low,87.0,85.0,Good,Needs revision plan
R1702,S0498,2026-04-23,15.0,Male,Grade 10,International,History,4.7,7.2,5.5,95.0,59.0,Notebook / Notes,No,Yes,Low,Medium,77.0,89.0,Good,Improved this term
R0032,S0208,2026-04-06,17.0,Male,Grade 12,Private,History,2.8,7.9,1.6,82.0,55.0,Group Study,No,Yes,Medium,Medium,89.0,93.0,Excellent,No Comment
R0256,S0480,2026-04-18,17.0,Male,Grade 12,Public,Math,0.0,7.3,1.9,86.0,65.0,Online Videos,No,Yes,High,Medium,79.0,76.0,Good,Consistent effort
R0892,S0734,2026-03-18,17.0,Male,Grade 9,Private,History,3.2,7.9,1.1,87.0,76.0,Notebook / Notes,Yes,Yes,High,High,84.0,98.0,Excellent,Often distracted
R3246,S0726,2026-04-06,13.0,Female,Grade 8,International,History,3.2,8.0,2.1,91.0,70.0,Self Study,No,Yes,Low,Medium,98.0,100.0,Excellent,Good analytical thinking
R2684,S0625,2026-03-15,17.0,Male,Grade 12,Public,Math,3.2,8.2,6.9,92.0,68.0,Online Videos,No,Yes,Low,Low,86.0,92.0,Excellent,Good analytical thinking
R1261,S0135,2026-03-26,17.0,Male,Grade 12,Private,English,5.4,5.1,4.2,90.0,100.0,Group Study,No,No,Medium,Medium,89.0,100.0,Excellent,Absent during some activities
R2762,S0526,2026-02-20,17.0,Female,Grade 12,Private,English,3.7,7.2,3.8,76.0,88.0,Online Videos,Yes,Yes,Medium,Medium,93.0,98.0,Excellent,Improved this term
R1950,S0018,2026-04-09,17.0,Female,Grade 11,Public,English,3.5,7.2,6.6,100.0,100.0,Self Study,No,Yes,Medium,Medium,92.0,94.0,Excellent,No Comment
R1545,S0076,2026-03-18,15.0,Female,Grade 8,Public,Math,3.4,6.5,3.7,86.0,75.0,Online Videos,Yes,Yes,Medium,Low,100.0,100.0,Excellent,Strong participation
R1038,S0138,2026-03-24,17.0,Female,Grade 12,Public,English,4.2,6.0,2.9,93.0,57.0,Group Study,No,Yes,Low,Medium,86.0,100.0,Excellent,Absent during some activities
R1356,S0216,2026-04-03,17.0,Male,Grade 12,Public,English,2.9,8.2,3.0,74.0,64.0,Notebook / Notes,Yes,Yes,High,Medium,82.0,97.0,Excellent,Consistent effort
R3387,S0421,2026-03-03,15.0,Female,Grade 10,International,Math,4.3,7.2,5.8,74.0,58.0,Private Tutor,No,Yes,High,Medium,94.0,83.0,Good,Consistent effort
R3775,S0334,2026-02-01,13.0,Female,Grade 8,International,Computer Science,1.4,6.9,3.1,96.0,86.0,Self Study,No,Yes,Medium,Medium,97.0,79.0,Good,Strong participation
R2687,S0539,2026-03-28,14.0,Male,Grade 9,Public,Science,4.9,6.4,6.1,93.0,64.0,Private Tutor,No,Yes,Medium,Low,63.0,82.0,Good,Homework quality varies
R1706,S0059,2026-04-13,13.0,Female,Grade 8,Public,English,2.9,5.7,4.1,87.0,70.0,Online Videos,No,Yes,Low,Medium,89.0,84.0,Good,Strong participation
R2604,S0310,2026-03-09,13.0,Female,Grade 8,Private,History,3.2,7.9,4.3,81.0,74.0,Private Tutor,No,No,High,Medium,90.0,92.0,Excellent,Strong participation
R2235,S0512,2026-02-18,15.0,Female,Grade 10,International,Math,3.1,5.7,4.2,87.0,85.0,Private Tutor,No,Yes,Medium,Medium,94.0,88.0,Good,Strong participation
R0624,S0175,2026-03-17,13.0,Female,Grade 8,Public,English,2.8,7.0,4.5,86.0,63.0,Group Study,No,Yes,Medium,High,100.0,84.0,Good,No Comment
R0093,S0497,2026-02-04,16.0,Female,Grade 11,Public,Science,4.8,9.1,5.7,90.0,79.0,Self Study,No,No,Medium,Low,100.0,100.0,Excellent,Absent during some activities
R1912,S0298,2026-04-21,16.0,Female,Grade 11,Public,Computer Science,1.9,7.2,3.8,87.0,84.0,Private Tutor,No,No,Low,Medium,86.0,94.0,Excellent,Needs revision plan
R3178,S0109,2026-03-04,15.0,Female,Grade 9,International,History,4.6,7.3,5.4,75.0,76.0,Self Study,Yes,No,Medium,Medium,89.0,87.0,Good,Homework quality varies
R3191,S0570,2026-03-09,15.0,Female,Grade 10,Public,Science,2.0,5.4,5.3,72.0,68.0,Online Videos,Yes,Yes,Low,Medium,88.0,84.0,Good,Often distracted
R0435,S0162,2026-03-31,15.0,Female,Grade 10,International,Science,1.4,5.6,4.5,92.0,78.0,Self Study,No,Yes,Medium,High,99.0,91.0,Excellent,No Comment
R1489,S0018,2026-04-30,15.0,Female,Grade 10,International,Computer Science,1.4,7.2,4.0,97.0,70.0,Self Study,Yes,Yes,High,Medium,74.0,78.0,Good,No Comment
R0704,S0306,2026-04-06,15.0,Female,Grade 10,Private,English,6.0,6.4,4.4,86.0,76.0,Self Study,Yes,Yes,Medium,High,100.0,100.0,Excellent,Good analytical thinking
R3788,S0305,2026-03-19,15.0,Male,Grade 10,Public,Math,2.4,4.7,6.6,86.0,95.0,Group Study,Yes,Yes,High,High,85.0,79.0,Good,Often distracted
R0466,S0544,2026-03-16,15.0,Male,Grade 10,Public,History,4.8,6.5,5.7,91.0,99.0,Self Study,No,Yes,Medium,Medium,95.0,100.0,Excellent,Improved this term
R0608,S0211,2026-02-25,14.0,Male,Grade 10,International,English,3.3,8.2,4.3,75.0,70.0,Notebook / Notes,No,Yes,High,High,78.0,88.0,Good,No Comment
R1585,S0668,2026-02-04,16.0,Female,Grade 11,Public,History,5.1,8.7,1.9,86.0,85.0,Online Videos,No,Yes,Low,Medium,94.0,92.0,Excellent,No Comment
R2912,S0652,2026-03-25,15.0,Female,Grade 9,Public,History,2.2,7.1,1.3,87.0,88.0,Private Tutor,No,Yes,Low,High,80.0,82.0,Good,Excellent focus
R2542,S0115,2026-02-21,13.0,Female,Grade 8,International,English,4.9,6.2,6.0,87.0,85.0,Group Study,Yes,Yes,High,Medium,99.0,100.0,Excellent,Absent during some activities
R0936,S0291,2026-04-30,13.0,Female,Grade 8,Public,Science,3.2,5.1,5.6,83.0,77.0,Private Tutor,No,No,Low,High,90.0,96.0,Excellent,No Comment
R0837,S0109,2026-02-03,15.0,Male,Grade 10,Private,Math,3.7,6.9,2.7,90.0,71.0,Self Study,No,Yes,Medium,Medium,88.0,94.0,Excellent,Consistent effort
R0166,S0556,2026-03-04,16.0,Male,Grade 11,Public,English,4.5,5.9,3.3,91.0,90.0,Private Tutor,No,No,Low,Low,79.0,100.0,Excellent,Excellent focus
R0784,S0500,2026-04-19,16.0,Male,Grade 12,Private,Math,4.8,8.0,6.4,85.0,100.0,Self Study,No,Yes,High,Low,93.0,93.0,Excellent,Absent during some activities
R2658,S0486,2026-03-24,15.0,Male,Grade 10,Public,English,3.2,7.2,4.2,93.0,58.0,Private Tutor,No,Yes,Low,Medium,89.0,79.0,Good,Needs better time management
R3794,S0049,2026-04-10,16.0,Male,Grade 9,Public,Science,3.5,7.8,3.1,77.0,78.0,Online Videos,No,Yes,Medium,Low,97.0,92.0,Excellent,No Comment
R0013,S0056,2026-03-25,14.0,Female,Grade 9,Public,Computer Science,2.8,6.3,7.1,82.0,58.0,Group Study,No,Yes,High,Medium,82.0,72.0,Pass,Good analytical thinking
R2896,S0274,2026-02-02,13.0,Female,Grade 8,Private,Computer Science,3.2,7.6,3.6,83.0,51.0,Private Tutor,Yes,Yes,High,High,92.0,88.0,Good,Excellent focus
R0122,S0269,2026-02-23,15.0,Female,Grade 10,Private,Math,3.2,5.5,1.4,72.0,100.0,Group Study,Yes,Yes,Low,Medium,100.0,100.0,Excellent,Needs better time management
R3801,S0222,2026-02-25,17.0,Male,Grade 12,Public,History,3.5,5.0,3.2,89.0,49.0,Online Videos,Yes,Yes,Medium,Medium,92.0,100.0,Excellent,Needs revision plan
R2101,S0617,2026-03-19,17.0,Female,Grade 12,International,English,1.7,7.4,5.0,93.0,61.0,Private Tutor,No,Yes,High,High,75.0,84.0,Good,Absent during some activities
R3221,S0357,2026-04-03,14.0,Female,Grade 9,Public,History,2.7,6.5,4.7,80.0,82.0,Self Study,Yes,Yes,Medium,Medium,83.0,94.0,Excellent,No Comment
R1423,S0310,2026-02-20,17.0,Male,Grade 12,Public,Science,5.1,7.5,2.3,79.0,70.0,Private Tutor,Yes,Yes,Medium,Medium,95.0,100.0,Excellent,Strong participation
R3791,S0048,2026-04-23,14.0,Female,Grade 9,Private,Science,3.4,6.2,5.0,89.0,76.0,Online Videos,No,Yes,Medium,Medium,86.0,92.0,Good,No Comment
R2506,S0301,2026-02-03,13.0,Male,Grade 8,Public,Math,3.1,8.5,4.2,100.0,63.0,Self Study,No,Yes,Medium,Medium,100.0,100.0,Excellent,Strong participation
R2321,S0287,2026-03-31,17.0,Male,Grade 12,Public,English,5.4,5.8,2.1,86.0,97.0,Self Study,Yes,Yes,Low,Medium,88.0,100.0,Excellent,Excellent focus
R0687,S0656,2026-04-14,13.0,Male,Grade 8,Private,English,4.1,6.5,3.1,82.0,61.0,Group Study,No,Yes,Low,Low,71.0,91.0,Excellent,No Comment
R3654,S0165,2026-04-21,15.0,Female,Grade 10,Public,Math,4.8,6.0,5.2,85.0,55.0,Online Videos,No,Yes,Medium,Medium,97.0,94.0,Excellent,No Comment
R1852,S0092,2026-02-26,14.0,Female,Grade 9,International,English,1.0,9.5,3.9,87.0,84.0,Notebook / Notes,Yes,Yes,Medium,Medium,74.0,91.0,Excellent,No Comment
R1572,S0593,2026-02-02,15.0,Male,Grade 10,Public,History,3.2,6.5,5.5,87.0,97.0,Private Tutor,Yes,Yes,Medium,Medium,86.0,98.0,Excellent,Consistent effort
R1932,S0457,2026-04-25,15.0,Female,Grade 10,Public,Computer Science,2.0,6.9,6.9,96.0,80.0,Online Videos,No,Yes,Medium,Medium,76.0,80.0,Good,Needs revision plan
R2380,S0637,2026-04-23,17.0,Male,Grade 10,Public,Computer Science,2.5,5.8,4.6,80.0,91.0,Group Study,No,Yes,High,High,80.0,79.0,Good,Often distracted
R3733,S0040,2026-02-03,14.0,Male,Grade 9,Private,Computer Science,5.1,6.5,2.4,96.0,38.0,Online Videos,No,Yes,Medium,High,89.0,92.0,Excellent,Needs better time management
R2797,S0557,2026-03-08,13.0,Female,Grade 8,Public,Computer Science,2.6,6.7,4.5,87.0,77.0,Notebook / Notes,No,Yes,Low,High,87.0,100.0,Excellent,Good analytical thinking
R1297,S0253,2026-04-21,13.0,Female,Grade 8,Public,History,4.4,7.1,4.2,90.0,75.0,Self Study,No,Yes,Medium,High,86.0,100.0,Excellent,Excellent focus
R1951,S0317,2026-04-01,15.0,Male,Grade 10,International,Computer Science,0.1,8.0,5.0,87.0,45.0,Private Tutor,Yes,Yes,Low,High,83.0,86.0,Good,Absent during some activities
R3887,S0242,2026-04-10,13.0,Male,Grade 8,Private,Science,1.2,5.6,4.2,93.0,100.0,Private Tutor,No,Yes,Low,Medium,90.0,88.0,Good,Needs better time management
R0081,S0184,2026-02-19,16.0,Female,Grade 11,Public,Computer Science,5.0,7.2,3.5,87.0,68.0,Online Videos,No,Yes,Low,Medium,100.0,95.0,Excellent,No Comment
R3117,S0648,2026-03-20,15.0,Female,Grade 10,Public,Science,4.3,7.7,3.9,90.0,66.0,Online Videos,Yes,Yes,High,High,96.0,100.0,Excellent,No Comment
R2063,S0252,2026-03-04,15.0,Male,Grade 8,International,History,1.9,6.0,7.0,83.0,63.0,Self Study,No,No,Low,High,90.0,68.0,Pass,No Comment
R1124,S0004,2026-03-06,14.0,Male,Grade 12,International,Math,2.3,7.9,5.6,93.0,82.0,Group Study,No,Yes,High,Medium,71.0,83.0,Good,Absent during some activities
R2553,S0355,2026-02-25,17.0,Female,Grade 12,International,History,3.2,7.2,2.1,75.0,100.0,Self Study,No,Yes,Low,Medium,94.0,100.0,Excellent,Good analytical thinking
R0550,S0394,2026-03-30,14.0,Female,Grade 9,Public,History,3.4,7.0,4.0,79.0,92.0,Online Videos,No,Yes,Medium,Medium,100.0,100.0,Excellent,Homework quality varies
R2282,S0633,2026-02-20,14.0,Female,Grade 9,Public,Computer Science,3.7,8.5,3.5,75.0,76.0,Online Videos,Yes,Yes,Medium,High,77.0,87.0,Good,Homework quality varies
R0762,S0281,2026-03-25,15.0,Female,Grade 10,Private,English,2.1,7.3,4.2,85.0,81.0,Notebook / Notes,Yes,Yes,Medium,Medium,100.0,100.0,Excellent,Absent during some activities
R1899,S0299,2026-04-18,16.0,Female,Grade 11,Public,English,3.8,7.8,5.3,96.0,94.0,Group Study,No,Yes,Low,Low,71.0,93.0,Excellent,No Comment
R2446,S0351,2026-02-27,14.0,Female,Grade 9,Public,Computer Science,2.9,8.8,4.2,79.0,33.0,Self Study,Yes,Yes,Low,High,86.0,95.0,Excellent,Often distracted
R0054,S0688,2026-04-02,13.0,Female,Grade 8,Public,History,2.3,7.9,4.2,80.0,84.0,Group Study,Yes,Yes,Medium,Low,82.0,90.0,Excellent,Needs better time management
R1927,S0074,2026-02-21,13.0,Male,Grade 8,Public,Computer Science,3.1,7.3,5.0,97.0,48.0,Online Videos,No,Yes,Medium,Medium,61.0,71.0,Pass,Good analytical thinking
R3542,S0612,2026-03-10,16.0,Male,Grade 11,Public,History,3.5,7.2,3.7,98.0,94.0,Group Study,No,Yes,Medium,Medium,100.0,100.0,Excellent,Excellent focus
R0722,S0589,2026-03-07,14.0,Female,Grade 9,Private,English,2.6,7.7,3.2,87.0,67.0,Notebook / Notes,No,Yes,Low,Medium,89.0,94.0,Excellent,Improved this term
R0400,S0619,2026-02-28,17.0,Male,Grade 12,Private,Science,2.5,6.1,4.2,67.0,97.0,Online Videos,No,Yes,High,Medium,90.0,92.0,Good,No Comment
R1862,S0112,2026-02-13,17.0,Male,Grade 9,Public,Math,3.2,7.3,2.3,97.0,100.0,Online Videos,No,Yes,Medium,High,100.0,100.0,Excellent,Improved this term
R3567,S0147,2026-03-16,14.0,Female,Grade 9,International,History,6.0,7.2,4.1,85.0,61.0,Self Study,No,Yes,Low,Medium,100.0,100.0,Excellent,No Comment
R2096,S0199,2026-02-04,16.0,Male,Grade 11,Public,Computer Science,3.9,6.0,2.6,80.0,70.0,Group Study,No,Yes,Medium,Medium,82.0,90.0,Excellent,Good analytical thinking
R3766,S0089,2026-03-15,17.0,Male,Grade 9,Public,Computer Science,3.5,5.5,5.3,86.0,100.0,Group Study,No,Yes,Medium,Medium,96.0,84.0,Good,Strong participation
R1632,S0708,2026-04-11,15.0,Male,Grade 10,Private,Science,3.9,5.9,3.2,87.0,54.0,Self Study,No,Yes,Low,High,83.0,75.0,Good,No Comment
R1381,S0398,2026-02-02,17.0,Female,Grade 12,International,History,5.5,6.7,4.2,100.0,77.0,Private Tutor,No,No,Medium,Medium,100.0,100.0,Excellent,Needs better time management
R0271,S0016,2026-03-18,13.0,Female,Grade 12,Private,Science,1.9,7.2,5.9,68.0,32.0,Self Study,No,Yes,Low,Medium,64.0,92.0,Pass,No Comment
R2041,S0132,2026-03-24,14.0,Female,Grade 9,Public,Science,4.7,7.2,2.8,81.0,76.0,Online Videos,No,Yes,Medium,High,100.0,92.0,Excellent,Needs revision plan
R0693,S0602,2026-02-20,17.0,Female,Grade 12,Private,History,3.0,8.6,2.3,74.0,91.0,Online Videos,No,Yes,Medium,High,93.0,100.0,Excellent,Excellent focus
R3127,S0084,2026-04-08,15.0,Female,Grade 10,International,Computer Science,3.6,6.2,5.0,100.0,79.0,Private Tutor,Yes,Yes,Medium,Medium,99.0,95.0,Excellent,Homework quality varies
R2206,S0460,2026-03-20,17.0,Male,Grade 12,Public,English,3.2,5.5,3.1,78.0,95.0,Self Study,No,Yes,Medium,Medium,88.0,85.0,Good,Needs revision plan
R1615,S0315,2026-04-03,17.0,Female,Grade 9,Public,Math,2.5,7.4,3.3,87.0,92.0,Self Study,No,Yes,Low,Low,94.0,98.0,Excellent,Excellent focus
R0566,S0312,2026-04-20,13.0,Female,Grade 8,Private,English,3.3,8.2,3.3,96.0,85.0,Self Study,No,Yes,Low,Medium,98.0,96.0,Excellent,Strong participation
R2651,S0630,2026-03-18,15.0,Female,Grade 10,International,English,2.1,7.1,4.2,96.0,68.0,Self Study,No,Yes,High,High,100.0,89.0,Good,Needs revision plan
R2674,S0034,2026-03-22,16.0,Male,Grade 11,Public,Math,2.3,7.6,1.8,69.0,71.0,Self Study,No,Yes,Medium,Medium,71.0,73.0,Pass,Strong participation
R0953,S0651,2026-03-14,17.0,Male,Grade 12,Private,English,3.1,6.8,3.8,89.0,77.0,Online Videos,No,Yes,Low,Medium,100.0,92.0,Excellent,Consistent effort
R1372,S0344,2026-04-22,13.0,Male,Grade 8,Private,Science,2.2,7.6,4.9,86.0,71.0,Self Study,No,Yes,Low,Medium,90.0,91.0,Excellent,Homework quality varies
R3067,S0423,2026-03-19,17.0,Male,Grade 12,International,History,5.0,8.7,7.2,95.0,73.0,Online Videos,No,Yes,High,Low,90.0,86.0,Good,Needs revision plan
R0526,S0286,2026-04-26,15.0,Male,Grade 10,Public,Science,2.4,6.0,5.3,97.0,46.0,Online Videos,Yes,No,Medium,Medium,90.0,95.0,Excellent,Improved this term
R0398,S0045,2026-09-02,15.0,Female,Grade 10,Public,Science,0.0,8.2,8.0,89.0,50.0,Group Study,No,Yes,Medium,Medium,74.0,73.0,Pass,No Comment
R0587,S0111,2026-04-30,14.0,Male,Grade 11,Public,Computer Science,3.3,6.3,4.5,83.0,70.0,Self Study,No,Yes,Medium,Medium,83.0,92.0,Good,Homework quality varies
R2566,S0617,2026-02-22,15.0,Female,Grade 10,Private,Math,2.7,6.2,5.2,97.0,72.0,Online Videos,Yes,Yes,Medium,High,100.0,100.0,Excellent,Improved this term
R0128,S0250,2026-03-27,15.0,Female,Grade 10,Private,English,1.4,8.1,3.2,87.0,74.0,Notebook / Notes,No,Yes,Low,Low,76.0,92.0,Good,Absent during some activities
R1583,S0373,2026-02-12,13.0,Female,Grade 8,International,English,3.8,8.9,3.6,85.0,56.0,Online Videos,Yes,Yes,Medium,High,100.0,94.0,Excellent,Absent during some activities
R2077,S0433,2026-04-01,13.0,Female,Grade 11,International,Math,1.8,7.4,1.8,86.0,72.0,Self Study,Yes,Yes,Medium,Medium,100.0,99.0,Excellent,Needs revision plan
R1367,S0442,2026-04-01,16.0,Male,Grade 11,International,Computer Science,4.1,8.0,4.1,74.0,76.0,Online Videos,Yes,Yes,Medium,Low,80.0,89.0,Good,Improved this term
R0532,S0166,2026-04-19,15.0,Male,Grade 10,Public,English,2.2,7.6,4.8,80.0,90.0,Notebook / Notes,No,No,Medium,High,90.0,87.0,Good,Improved this term
R2792,S0295,2026-04-06,14.0,Female,Grade 9,Public,Math,2.0,6.2,4.2,91.0,78.0,Group Study,No,Yes,Low,Medium,83.0,92.0,Excellent,Consistent effort
R1492,S0361,2026-03-31,16.0,Female,Grade 11,Public,History,3.0,8.3,1.4,91.0,80.0,Private Tutor,No,Yes,High,Low,85.0,94.0,Excellent,Consistent effort
R1148,S0026,2026-04-30,17.0,Male,Grade 12,Private,History,3.2,8.2,5.1,87.0,94.0,Private Tutor,No,Yes,Low,Medium,100.0,100.0,Excellent,Absent during some activities
R0590,S0126,2026-03-05,17.0,Male,Grade 12,Public,Math,4.5,5.5,6.9,83.0,81.0,Group Study,No,Yes,Low,Medium,100.0,90.0,Excellent,No Comment
R2601,S0250,2026-03-07,15.0,Male,Grade 10,Public,Computer Science,2.7,6.8,3.2,84.0,100.0,Self Study,No,Yes,Low,High,97.0,98.0,Excellent,Good analytical thinking
R3062,S0077,2026-03-22,13.0,Female,Grade 8,Public,Math,2.1,5.1,2.2,86.0,82.0,Self Study,No,No,Low,Medium,79.0,82.0,Good,Needs revision plan
R1891,S0534,2026-03-12,16.0,Female,Grade 8,Public,English,2.5,7.6,6.4,91.0,65.0,Online Videos,No,Yes,Medium,Low,96.0,87.0,Good,Needs better time management
R1971,S0724,2026-04-01,16.0,Female,Grade 11,Private,Science,1.5,6.3,4.2,84.0,88.0,Group Study,No,Yes,Medium,High,73.0,78.0,Good,Consistent effort
R3834,S0365,2026-03-29,17.0,Male,Grade 12,Public,History,2.1,7.2,3.8,93.0,67.0,Self Study,Yes,Yes,Low,High,91.0,88.0,Good,No Comment
R1640,S0081,2026-04-01,14.0,Female,Grade 12,Private,Science,0.6,8.1,2.4,73.0,56.0,Self Study,No,Yes,Low,Low,82.0,83.0,Good,Often distracted
R0424,S0306,2026-03-02,16.0,Female,Grade 11,Public,Computer Science,4.0,6.8,1.7,89.0,100.0,Group Study,No,No,High,Medium,90.0,100.0,Excellent,Excellent focus
R1768,S0396,2026-03-08,15.0,Male,Grade 10,Public,English,3.2,6.1,5.9,90.0,100.0,Private Tutor,No,Yes,Medium,High,92.0,100.0,Excellent,Homework quality varies
R3522,S0230,2026-04-26,13.0,Female,Grade 8,Private,Computer Science,3.1,7.9,3.7,88.0,76.0,Notebook / Notes,No,Yes,Medium,Medium,94.0,95.0,Excellent,Excellent focus
R3578,S0078,2026-04-04,14.0,Female,Grade 9,Public,Science,3.1,7.2,3.8,100.0,77.0,Online Videos,No,Yes,Low,Low,95.0,96.0,Excellent,Often distracted
R0817,S0052,2026-04-06,16.0,Male,Grade 11,Private,English,6.7,6.5,4.7,94.0,67.0,Group Study,Yes,Yes,Low,Medium,97.0,100.0,Excellent,Homework quality varies
R0171,S0493,2026-04-11,14.0,Female,Grade 9,Public,Science,2.5,5.8,3.4,82.0,76.0,Self Study,No,Yes,High,High,79.0,92.0,Excellent,Absent during some activities
R0075,S0195,2026-03-22,13.0,Male,Grade 8,International,Computer Science,3.1,4.9,5.5,73.0,98.0,Notebook / Notes,No,Yes,High,Low,79.0,85.0,Excellent,Improved this term
R2093,S0171,2026-02-23,16.0,Female,Grade 11,Public,Computer Science,3.3,7.1,2.2,76.0,76.0,Self Study,Yes,No,Medium,Medium,98.0,100.0,Excellent,Needs revision plan
R2973,S0321,2026-02-18,15.0,Male,Grade 11,Public,Math,2.9,6.9,3.1,83.0,96.0,Group Study,No,Yes,Medium,Medium,90.0,86.0,Good,Improved this term
R0993,S0598,2026-03-11,13.0,Male,Grade 8,Public,English,2.6,7.2,3.7,92.0,74.0,Notebook / Notes,Yes,No,Medium,High,100.0,100.0,Excellent,Needs better time management
R3678,S0659,2026-03-30,17.0,Male,Grade 12,Private,Computer Science,0.5,8.6,5.3,84.0,83.0,Notebook / Notes,No,Yes,Medium,High,71.0,77.0,Good,No Comment
R1612,S0216,2026-04-16,14.0,Male,Grade 9,Public,Science,4.1,6.6,4.2,87.0,81.0,Private Tutor,Yes,Yes,Medium,Medium,99.0,100.0,Excellent,Good analytical thinking
R1477,S0158,2026-03-22,17.0,Male,Grade 12,Public,Math,1.9,7.4,4.1,86.0,67.0,Private Tutor,No,Yes,Medium,Medium,88.0,86.0,Good,Excellent focus
R0772,S0723,2026-03-04,13.0,Male,Grade 8,Private,Computer Science,2.9,6.8,5.9,96.0,49.0,Private Tutor,No,Yes,Low,Medium,89.0,86.0,Good,Often distracted
R1072,S0264,2026-02-18,16.0,Female,Grade 11,International,Math,3.2,9.4,3.9,87.0,79.0,Online Videos,No,Yes,Low,Medium,100.0,98.0,Excellent,Often distracted
R1389,S0214,2026-02-19,14.0,Female,Grade 9,Public,Science,4.2,5.9,3.3,83.0,97.0,Self Study,Yes,No,High,Medium,100.0,92.0,Excellent,Consistent effort
R0061,S0564,2026-04-15,16.0,Female,Grade 11,Public,Science,3.1,7.7,4.3,86.0,37.0,Private Tutor,Yes,No,Medium,High,85.0,98.0,Excellent,Consistent effort
R3134,S0677,2026-03-14,16.0,Female,Grade 11,Public,History,4.1,7.1,7.1,77.0,65.0,Online Videos,No,Yes,High,Medium,94.0,90.0,Excellent,Absent during some activities
R3873,S0386,2026-03-23,16.0,Male,Grade 11,Public,History,4.0,6.6,3.6,75.0,100.0,Notebook / Notes,Yes,Yes,High,Low,97.0,97.0,Excellent,Strong participation
R2634,S0337,2026-04-09,13.0,Male,Grade 8,Public,Computer Science,4.6,7.2,2.7,84.0,58.0,Notebook / Notes,Yes,Yes,Medium,High,92.0,91.0,Excellent,Needs better time management
R3324,S0344,2026-04-19,15.0,Male,Grade 10,Public,Computer Science,3.3,6.4,6.8,69.0,52.0,Self Study,No,Yes,Low,Low,70.0,69.0,Pass,Absent during some activities
R1794,S0153,2026-03-06,17.0,Female,Grade 12,International,Science,1.8,7.4,4.3,84.0,92.0,Private Tutor,Yes,Yes,Medium,High,100.0,100.0,Excellent,Needs better time management
R3014,S0306,2026-02-12,14.0,Female,Grade 10,Public,Computer Science,2.5,7.5,6.5,85.0,81.0,Private Tutor,Yes,Yes,Low,Medium,100.0,91.0,Excellent,No Comment
R1332,S0432,2026-03-21,15.0,Female,Grade 10,Public,History,2.7,5.9,3.1,88.0,80.0,Private Tutor,No,No,Medium,Medium,92.0,88.0,Good,Improved this term
R1015,S0155,2026-04-23,15.0,Male,Grade 10,Public,English,4.6,8.1,5.1,86.0,89.0,Notebook / Notes,No,Yes,Medium,Medium,100.0,97.0,Excellent,No Comment
R1964,S0666,2026-03-29,17.0,Male,Grade 12,Public,History,1.5,7.2,4.8,79.0,94.0,Notebook / Notes,No,Yes,Medium,Medium,78.0,85.0,Good,Excellent focus
R2692,S0624,2026-04-30,15.0,Male,Grade 10,Private,Math,3.2,7.6,1.8,82.0,100.0,Online Videos,No,No,High,High,87.0,91.0,Excellent,Strong participation
R3177,S0605,2026-03-06,15.0,Female,Grade 10,International,History,4.3,6.2,5.5,95.0,76.0,Self Study,No,Yes,Medium,Medium,89.0,95.0,Excellent,-
R1377,S0257,2026-03-29,16.0,Female,Grade 11,Private,English,3.3,6.3,2.2,81.0,76.0,Private Tutor,No,Yes,Medium,High,99.0,100.0,Excellent,Needs revision plan
R2183,S0145,2026-04-17,17.0,Female,Grade 12,Public,Computer Science,2.6,7.3,4.7,80.0,61.0,Online Videos,Yes,Yes,Low,High,85.0,90.0,Excellent,No Comment
R0860,S0428,2026-02-21,16.0,Female,Grade 11,Private,English,3.5,6.8,0.5,84.0,65.0,Self Study,No,Yes,Low,Low,87.0,76.0,Good,-
R2536,S0210,2026-04-07,14.0,Male,Grade 9,Private,English,3.2,6.7,6.3,75.0,85.0,Group Study,Yes,Yes,High,Medium,70.0,71.0,Pass,No Comment
R0612,S0505,2026-04-11,15.0,Female,Grade 10,Private,History,1.4,7.3,4.2,79.0,64.0,Self Study,No,Yes,High,Medium,90.0,67.0,Pass,Needs better time management
R0774,S0611,2026-02-28,15.0,Female,Grade 10,Public,Computer Science,3.2,7.1,6.2,85.0,71.0,Online Videos,No,Yes,Medium,High,84.0,80.0,Good,Needs revision plan
R1191,S0723,2026-03-02,17.0,Male,Grade 12,Public,Math,2.8,8.9,7.7,93.0,91.0,Private Tutor,No,Yes,Low,Medium,94.0,94.0,Excellent,Good analytical thinking
R3500,S0001,2026-03-02,17.0,Female,Grade 12,Public,Science,3.1,6.7,4.2,86.0,100.0,Self Study,No,Yes,High,Medium,95.0,92.0,Excellent,Needs better time management
R2284,S0665,2026-02-04,13.0,Female,Grade 8,Public,Math,2.5,7.1,1.2,97.0,84.0,Self Study,No,Yes,Low,Low,61.0,73.0,Pass,Absent during some activities
R2793,S0408,2026-04-05,17.0,Female,Grade 10,Public,Computer Science,3.0,7.1,5.1,91.0,79.0,Self Study,Yes,Yes,Medium,Low,98.0,100.0,Excellent,Consistent effort
R3672,S0245,2026-04-07,17.0,Female,Grade 12,Public,Computer Science,2.6,8.8,5.0,98.0,70.0,Self Study,No,Yes,Medium,Medium,93.0,90.0,Excellent,Needs revision plan
R0796,S0117,2026-02-17,15.0,Male,Grade 10,Public,Math,2.1,8.7,6.0,82.0,69.0,Online Videos,Yes,Yes,High,Low,95.0,100.0,Excellent,Often distracted
R0079,S0162,2026-04-14,15.0,Male,Grade 10,Private,Science,2.5,7.3,2.9,78.0,71.0,Group Study,Yes,Yes,High,High,97.0,87.0,Good,Often distracted
R3634,S0597,2026-02-08,14.0,Male,Grade 9,Public,Computer Science,4.4,7.4,3.5,93.0,85.0,Self Study,No,Yes,High,High,99.0,100.0,Excellent,Absent during some activities
R3848,S0421,2026-02-11,17.0,Male,Grade 10,Public,Math,3.2,7.4,2.8,100.0,89.0,Group Study,Yes,Yes,High,High,99.0,98.0,Excellent,Homework quality varies
R3361,S0302,2026-03-29,13.0,Male,Grade 8,Private,English,4.3,8.2,5.5,81.0,52.0,Group Study,No,Yes,High,Medium,92.0,99.0,Excellent,Excellent focus
R2749,S0005,2026-04-26,16.0,Male,Grade 11,Private,Math,0.8,7.6,4.2,89.0,84.0,Private Tutor,Yes,Yes,Medium,Medium,100.0,93.0,Excellent,Absent during some activities
R2686,S0632,2026-02-05,13.0,Male,Grade 8,Public,Math,3.6,7.1,4.4,84.0,76.0,Self Study,No,Yes,Medium,High,88.0,90.0,Excellent,Strong participation
R1505,S0155,2026-02-12,15.0,Male,Grade 10,Public,Science,0.4,5.4,3.8,79.0,93.0,Self Study,Yes,Yes,Low,Medium,59.0,82.0,Good,Absent during some activities
R0655,S0351,2026-02-04,15.0,Male,Grade 11,Private,Computer Science,3.2,6.4,4.1,83.0,57.0,Private Tutor,Yes,Yes,Low,Low,100.0,97.0,Excellent,Good analytical thinking
R3669,S0432,2026-03-20,13.0,Female,Grade 8,Private,History,4.4,8.0,0.5,87.0,100.0,Online Videos,No,Yes,Medium,High,96.0,89.0,Good,No Comment
R0930,S0647,2026-04-22,13.0,Male,Grade 8,International,English,3.8,7.5,6.3,83.0,84.0,Self Study,Yes,Yes,Low,Medium,100.0,93.0,Excellent,No Comment
R1680,S0323,2026-04-26,14.0,Female,Grade 9,Private,Math,3.7,5.8,4.0,87.0,58.0,Private Tutor,No,Yes,Low,Medium,97.0,96.0,Excellent,No Comment
R3347,S0600,2026-02-26,15.0,Female,Grade 10,Public,Math,1.9,8.2,5.3,95.0,67.0,Self Study,No,Yes,Medium,High,100.0,98.0,Excellent,Needs better time management
R3790,S0299,2026-03-06,13.0,Male,Grade 8,Public,English,2.9,7.9,3.8,76.0,93.0,Self Study,No,Yes,Low,Low,83.0,85.0,Good,Improved this term
R0341,S0674,2026-04-18,14.0,Male,Grade 9,Public,Science,2.6,7.5,2.2,93.0,94.0,Self Study,Yes,Yes,High,Medium,100.0,98.0,Excellent,No Comment
R3867,S0030,2026-02-23,13.0,Female,Grade 8,Public,English,2.8,5.8,6.6,83.0,75.0,Notebook / Notes,No,Yes,Low,Low,99.0,82.0,Good,Often distracted
R1171,S0016,2026-02-09,14.0,Male,Grade 9,Public,Science,6.1,6.0,8.4,88.0,65.0,Notebook / Notes,No,Yes,Low,Medium,68.0,78.0,Good,Good analytical thinking
R2195,S0625,2026-05-01,14.0,Male,Grade 9,Private,English,2.6,7.4,0.9,100.0,64.0,Private Tutor,No,Yes,Low,Medium,91.0,98.0,Excellent,Needs better time management
R2926,S0242,2026-04-24,15.0,Male,Grade 10,Public,English,4.9,6.1,5.4,81.0,100.0,Self Study,No,Yes,High,Medium,90.0,92.0,Excellent,Needs revision plan
R1716,S0144,2026-03-10,13.0,Female,Grade 8,Public,Computer Science,4.0,7.8,6.9,87.0,69.0,Self Study,Yes,Yes,Low,High,98.0,93.0,Excellent,Needs revision plan
R1053,S0137,2026-04-27,16.0,Male,Grade 11,Private,English,6.2,6.4,1.5,86.0,72.0,Online Videos,No,Yes,Low,High,95.0,100.0,Excellent,Needs revision plan
R2559,S0246,2026-04-24,14.0,Female,Grade 9,Private,Science,5.2,5.8,5.6,77.0,100.0,Self Study,Yes,No,Medium,High,95.0,100.0,Excellent,No Comment
R1610,S0552,2026-03-03,15.0,Male,Grade 12,Private,English,1.3,6.4,2.6,84.0,37.0,Private Tutor,Yes,No,Medium,Low,90.0,74.0,Pass,Improved this term
R2765,S0714,2026-03-18,14.0,Male,Grade 9,Private,Math,4.4,6.6,5.3,93.0,79.0,Notebook / Notes,No,Yes,Medium,High,76.0,85.0,Good,No Comment
R2280,S0267,2026-03-10,14.0,Female,Grade 9,Public,Math,3.9,7.5,2.8,79.0,54.0,Online Videos,Yes,Yes,Medium,High,90.0,95.0,Excellent,Absent during some activities
R3844,S0017,2026-03-01,16.0,Female,Grade 11,Private,Computer Science,3.6,9.3,4.2,76.0,75.0,Private Tutor,No,Yes,High,Medium,100.0,87.0,Good,Consistent effort
R2545,S0303,2026-04-23,13.0,Female,Grade 8,Private,Science,2.6,6.8,3.4,82.0,71.0,Self Study,No,Yes,Low,Low,85.0,92.0,Excellent,Homework quality varies
R0183,S0127,2026-04-19,16.0,Male,Grade 11,Public,History,5.1,7.4,5.0,94.0,76.0,Group Study,Yes,No,Medium,Medium,100.0,100.0,Excellent,Consistent effort
R1601,S0364,2026-02-23,14.0,Male,Grade 9,Public,Computer Science,3.9,7.0,4.7,93.0,62.0,Online Videos,Yes,Yes,Medium,Medium,85.0,100.0,Excellent,Good analytical thinking
R3661,S0592,2026-03-14,15.0,Male,Grade 10,Private,Math,2.4,6.2,3.5,92.0,99.0,Online Videos,No,Yes,High,Medium,81.0,84.0,Good,Needs better time management
R3579,S0062,2026-04-19,14.0,Female,Grade 9,Private,Math,1.8,8.0,5.4,83.0,48.0,Group Study,Yes,Yes,Medium,High,84.0,87.0,Good,Needs revision plan
R1820,S0276,2026-04-07,17.0,Male,Grade 12,Private,History,5.1,7.9,4.7,87.0,74.0,Online Videos,Yes,Yes,Medium,Medium,94.0,99.0,Excellent,Homework quality varies
R2467,S0735,2026-03-12,16.0,Female,Grade 9,International,Computer Science,2.7,5.9,6.9,100.0,71.0,Notebook / Notes,No,Yes,High,Medium,71.0,70.0,Pass,Improved this term
R0647,S0607,2026-04-08,17.0,Female,Grade 12,Public,History,2.3,6.7,3.2,92.0,91.0,Group Study,No,Yes,High,Medium,100.0,94.0,Excellent,No Comment
R1909,S0493,2026-03-21,16.0,Female,Grade 11,Private,Math,3.6,7.5,7.1,81.0,100.0,Self Study,No,Yes,High,Medium,100.0,93.0,Excellent,Consistent effort
R0311,S0508,2026-03-26,14.0,Male,Grade 9,Public,Science,3.4,7.6,6.4,87.0,75.0,Online Videos,Yes,Yes,Medium,Medium,93.0,97.0,Excellent,Often distracted
R2537,S0578,2026-04-17,17.0,Male,Grade 12,Public,Computer Science,2.8,7.3,3.9,87.0,84.0,Group Study,Yes,Yes,Medium,Medium,96.0,100.0,Excellent,Needs better time management
R1226,S0510,2026-04-26,14.0,Male,Grade 9,Public,Science,3.0,6.2,1.3,95.0,54.0,Self Study,Yes,Yes,Medium,High,92.0,89.0,Good,Strong participation
R1653,S0530,2026-02-11,13.0,Female,Grade 8,Private,English,2.6,7.2,8.2,89.0,35.0,Online Videos,No,Yes,Low,Medium,70.0,77.0,Good,Homework quality varies
R3027,S0194,2026-04-25,16.0,Male,Grade 9,Public,Computer Science,3.1,7.6,7.3,83.0,100.0,Self Study,Yes,Yes,Low,High,100.0,100.0,Excellent,Improved this term
R2698,S0697,2026-02-08,17.0,Female,Grade 12,Public,Math,3.2,9.1,3.6,66.0,89.0,Online Videos,No,Yes,Medium,Medium,68.0,92.0,Good,Improved this term
R3905,S0032,2026-03-08,17.0,Female,Grade 12,Private,Computer Science,2.9,7.5,3.3,82.0,61.0,Self Study,No,Yes,Low,Medium,83.0,95.0,Excellent,No Comment
R0565,S0171,2026-03-18,17.0,Female,Grade 12,Public,History,1.8,8.7,7.2,87.0,77.0,Notebook / Notes,Yes,Yes,Low,High,80.0,90.0,Excellent,No Comment
R1373,S0530,2026-03-15,14.0,Male,Grade 9,Private,English,3.2,7.2,5.8,79.0,94.0,Online Videos,Yes,Yes,Low,Medium,99.0,100.0,Excellent,No Comment
R1146,S0376,2026-03-23,15.0,Female,Grade 10,Private,History,2.3,8.3,3.6,91.0,59.0,Self Study,No,Yes,High,Medium,100.0,100.0,Excellent,No Comment
R3183,S0177,2026-02-27,13.0,Male,Grade 8,Public,English,2.2,6.7,6.1,98.0,80.0,Notebook / Notes,No,Yes,Medium,Low,67.0,78.0,Good,Needs revision plan
R3640,S0393,2026-04-21,15.0,Female,Grade 9,Public,Computer Science,5.3,5.8,3.1,78.0,69.0,Online Videos,Yes,Yes,High,Medium,100.0,97.0,Excellent,No Comment
R3665,S0008,2026-04-21,16.0,Female,Grade 11,Private,Science,4.6,7.5,4.8,87.0,98.0,Self Study,No,Yes,Low,Medium,97.0,100.0,Excellent,Consistent effort
R1935,S0434,2026-03-27,13.0,Female,Grade 8,Public,Science,3.2,6.3,5.1,100.0,79.0,Self Study,No,Yes,High,High,73.0,92.0,Good,Good analytical thinking
R1772,S0517,2026-04-21,13.0,Female,Grade 8,Public,Math,2.0,5.1,4.3,92.0,58.0,Self Study,Yes,Yes,Medium,Medium,73.0,76.0,Good,Consistent effort
R3577,S0289,2026-02-22,17.0,Male,Grade 12,International,English,2.2,7.6,3.5,73.0,95.0,Group Study,No,Yes,Low,High,91.0,87.0,Good,Excellent focus
R3049,S0128,2026-04-28,16.0,Female,Grade 11,Public,English,5.4,8.5,5.9,87.0,70.0,Self Study,No,Yes,Medium,High,83.0,91.0,Excellent,Consistent effort
R3120,S0169,2026-04-22,15.0,Male,Grade 10,Private,Computer Science,4.1,7.2,4.6,87.0,93.0,Notebook / Notes,No,Yes,Medium,Medium,100.0,100.0,Excellent,Needs revision plan
R2850,S0430,2026-04-26,13.0,Male,Grade 8,Public,Math,2.5,6.9,4.1,77.0,74.0,Self Study,No,No,Medium,High,90.0,95.0,Excellent,Homework quality varies
R0545,S0341,2026-02-26,16.0,Male,Grade 11,Public,Computer Science,3.6,8.7,4.9,87.0,83.0,Online Videos,No,Yes,Low,High,89.0,85.0,Good,Strong participation
R1575,S0272,2026-02-02,15.0,Male,Grade 10,Public,English,4.4,5.5,2.8,91.0,69.0,Group Study,No,Yes,High,Medium,94.0,83.0,Good,Consistent effort
R3245,S0003,2026-03-21,13.0,Female,Grade 8,Private,Computer Science,4.3,8.0,4.7,97.0,100.0,Notebook / Notes,No,Yes,Low,Low,93.0,100.0,Excellent,Improved this term
R0981,S0514,2026-03-04,17.0,Female,Grade 12,Private,Math,5.8,7.2,2.9,88.0,91.0,Self Study,No,Yes,Medium,High,100.0,100.0,Excellent,Absent during some activities
R3492,S0576,2026-02-24,15.0,Male,Grade 10,Public,Science,3.9,6.5,4.2,98.0,64.0,Online Videos,No,Yes,Medium,Medium,68.0,80.0,Good,Consistent effort
R3386,S0439,2026-04-18,14.0,Male,Grade 9,Public,Computer Science,2.2,7.5,5.9,100.0,54.0,Notebook / Notes,No,Yes,Medium,Low,64.0,72.0,Pass,Needs better time management
R3486,S0520,2026-04-04,15.0,Male,Grade 10,Private,Computer Science,2.2,7.5,5.6,93.0,76.0,Self Study,Yes,Yes,Low,Medium,69.0,76.0,Good,Good analytical thinking
R3152,S0647,2026-02-06,16.0,Female,Grade 11,Private,History,2.6,5.7,4.6,77.0,61.0,Online Videos,No,Yes,Medium,Medium,71.0,71.0,Pass,Consistent effort
R3835,S0166,2026-02-09,15.0,Female,Grade 10,International,Math,2.7,6.3,3.9,95.0,70.0,Group Study,No,No,High,Medium,83.0,89.0,Good,Excellent focus
R2226,S0397,2026-03-25,15.0,Female,Grade 10,Public,Math,4.1,6.9,4.2,98.0,88.0,Self Study,Yes,Yes,Medium,Low,92.0,97.0,Excellent,Often distracted
R1961,S0076,2026-03-16,15.0,Male,Grade 10,Public,Computer Science,2.5,6.4,4.9,87.0,42.0,Notebook / Notes,No,Yes,Medium,Low,74.0,70.0,Pass,Good analytical thinking
R0194,S0517,2026-02-11,16.0,Male,Grade 11,Public,English,2.5,7.6,4.0,88.0,95.0,Private Tutor,Yes,Yes,Low,High,100.0,97.0,Excellent,Often distracted
R0380,S0005,2026-02-26,15.0,Male,Grade 10,International,Science,2.4,8.2,3.3,88.0,58.0,Online Videos,No,Yes,Low,Low,81.0,100.0,Excellent,No Comment
R2432,S0377,2026-03-04,15.0,Male,Grade 10,International,Computer Science,4.0,8.3,6.9,93.0,64.0,Group Study,No,Yes,Medium,Medium,81.0,93.0,Excellent,-
R0696,S0381,2026-03-12,15.0,Male,Grade 10,Public,English,5.4,7.2,6.0,82.0,75.0,Group Study,Yes,Yes,Medium,Medium,99.0,100.0,Excellent,Excellent focus
R2714,S0409,2026-02-09,13.0,Female,Grade 8,Public,Computer Science,3.9,7.2,3.6,100.0,100.0,Notebook / Notes,No,Yes,Low,Medium,89.0,97.0,Excellent,Improved this term
R1609,S0515,2026-04-17,16.0,Female,Grade 9,Private,Science,6.1,7.0,5.0,86.0,96.0,Private Tutor,Yes,No,Low,Medium,100.0,100.0,Excellent,Strong participation
R2068,S0277,2026-03-18,17.0,Male,Grade 12,Private,Science,4.2,5.7,2.9,79.0,76.0,Online Videos,Yes,Yes,High,Medium,80.0,92.0,Excellent,Strong participation
R0348,S0416,2026-03-26,16.0,Female,Grade 11,Public,History,6.3,8.6,5.1,87.0,85.0,Private Tutor,No,Yes,Medium,Low,97.0,100.0,Excellent,No Comment
R3549,S0150,2026-03-29,13.0,Female,Grade 8,Private,Science,6.6,8.7,4.2,94.0,94.0,Online Videos,Yes,Yes,Medium,High,96.0,100.0,Excellent,Excellent focus
R3305,S0640,2026-02-10,15.0,Male,Grade 10,Public,Math,3.8,7.2,6.4,71.0,66.0,Online Videos,No,Yes,Medium,Medium,74.0,82.0,Good,Improved this term
R2656,S0117,2026-03-06,14.0,Female,Grade 9,Public,Science,3.0,6.5,4.7,87.0,86.0,Group Study,No,Yes,Medium,High,86.0,92.0,Excellent,No Comment
R3736,S0561,2026-03-27,14.0,Female,Grade 12,Private,History,2.9,7.2,2.3,91.0,90.0,Online Videos,No,Yes,Low,Medium,86.0,95.0,Excellent,No Comment
R0665,S0457,2026-02-15,14.0,Female,Grade 9,Private,English,4.2,6.6,6.0,83.0,76.0,Private Tutor,No,No,Medium,Low,91.0,92.0,Excellent,Homework quality varies
R2234,S0711,2026-04-07,17.0,Male,Grade 12,Public,Science,2.1,5.9,4.8,92.0,77.0,Group Study,No,Yes,High,High,85.0,85.0,Good,Consistent effort
R0235,S0279,2026-02-13,16.0,Male,Grade 11,International,Computer Science,1.8,7.2,6.2,98.0,66.0,Self Study,No,Yes,Medium,Low,71.0,74.0,Pass,Often distracted
R0648,S0060,2026-04-04,13.0,Female,Grade 8,Public,Math,2.7,6.9,5.1,87.0,72.0,Self Study,No,Yes,Medium,Medium,66.0,75.0,Good,Absent during some activities
R3122,S0613,2026-02-11,13.0,Male,Grade 8,International,English,2.1,6.7,0.5,92.0,97.0,Self Study,No,Yes,Low,Medium,86.0,86.0,Good,Improved this term
R2474,S0653,2026-02-28,14.0,Female,Grade 12,Private,Computer Science,2.6,9.6,2.1,88.0,80.0,Self Study,No,Yes,Low,Medium,83.0,100.0,Excellent,Needs revision plan
R3346,S0554,2026-03-15,14.0,Male,Grade 9,Private,Science,1.6,7.9,4.2,97.0,100.0,Online Videos,No,No,Medium,Medium,92.0,97.0,Excellent,Good analytical thinking
R0343,S0064,2026-03-17,15.0,Female,Grade 10,Public,English,3.8,7.5,4.3,90.0,85.0,Private Tutor,No,Yes,Low,Medium,87.0,100.0,Excellent,No Comment
R3434,S0399,2026-03-01,15.0,Male,Grade 10,Private,Math,3.2,6.1,5.7,75.0,100.0,Group Study,Yes,Yes,Medium,Low,74.0,95.0,Excellent,Consistent effort
R0564,S0727,2026-04-24,14.0,Female,Grade 9,International,Computer Science,1.9,6.5,4.8,100.0,100.0,Self Study,No,Yes,Medium,Medium,94.0,94.0,Excellent,Absent during some activities
R2704,S0329,2026-03-14,14.0,Female,Grade 9,Private,Science,3.8,7.6,2.3,78.0,67.0,Online Videos,No,Yes,Medium,Medium,62.0,85.0,Good,Excellent focus
R0979,S0697,2026-04-05,17.0,Female,Grade 9,Public,Computer Science,4.0,7.5,1.1,100.0,94.0,Group Study,Yes,Yes,Medium,High,100.0,100.0,Excellent,Consistent effort
R3241,S0242,2026-02-20,17.0,Female,Grade 12,Public,History,3.8,7.9,2.0,79.0,60.0,Notebook / Notes,Yes,Yes,Medium,Low,100.0,94.0,Excellent,No Comment
R2853,S0734,2026-02-21,13.0,Male,Grade 8,Public,Math,3.1,6.6,3.6,73.0,80.0,Notebook / Notes,No,No,Medium,Medium,94.0,82.0,Good,Excellent focus
R2487,S0640,2026-04-13,14.0,Male,Grade 9,Public,History,3.2,7.7,4.2,95.0,100.0,Self Study,No,Yes,Low,Low,99.0,97.0,Excellent,Improved this term
R2327,S0613,2026-03-18,13.0,Female,Grade 8,Public,Computer Science,6.6,6.3,6.2,88.0,87.0,Notebook / Notes,Yes,Yes,Low,Low,93.0,99.0,Excellent,Consistent effort
R0619,S0232,2026-03-15,14.0,Male,Grade 9,Public,English,0.8,5.9,4.1,95.0,70.0,Private Tutor,No,Yes,Medium,High,66.0,82.0,Good,Improved this term
R3015,S0440,2026-04-28,15.0,Female,Grade 10,Private,Math,2.0,7.6,2.0,85.0,72.0,Self Study,No,Yes,Medium,Low,68.0,92.0,Good,Excellent focus
R1832,S0441,2026-02-24,13.0,Female,Grade 8,Public,History,1.7,7.5,2.7,79.0,81.0,Online Videos,No,Yes,Medium,Medium,91.0,98.0,Excellent,Needs better time management
R1185,S0613,2026-02-07,14.0,Female,Grade 9,International,Computer Science,1.9,5.1,3.9,87.0,85.0,Notebook / Notes,No,Yes,High,High,75.0,82.0,Good,Improved this term
R0519,S0728,2026-02-21,17.0,Male,Grade 12,Public,Math,3.3,7.2,6.9,95.0,100.0,Online Videos,No,Yes,Low,Low,79.0,92.0,Good,Strong participation
R2017,S0163,2026-04-28,17.0,Male,Grade 12,Public,History,2.4,9.1,3.6,84.0,80.0,Group Study,No,Yes,Low,Low,69.0,79.0,Good,No Comment
R1648,S0068,2026-04-20,15.0,Male,Grade 10,International,Computer Science,3.5,7.0,4.2,81.0,74.0,Group Study,Yes,Yes,Medium,Low,65.0,89.0,Good,Good analytical thinking
R0825,S0724,2026-02-12,16.0,Female,Grade 11,Public,Computer Science,2.7,8.3,2.9,81.0,64.0,Group Study,No,Yes,Low,High,79.0,90.0,Excellent,Excellent focus
R1445,S0564,2026-04-10,15.0,Female,Grade 10,Public,Science,2.4,7.2,2.4,89.0,88.0,Group Study,Yes,Yes,High,Medium,90.0,96.0,Excellent,Needs better time management
R3217,S0398,2026-04-10,17.0,Male,Grade 12,International,Science,4.5,5.3,7.4,90.0,77.0,Group Study,No,No,Medium,High,95.0,96.0,Excellent,Absent during some activities
R2894,S0519,2026-02-13,16.0,Male,Grade 11,International,Math,1.5,7.7,4.5,100.0,100.0,Self Study,No,Yes,Medium,Medium,64.0,83.0,Good,Good analytical thinking
R2203,S0341,2026-02-05,17.0,Female,Grade 12,Private,English,3.0,8.4,4.2,100.0,98.0,Private Tutor,No,Yes,Medium,High,91.0,93.0,Excellent,No Comment
R3451,S0069,2026-03-27,17.0,Female,Grade 12,Public,Computer Science,2.0,8.2,7.7,78.0,89.0,Notebook / Notes,No,Yes,Medium,Low,83.0,85.0,Good,Needs revision plan
R3526,S0278,2026-02-24,14.0,Female,Grade 9,Public,Science,3.7,7.2,3.8,82.0,61.0,Notebook / Notes,No,No,Medium,High,100.0,100.0,Excellent,-
R0690,S0622,2026-03-17,17.0,Male,Grade 11,Public,English,3.8,6.3,4.9,80.0,80.0,Private Tutor,Yes,Yes,Low,Medium,100.0,100.0,Excellent,No Comment
R0326,S0672,2026-04-29,13.0,Male,Grade 8,Public,English,3.2,8.4,3.4,90.0,85.0,Private Tutor,No,Yes,High,Medium,81.0,77.0,Good,Improved this term
R1138,S0561,2026-04-03,14.0,Female,Grade 9,Private,Science,3.9,6.9,7.0,84.0,67.0,Self Study,No,Yes,High,Medium,70.0,82.0,Good,Strong participation
R2605,S0458,2026-04-20,16.0,Male,Grade 11,Public,Science,4.2,7.2,4.8,81.0,48.0,Self Study,No,Yes,Medium,High,87.0,96.0,Excellent,Consistent effort
R1978,S0061,2026-03-05,17.0,Male,Grade 12,Private,English,3.2,8.0,2.2,88.0,65.0,Private Tutor,No,Yes,Low,Low,91.0,92.0,Excellent,Homework quality varies
R2839,S0314,2026-02-08,14.0,Male,Grade 8,International,Science,3.7,8.0,3.3,89.0,35.0,Online Videos,No,No,Medium,Medium,100.0,94.0,Excellent,Consistent effort
R3624,S0387,2026-02-23,13.0,Male,Grade 8,International,English,3.0,7.2,5.3,79.0,48.0,Self Study,No,Yes,Low,High,76.0,84.0,Good,No Comment
R0739,S0151,2026-04-28,15.0,Female,Grade 10,Public,Math,1.7,5.9,6.6,75.0,86.0,Notebook / Notes,No,No,Low,Medium,82.0,93.0,Excellent,Homework quality varies
R0932,S0309,2026-02-12,13.0,Female,Grade 8,International,History,3.7,6.2,4.1,82.0,88.0,Notebook / Notes,No,Yes,Low,High,90.0,100.0,Excellent,Often distracted
R1462,S0120,2026-02-11,13.0,Female,Grade 8,Public,Math,0.7,8.5,3.9,84.0,37.0,Self Study,No,Yes,Low,Low,71.0,69.0,Pass,No Comment
R1087,S0116,2026-04-12,16.0,Female,Grade 9,International,Computer Science,4.5,6.6,2.0,84.0,91.0,Online Videos,No,No,Medium,Medium,100.0,100.0,Excellent,Improved this term
R3165,S0728,2026-02-17,15.0,Female,Grade 10,Private,Science,0.8,7.7,2.5,87.0,79.0,Online Videos,Yes,No,Medium,High,93.0,92.0,Excellent,Needs revision plan
R1240,S0746,2026-03-18,16.0,Male,Grade 11,International,Math,4.1,7.2,5.9,81.0,82.0,Notebook / Notes,Yes,Yes,High,Medium,78.0,85.0,Good,Needs revision plan
R3550,S0645,2026-03-27,15.0,Male,Grade 10,Public,English,4.2,5.7,4.2,80.0,100.0,Online Videos,Yes,Yes,Medium,High,100.0,100.0,Excellent,Needs better time management
R3784,S0497,2026-03-26,14.0,Male,Grade 9,International,Computer Science,2.9,8.8,5.8,82.0,85.0,Notebook / Notes,No,Yes,Low,Medium,87.0,87.0,Good,Strong participation
R1586,S0167,2026-03-04,15.0,Female,Grade 10,Public,Computer Science,2.9,6.2,1.9,100.0,64.0,Online Videos,No,Yes,Medium,Medium,91.0,100.0,Excellent,Homework quality varies
R1002,S0735,2026-02-19,16.0,Female,Grade 11,Public,English,1.4,8.7,3.6,97.0,80.0,Notebook / Notes,No,Yes,Medium,Medium,92.0,92.0,Excellent,No Comment
R3744,S0052,2026-02-21,14.0,Female,Grade 8,International,History,2.9,8.7,4.2,91.0,77.0,Private Tutor,No,Yes,Low,Medium,88.0,88.0,Good,Excellent focus
R2248,S0368,2026-02-23,15.0,Male,Grade 10,International,Computer Science,2.1,7.6,2.3,84.0,59.0,Private Tutor,Yes,Yes,Medium,Medium,100.0,99.0,Excellent,Strong participation
R0324,S0503,2026-02-20,14.0,Male,Grade 9,Private,History,1.4,8.1,2.5,83.0,89.0,Notebook / Notes,Yes,Yes,Low,Low,72.0,92.0,Excellent,Consistent effort
R3841,S0454,2026-02-21,14.0,Male,Grade 9,Public,English,3.3,7.9,3.5,81.0,31.0,Self Study,No,Yes,Low,Medium,79.0,76.0,Good,Needs revision plan
R1413,S0145,2026-03-30,14.0,Female,Grade 9,Public,History,3.5,7.0,4.2,87.0,86.0,Private Tutor,No,Yes,Medium,Medium,100.0,90.0,Excellent,Absent during some activities
R3092,S0192,2026-04-29,16.0,Female,Grade 11,International,Math,1.4,8.8,6.9,91.0,59.0,Private Tutor,No,Yes,High,Low,90.0,92.0,Needs Improvement,Improved this term
R2158,S0173,2026-04-28,13.0,Male,Grade 8,Public,History,5.0,8.5,2.4,90.0,41.0,Group Study,Yes,Yes,Medium,Medium,100.0,100.0,Excellent,Improved this term
R0748,S0598,2026-03-26,16.0,Male,Grade 11,International,English,2.2,7.2,1.3,100.0,50.0,Self Study,Yes,No,High,High,93.0,92.0,Good,Strong participation
R1018,S0220,2026-04-25,13.0,Male,Grade 8,Public,Math,3.2,5.5,2.4,81.0,64.0,Online Videos,No,Yes,Medium,Low,81.0,93.0,Excellent,Absent during some activities
R2826,S0398,2026-04-24,17.0,Male,Grade 12,Public,Computer Science,2.8,8.1,6.8,94.0,57.0,Online Videos,Yes,Yes,Medium,Medium,88.0,95.0,Excellent,No Comment
R1855,S0251,2026-03-22,13.0,Female,Grade 8,Public,Computer Science,3.9,6.7,3.4,85.0,91.0,Notebook / Notes,No,Yes,Low,Medium,91.0,100.0,Excellent,Excellent focus
R0633,S0747,2026-02-15,15.0,Male,Grade 10,Public,History,2.4,7.7,2.3,100.0,83.0,Group Study,No,Yes,Medium,High,92.0,100.0,Excellent,Excellent focus
R0319,S0512,2026-03-19,15.0,Male,Grade 10,International,English,5.8,7.7,2.2,72.0,94.0,Self Study,Yes,Yes,Medium,High,100.0,100.0,Excellent,Needs better time management
R3840,S0650,2026-04-23,14.0,Female,Grade 9,Public,English,2.3,5.6,5.0,88.0,100.0,Online Videos,No,Yes,Medium,Medium,84.0,91.0,Excellent,Homework quality varies
R2706,S0475,2026-03-24,17.0,Female,Grade 8,Private,Science,2.4,9.7,4.5,86.0,77.0,Online Videos,No,No,Medium,High,96.0,88.0,Good,Absent during some activities
R1150,S0705,2026-04-11,14.0,Female,Grade 9,Public,English,3.8,7.2,5.1,77.0,52.0,Self Study,No,No,High,Medium,64.0,76.0,Excellent,Often distracted
R0881,S0296,2026-04-03,15.0,Male,Grade 8,Private,Science,2.6,7.8,2.2,82.0,90.0,Private Tutor,Yes,No,Medium,Medium,86.0,90.0,Excellent,Needs revision plan
R2457,S0339,2026-04-13,17.0,Male,Grade 12,Public,Computer Science,4.5,5.7,3.9,84.0,68.0,Notebook / Notes,No,Yes,Medium,High,98.0,100.0,Excellent,No Comment
R0429,S0407,2026-04-11,14.0,Male,Grade 9,Public,English,4.2,7.1,1.5,92.0,73.0,Self Study,No,Yes,Medium,High,89.0,100.0,Excellent,Often distracted
R1811,S0303,2026-02-11,13.0,Female,Grade 10,Private,History,3.7,7.6,3.0,92.0,65.0,Private Tutor,No,Yes,High,Medium,100.0,100.0,Excellent,Needs revision plan
R2368,S0421,2026-04-15,13.0,Female,Grade 8,Private,English,3.5,7.4,3.4,70.0,89.0,Group Study,Yes,Yes,Low,High,100.0,97.0,Excellent,Consistent effort
R0883,S0646,2026-04-07,14.0,Male,Grade 9,International,English,1.6,7.0,3.2,92.0,71.0,Group Study,No,Yes,Low,Low,74.0,84.0,Good,Good analytical thinking
R2681,S0260,2026-02-17,15.0,Male,Grade 10,Public,Computer Science,1.8,8.9,1.9,81.0,82.0,Online Videos,No,Yes,Medium,High,87.0,89.0,Good,No Comment
R3800,S0144,2026-03-09,17.0,Female,Grade 12,Public,Math,2.7,8.3,4.0,85.0,80.0,Private Tutor,No,Yes,Low,High,84.0,93.0,Excellent,Needs better time management
R3803,S0642,2026-04-07,14.0,Male,Grade 9,International,Computer Science,1.6,7.4,4.3,97.0,69.0,Group Study,No,Yes,Low,Medium,90.0,88.0,Good,Homework quality varies
R1885,S0214,2026-04-10,13.0,Female,Grade 8,International,Computer Science,3.4,6.3,2.3,82.0,89.0,Private Tutor,No,Yes,Medium,Low,81.0,86.0,Good,Strong participation
R2876,S0053,2026-03-28,14.0,Male,Grade 9,Public,Computer Science,5.6,6.2,4.1,100.0,70.0,Online Videos,Yes,No,Low,High,100.0,100.0,Excellent,Needs revision plan
R0419,S0261,2026-03-24,13.0,Female,Grade 10,Private,Math,0.6,7.6,4.4,75.0,74.0,Notebook / Notes,No,Yes,Medium,Medium,94.0,88.0,Good,No Comment
R3474,S0501,2026-02-28,13.0,Male,Grade 8,Private,Computer Science,2.1,8.3,4.8,87.0,100.0,Online Videos,No,Yes,Medium,Medium,72.0,85.0,Good,Homework quality varies
R2225,S0498,2026-03-05,13.0,Male,Grade 8,International,History,2.7,8.4,2.7,99.0,51.0,Private Tutor,No,Yes,Medium,Low,100.0,100.0,Excellent,Absent during some activities
R1207,S0595,2026-03-25,13.0,Female,Grade 8,Public,History,4.1,8.4,3.7,95.0,70.0,Self Study,No,Yes,High,Medium,81.0,92.0,Good,No Comment
R0208,S0203,2026-04-02,13.0,Female,Grade 8,Public,English,3.3,7.6,6.9,90.0,80.0,Private Tutor,No,Yes,High,Medium,88.0,89.0,Good,Good analytical thinking
R0740,S0001,2026-03-11,16.0,Female,Grade 11,Public,Science,4.1,8.2,6.1,78.0,78.0,Self Study,No,Yes,High,High,100.0,96.0,Excellent,Improved this term
R1031,S0101,2026-04-13,13.0,Male,Grade 8,International,History,3.0,8.7,6.2,85.0,39.0,Private Tutor,No,Yes,High,Medium,79.0,80.0,Good,Improved this term
R2986,S0681,2026-04-25,16.0,Female,Grade 11,Public,Math,1.6,6.1,1.6,94.0,89.0,Self Study,No,Yes,High,Low,61.0,70.0,Pass,Homework quality varies
R3227,S0306,2026-04-17,14.0,Female,Grade 9,Private,Science,5.7,8.8,4.5,76.0,71.0,Online Videos,Yes,No,Medium,High,100.0,100.0,Excellent,Good analytical thinking
R2407,S0206,2026-04-15,17.0,Female,Grade 12,International,Computer Science,3.3,8.2,4.9,100.0,93.0,Online Videos,No,Yes,Medium,High,96.0,100.0,Excellent,Consistent effort
R1736,S0064,2026-02-18,17.0,Female,Grade 12,International,Math,4.2,6.8,5.9,84.0,76.0,Private Tutor,Yes,Yes,Medium,High,100.0,97.0,Excellent,Strong participation
R2948,S0248,2026-02-22,17.0,Female,Grade 9,International,Computer Science,1.1,5.5,3.3,71.0,83.0,Self Study,No,Yes,Medium,High,73.0,72.0,Pass,Improved this term
R1616,S0398,2026-01-05,14.0,Male,Grade 9,Public,English,4.6,8.7,4.2,87.0,76.0,Private Tutor,No,Yes,Medium,Low,83.0,94.0,Excellent,No Comment
R2127,S0598,2026-04-10,13.0,Female,Grade 12,Private,History,3.7,7.2,2.1,85.0,49.0,Private Tutor,No,Yes,High,High,98.0,100.0,Excellent,Homework quality varies
R2861,S0145,2026-03-22,16.0,Male,Grade 11,Public,English,4.1,6.7,1.0,97.0,65.0,Self Study,Yes,Yes,Low,Low,98.0,100.0,Excellent,No Comment
R3762,S0653,2026-04-15,13.0,Female,Grade 8,International,Computer Science,4.5,6.5,4.7,96.0,76.0,Group Study,No,Yes,Medium,Medium,100.0,100.0,Excellent,Improved this term
R0711,S0136,2026-04-27,13.0,Female,Grade 8,Public,Math,2.1,7.5,6.8,89.0,74.0,Group Study,Yes,Yes,Medium,Low,90.0,79.0,Good,Strong participation
R1328,S0211,2026-03-24,15.0,Male,Grade 10,Private,Computer Science,2.9,4.8,5.1,100.0,70.0,Private Tutor,No,Yes,Medium,Low,65.0,81.0,Good,Strong participation
R1483,S0073,2026-04-28,14.0,Female,Grade 9,Public,Science,1.6,6.9,5.1,96.0,100.0,Group Study,No,Yes,Low,High,92.0,87.0,Good,Often distracted
R0025,S0329,2026-03-10,15.0,Female,Grade 10,Public,Math,2.0,7.8,5.7,85.0,86.0,Notebook / Notes,No,Yes,Low,Low,67.0,93.0,Excellent,No Comment
R3722,S0444,2026-04-05,17.0,Male,Grade 12,Public,Math,3.3,7.0,5.8,83.0,78.0,Online Videos,No,Yes,Low,Low,77.0,73.0,Pass,No Comment
R2472,S0515,2026-03-30,16.0,Female,Grade 9,Private,History,3.5,6.8,3.1,82.0,65.0,Online Videos,No,Yes,Low,Low,92.0,97.0,Excellent,Improved this term
R2590,S0407,2026-05-01,15.0,Male,Grade 10,Private,Math,3.1,7.5,4.2,75.0,64.0,Self Study,Yes,Yes,Medium,Medium,99.0,99.0,Excellent,Improved this term
R3447,S0164,2026-04-23,13.0,Male,Grade 8,Private,History,2.6,5.5,3.7,87.0,95.0,Group Study,Yes,Yes,Medium,Low,90.0,86.0,Good,Improved this term
R2316,S0603,2026-02-26,17.0,Female,Grade 12,International,Computer Science,4.4,7.2,4.1,88.0,96.0,Self Study,Yes,Yes,Medium,High,96.0,100.0,Excellent,Needs better time management
R1543,S0283,2026-04-05,15.0,Female,Grade 10,Public,Science,2.3,8.4,5.3,82.0,69.0,Private Tutor,Yes,Yes,Medium,High,75.0,87.0,Good,Often distracted
R3907,S0737,2026-04-23,14.0,Male,Grade 9,Public,English,3.2,7.3,1.1,96.0,85.0,Online Videos,No,Yes,Low,Medium,100.0,85.0,Good,No Comment
R3349,S0685,2026-03-19,16.0,Female,Grade 12,International,Math,3.2,8.4,4.8,82.0,44.0,Self Study,No,Yes,Low,Medium,88.0,88.0,Good,Consistent effort
R1437,S0233,2026-02-17,17.0,Male,Grade 12,Private,Computer Science,1.0,7.2,1.7,88.0,88.0,Self Study,No,Yes,Medium,Low,89.0,79.0,Good,Needs better time management
R1511,S0420,2026-04-10,15.0,Male,Grade 10,Public,English,0.1,7.1,4.8,81.0,69.0,Self Study,Yes,Yes,Medium,Medium,87.0,84.0,Good,Needs better time management
R0734,S0302,2026-02-02,13.0,Male,Grade 8,International,Computer Science,3.8,5.4,5.8,97.0,100.0,Group Study,No,No,Low,Medium,74.0,98.0,Excellent,Needs revision plan
R0759,S0302,2026-04-28,15.0,Female,Grade 10,International,Computer Science,4.7,7.9,3.8,87.0,100.0,Self Study,No,Yes,Medium,Medium,92.0,92.0,Excellent,Needs revision plan
R2700,S0331,2026-02-13,17.0,Male,Grade 12,International,Science,2.6,7.8,4.2,80.0,68.0,Private Tutor,Yes,Yes,Medium,High,98.0,100.0,Excellent,Excellent focus
R0738,S0191,2026-02-13,14.0,Male,Grade 10,Private,English,3.9,8.0,4.0,94.0,87.0,Self Study,No,Yes,Medium,High,92.0,100.0,Excellent,Needs better time management
R3633,S0621,2026-04-02,15.0,Female,Grade 10,Private,Computer Science,3.3,7.7,3.4,98.0,66.0,Self Study,No,Yes,Medium,Medium,76.0,80.0,Good,Needs revision plan
R2027,S0472,2026-04-26,14.0,Male,Grade 9,Public,Math,2.3,5.5,0.5,95.0,70.0,Group Study,Yes,Yes,Low,Medium,90.0,86.0,Good,Consistent effort
R1183,S0467,2026-04-30,15.0,Female,Grade 10,Private,Science,4.3,7.4,0.5,82.0,98.0,Self Study,Yes,Yes,Low,High,96.0,100.0,Excellent,Good analytical thinking
R1822,S0667,2026-04-06,13.0,Male,Grade 8,Public,English,3.2,6.7,4.7,79.0,79.0,Online Videos,No,Yes,Medium,High,96.0,100.0,Excellent,Needs better time management
R2974,S0494,2026-09-03,15.0,Male,Grade 10,Private,Science,4.2,6.4,2.0,78.0,75.0,Self Study,Yes,No,Medium,High,89.0,100.0,Excellent,Absent during some activities
R0124,S0480,2026-04-12,16.0,Male,Grade 11,Private,English,2.3,7.1,3.9,72.0,34.0,Private Tutor,No,Yes,Low,High,87.0,83.0,Good,Needs better time management
R1117,S0082,2026-04-22,16.0,Male,Grade 11,Public,Math,1.9,5.5,4.4,94.0,85.0,Online Videos,No,Yes,Low,Low,72.0,82.0,Good,No Comment
R1234,S0066,2026-02-23,17.0,Female,Grade 12,International,Computer Science,4.7,7.3,4.2,97.0,96.0,Private Tutor,No,Yes,Low,Medium,92.0,100.0,Excellent,Needs revision plan
R2840,S0667,2026-03-19,13.0,Female,Grade 8,Public,History,4.3,6.4,3.0,83.0,83.0,Group Study,No,Yes,High,Low,100.0,100.0,Excellent,Excellent focus
R3363,S0156,2026-02-25,16.0,Female,Grade 9,Private,English,3.3,5.7,5.5,84.0,76.0,Self Study,Yes,Yes,High,Low,72.0,76.0,Good,Consistent effort
R1400,S0479,2026-02-19,13.0,Female,Grade 11,International,History,4.1,5.3,4.9,72.0,86.0,Self Study,Yes,Yes,Low,High,100.0,100.0,Excellent,Needs better time management
R1289,S0729,2026-02-07,16.0,Female,Grade 11,Private,Math,1.2,5.1,1.8,72.0,87.0,Group Study,Yes,Yes,Low,Low,91.0,90.0,Excellent,Absent during some activities
R0510,S0289,2026-03-29,14.0,Female,Grade 9,Private,Computer Science,4.6,6.0,3.6,87.0,100.0,Self Study,No,Yes,High,Medium,94.0,98.0,Excellent,Good analytical thinking
R1326,S0388,2026-04-12,16.0,Male,Grade 10,Public,Science,5.3,9.1,5.4,93.0,54.0,Private Tutor,No,Yes,Low,Medium,100.0,100.0,Excellent,Strong participation
R3891,S0712,2026-03-02,17.0,Female,Grade 12,Private,Computer Science,3.9,8.2,4.2,80.0,100.0,Online Videos,No,Yes,Medium,High,98.0,100.0,Excellent,Homework quality varies
R3680,S0684,2026-02-10,14.0,Male,Grade 9,Public,Computer Science,4.1,7.2,6.7,76.0,80.0,Self Study,Yes,Yes,High,High,71.0,89.0,Good,Absent during some activities
R3369,S0168,2026-02-03,17.0,Male,Grade 12,Private,Math,3.2,7.2,6.8,87.0,94.0,Online Videos,Yes,Yes,High,Medium,67.0,68.0,Pass,No Comment
R0755,S0524,2026-04-07,17.0,Female,Grade 12,Public,Math,4.3,7.1,3.6,90.0,73.0,Group Study,No,Yes,Medium,Medium,90.0,100.0,Excellent,Needs revision plan
R0372,S0621,2026-03-18,13.0,Female,Grade 8,Public,Computer Science,3.2,7.3,3.2,88.0,97.0,Self Study,Yes,Yes,Low,Medium,94.0,93.0,Excellent,Absent during some activities
R1398,S0691,2026-04-21,13.0,Male,Grade 11,Public,English,3.2,5.6,2.3,84.0,76.0,Self Study,No,Yes,Medium,Medium,73.0,81.0,Good,Consistent effort
R2836,S0714,2026-03-17,14.0,Male,Grade 9,Private,Science,1.5,5.6,4.5,94.0,70.0,Group Study,Yes,Yes,Medium,Medium,79.0,94.0,Excellent,Excellent focus
R3895,S0521,2026-03-11,13.0,Female,Grade 8,Public,Math,4.2,7.7,3.1,77.0,78.0,Group Study,No,Yes,High,High,82.0,94.0,Excellent,Absent during some activities
R3491,S0387,2026-03-31,17.0,Male,Grade 12,Public,English,4.2,9.5,2.9,90.0,59.0,Notebook / Notes,No,Yes,Low,Medium,93.0,100.0,Excellent,Good analytical thinking
R3135,S0637,2026-02-05,13.0,Male,Grade 10,Public,Computer Science,3.8,7.2,4.2,81.0,89.0,Self Study,No,Yes,High,High,100.0,92.0,Needs Improvement,Consistent effort
R1047,S0014,2026-04-08,14.0,Male,Grade 9,Public,History,2.9,6.6,7.0,86.0,69.0,Online Videos,No,Yes,Low,High,95.0,94.0,Excellent,Needs revision plan
R1554,S0151,2026-03-15,14.0,Male,Grade 9,Public,History,3.2,8.3,4.2,90.0,63.0,Self Study,No,No,Low,Medium,77.0,81.0,Good,Excellent focus
R2835,S0363,2026-02-23,17.0,Female,Grade 12,Public,English,3.2,8.0,7.3,88.0,88.0,Group Study,No,Yes,Low,High,74.0,80.0,Good,No Comment
R2193,S0350,2026-02-20,17.0,Male,Grade 12,International,Computer Science,4.7,5.9,5.9,83.0,66.0,Online Videos,No,Yes,Low,Medium,82.0,82.0,Good,Absent during some activities
R0442,S0265,2026-03-06,16.0,Male,Grade 9,International,Science,3.2,7.2,4.9,91.0,88.0,Self Study,No,Yes,High,Medium,81.0,77.0,Good,Improved this term
R2798,S0461,2026-02-11,17.0,Male,Grade 12,Public,Computer Science,1.8,6.1,1.0,85.0,81.0,Online Videos,No,Yes,Low,Low,94.0,92.0,Good,Homework quality varies
R1004,S0538,2026-02-23,14.0,Female,Grade 9,Public,History,4.4,7.2,4.8,75.0,67.0,Self Study,No,Yes,Medium,Low,98.0,94.0,Excellent,No Comment
R0426,S0234,2026-02-06,14.0,Male,Grade 9,Public,Computer Science,3.3,8.5,3.3,84.0,54.0,Private Tutor,No,Yes,Medium,Medium,100.0,100.0,Excellent,Needs revision plan
R2639,S0618,2026-02-08,16.0,Female,Grade 11,Public,History,4.1,4.9,3.3,93.0,87.0,Self Study,No,Yes,Medium,Low,88.0,99.0,Excellent,No Comment
R0203,S0039,2026-03-02,15.0,Male,Grade 10,Private,English,3.2,8.4,4.9,90.0,92.0,Notebook / Notes,No,Yes,Medium,Low,84.0,77.0,Good,Absent during some activities
R2254,S0275,2026-03-19,13.0,Male,Grade 8,Public,Computer Science,2.5,6.9,4.3,80.0,75.0,Group Study,Yes,Yes,High,Medium,90.0,82.0,Good,Good analytical thinking
R3718,S0465,2026-04-08,13.0,Female,Grade 8,Private,English,4.8,7.2,3.3,85.0,78.0,Online Videos,No,No,High,High,100.0,100.0,Excellent,Needs better time management
R0749,S0505,2026-02-18,16.0,Female,Grade 11,Public,Math,4.4,6.0,5.5,97.0,84.0,Online Videos,Yes,Yes,High,Medium,97.0,100.0,Excellent,No Comment
R3557,S0015,2026-04-13,16.0,Male,Grade 11,Public,Computer Science,3.0,6.8,4.7,92.0,63.0,Group Study,Yes,Yes,Medium,Medium,63.0,76.0,Good,No Comment
R1848,S0056,2026-02-06,13.0,Female,Grade 8,Public,English,3.1,9.0,4.2,98.0,76.0,Notebook / Notes,No,No,Low,Medium,93.0,87.0,Good,No Comment
R0623,S0721,2026-03-14,14.0,Female,Grade 9,Private,History,4.4,7.0,6.1,82.0,50.0,Group Study,No,Yes,Medium,High,91.0,87.0,Good,Improved this term
R3876,S0667,2026-04-05,17.0,Male,Grade 12,Private,Science,4.0,5.5,3.9,91.0,43.0,Group Study,No,Yes,Low,High,87.0,87.0,Good,No Comment
R3450,S0084,2026-04-09,14.0,Male,Grade 9,Private,History,5.1,7.7,3.8,93.0,100.0,Online Videos,No,Yes,Low,Medium,91.0,100.0,Excellent,No Comment
R3663,S0558,2026-04-04,15.0,Male,Grade 10,Public,Math,3.4,7.6,1.9,82.0,58.0,Online Videos,Yes,Yes,Low,High,100.0,100.0,Excellent,Absent during some activities
R0913,S0313,2026-04-16,16.0,Male,Grade 11,Public,History,0.3,7.8,4.2,82.0,54.0,Group Study,No,No,High,Low,90.0,63.0,Pass,Needs better time management
R2157,S0233,2026-02-15,16.0,Female,Grade 11,Public,Science,3.0,8.0,4.5,92.0,76.0,Group Study,No,Yes,Low,Medium,89.0,92.0,Good,No Comment
R3192,S0429,2026-02-08,16.0,Female,Grade 8,International,Science,3.2,6.8,7.4,95.0,87.0,Online Videos,Yes,Yes,Low,High,85.0,88.0,Good,Needs revision plan
R2146,S0216,2026-04-18,16.0,Male,Grade 11,Public,Science,4.9,9.6,4.2,85.0,68.0,Group Study,No,Yes,Low,Medium,97.0,98.0,Excellent,Excellent focus
R1267,S0212,2026-03-18,17.0,Male,Grade 12,International,Computer Science,3.5,6.9,2.8,92.0,70.0,Private Tutor,No,Yes,Low,Medium,84.0,100.0,Excellent,Improved this term
R0439,S0100,2026-03-21,15.0,Female,Grade 10,Public,English,4.8,7.2,4.2,85.0,41.0,Group Study,No,Yes,Medium,Medium,90.0,88.0,Good,Homework quality varies
R3288,S0479,2026-03-30,17.0,Male,Grade 12,Public,Math,3.6,7.7,2.8,86.0,100.0,Self Study,No,Yes,Medium,Medium,91.0,100.0,Excellent,Absent during some activities
R1318,S0546,2026-02-13,15.0,Female,Grade 10,Private,History,3.2,5.8,4.3,86.0,98.0,Online Videos,No,Yes,Medium,Low,67.0,89.0,Good,Often distracted
R1085,S0519,2026-03-18,16.0,Female,Grade 12,Public,History,4.5,7.4,3.4,93.0,69.0,Self Study,No,Yes,Low,Medium,93.0,100.0,Excellent,Good analytical thinking
R1542,S0064,2026-04-24,17.0,Male,Grade 11,Private,Math,3.8,5.9,6.0,100.0,65.0,Self Study,No,Yes,Low,High,97.0,100.0,Excellent,Often distracted
R0781,S0749,2026-03-20,15.0,Female,Grade 10,Public,Computer Science,2.4,7.2,4.9,85.0,83.0,Notebook / Notes,No,Yes,Low,Low,82.0,90.0,Excellent,Absent during some activities
R2584,S0422,2026-03-18,14.0,Female,Grade 12,International,English,3.1,6.8,4.2,100.0,93.0,Private Tutor,No,Yes,High,High,83.0,92.0,Excellent,Improved this term
R2568,S0229,2026-02-10,17.0,Female,Grade 9,Public,English,3.2,7.2,6.2,79.0,80.0,Self Study,Yes,Yes,High,Medium,72.0,83.0,Good,Needs better time management
R1865,S0317,2026-03-28,15.0,Male,Grade 9,Public,Science,2.0,6.9,7.2,86.0,100.0,Private Tutor,No,Yes,High,High,68.0,92.0,Pass,Homework quality varies
R3863,S0437,2026-02-04,13.0,Female,Grade 8,Private,Math,4.1,7.2,5.5,91.0,67.0,Group Study,No,No,High,High,86.0,87.0,Good,Excellent focus
R3448,S0581,2026-03-27,16.0,Male,Grade 11,Public,History,3.9,7.1,3.4,89.0,58.0,Group Study,Yes,Yes,Medium,Medium,83.0,100.0,Excellent,Needs revision plan
R0393,S0721,2026-04-28,14.0,Male,Grade 9,Public,Math,4.9,5.1,8.0,75.0,58.0,Group Study,Yes,Yes,Medium,High,81.0,100.0,Excellent,Often distracted
R2708,S0611,2026-02-22,13.0,Female,Grade 8,Public,Science,0.9,7.0,7.4,100.0,75.0,Self Study,No,Yes,Medium,Low,81.0,90.0,Excellent,No Comment
R3200,S0136,2026-05-01,17.0,Male,Grade 12,Public,Computer Science,2.8,7.0,5.9,76.0,68.0,Online Videos,No,Yes,High,High,73.0,73.0,Pass,Often distracted
R1311,S0589,2026-03-31,15.0,Male,Grade 10,Public,History,2.2,7.4,4.7,89.0,49.0,Online Videos,Yes,Yes,High,Medium,82.0,91.0,Excellent,No Comment
R1573,S0696,2026-04-14,16.0,Female,Grade 11,International,History,3.1,5.5,3.3,89.0,59.0,Group Study,Yes,No,Low,Medium,98.0,89.0,Good,Needs better time management
R0497,S0549,2026-04-30,13.0,Female,Grade 8,Private,Science,2.2,8.5,7.8,99.0,71.0,Private Tutor,No,Yes,High,Low,63.0,71.0,Pass,Improved this term
R3196,S0614,2026-04-27,16.0,Male,Grade 11,Private,Math,2.5,7.4,4.5,100.0,94.0,Private Tutor,Yes,Yes,High,Medium,90.0,94.0,Excellent,No Comment
R0546,S0654,2026-03-19,14.0,Male,Grade 10,Public,Computer Science,3.7,7.3,5.3,88.0,72.0,Group Study,Yes,Yes,Low,Medium,97.0,98.0,Excellent,Good analytical thinking
R0724,S0205,2026-04-07,14.0,Male,Grade 9,Private,Computer Science,5.3,7.2,4.4,87.0,76.0,Online Videos,No,Yes,Low,High,83.0,100.0,Excellent,Strong participation
R0337,S0690,2026-02-11,13.0,Male,Grade 8,Public,Math,3.2,9.0,4.3,78.0,96.0,Online Videos,No,Yes,Medium,High,100.0,100.0,Excellent,Excellent focus
R1147,S0340,2026-02-16,16.0,Female,Grade 11,Private,Computer Science,4.1,5.9,3.7,88.0,76.0,Online Videos,No,Yes,High,Medium,93.0,97.0,Excellent,Absent during some activities
R2486,S0478,2026-02-11,15.0,Female,Grade 10,International,Computer Science,3.5,7.1,5.9,94.0,85.0,Self Study,No,Yes,Medium,Medium,94.0,91.0,Excellent,No Comment
R1895,S0022,2026-04-28,14.0,Male,Grade 9,Private,Science,3.2,7.0,3.2,77.0,64.0,Self Study,Yes,Yes,Low,Medium,100.0,99.0,Excellent,Excellent focus
R0314,S0486,2026-02-09,16.0,Male,Grade 11,Public,History,3.2,8.5,6.3,87.0,100.0,Group Study,No,Yes,Medium,Low,88.0,90.0,Excellent,Improved this term
R1597,S0113,2026-03-26,17.0,Female,Grade 12,Public,English,2.1,8.4,3.2,74.0,69.0,Self Study,Yes,Yes,Low,Medium,87.0,100.0,Excellent,Homework quality varies
R1745,S0334,2026-03-04,17.0,Male,Grade 9,Public,Science,4.7,5.3,3.3,92.0,85.0,Private Tutor,No,Yes,High,Medium,90.0,100.0,Excellent,Needs better time management
R1210,S0470,2026-02-09,15.0,Female,Grade 10,Private,English,2.6,7.4,4.8,81.0,67.0,Online Videos,No,Yes,High,Medium,73.0,83.0,Good,No Comment
R3093,S0019,2026-02-05,13.0,Male,Grade 8,Public,Science,2.4,6.9,0.7,100.0,44.0,Self Study,No,Yes,Low,High,84.0,94.0,Excellent,Strong participation
R1924,S0325,2026-03-28,15.0,Female,Grade 10,Public,Science,4.4,6.2,2.5,82.0,65.0,Private Tutor,Yes,Yes,High,Low,97.0,90.0,Excellent,Needs revision plan
R0355,S0330,2026-04-15,17.0,Female,Grade 12,Public,Computer Science,3.5,8.1,4.2,88.0,74.0,Private Tutor,Yes,Yes,Medium,High,95.0,100.0,Excellent,Improved this term
R2131,S0549,2026-03-10,14.0,Male,Grade 9,Private,History,4.4,6.1,5.6,94.0,49.0,Self Study,Yes,Yes,High,Medium,86.0,90.0,Excellent,Needs better time management
R1438,S0205,2026-03-26,17.0,Male,Grade 12,Public,History,2.1,7.3,4.2,89.0,53.0,Online Videos,No,Yes,Medium,Low,77.0,87.0,Good,Needs revision plan
R2534,S0377,2026-02-21,15.0,Female,Grade 10,Public,History,1.6,6.8,6.4,90.0,59.0,Self Study,No,Yes,Low,High,88.0,80.0,Good,Needs revision plan
R3394,S0608,2026-04-16,14.0,Male,Grade 9,Private,English,4.6,6.7,2.9,87.0,83.0,Online Videos,No,No,Low,High,94.0,94.0,Excellent,Needs better time management
R2652,S0403,2026-02-06,17.0,Female,Grade 12,Public,Math,5.6,7.8,1.4,97.0,59.0,Notebook / Notes,No,No,Medium,Medium,88.0,100.0,Excellent,Needs revision plan
R3505,S0574,2026-03-10,17.0,Male,Grade 10,International,Science,3.4,7.1,2.0,70.0,86.0,Self Study,No,Yes,Medium,Medium,80.0,100.0,Excellent,Homework quality varies
R2352,S0351,2026-03-05,16.0,Male,Grade 11,Public,History,4.7,5.6,5.3,84.0,79.0,Self Study,No,Yes,Medium,Low,96.0,94.0,Excellent,Absent during some activities
R0443,S0228,2026-04-04,17.0,Male,Grade 12,Public,Computer Science,1.8,6.4,4.2,86.0,86.0,Group Study,No,Yes,Low,High,85.0,87.0,Good,Often distracted
R0485,S0655,2026-04-14,13.0,Female,Grade 8,Private,Computer Science,3.5,7.2,1.6,100.0,78.0,Group Study,No,Yes,High,Medium,80.0,100.0,Excellent,Good analytical thinking
R0241,S0526,2026-03-10,15.0,Male,Grade 8,International,Computer Science,4.1,8.8,3.9,79.0,65.0,Self Study,Yes,Yes,Medium,Medium,91.0,100.0,Excellent,Often distracted
R2069,S0105,2026-03-28,16.0,Female,Grade 11,Public,Science,3.6,7.5,6.4,88.0,94.0,Notebook / Notes,No,Yes,Medium,Medium,95.0,95.0,Excellent,Consistent effort
R0808,S0430,2026-03-30,13.0,Female,Grade 8,Public,Math,3.2,6.8,5.8,75.0,81.0,Private Tutor,Yes,Yes,Medium,Medium,90.0,92.0,Pass,Consistent effort
R2156,S0476,2026-02-21,13.0,Male,Grade 8,Private,History,3.5,7.2,3.4,90.0,47.0,Group Study,Yes,Yes,Low,High,93.0,92.0,Excellent,No Comment
R1458,S0280,2026-04-28,15.0,Female,Grade 10,International,English,0.4,7.2,5.5,73.0,65.0,Online Videos,Yes,Yes,Medium,Medium,86.0,75.0,Good,Good analytical thinking
R3091,S0334,2026-04-29,17.0,Male,Grade 12,Public,Computer Science,3.6,6.8,5.5,83.0,100.0,Private Tutor,No,Yes,Low,High,99.0,99.0,Excellent,Excellent focus
R3501,S0706,2026-02-25,13.0,Female,Grade 8,International,Science,2.1,6.9,4.1,97.0,76.0,Self Study,No,Yes,Low,Medium,97.0,88.0,Good,Homework quality varies
R0384,S0018,2026-02-03,15.0,Male,Grade 10,Private,History,0.3,5.4,5.4,87.0,87.0,Online Videos,Yes,Yes,Medium,Medium,73.0,79.0,Excellent,Strong participation
R0723,S0316,2026-02-23,15.0,Female,Grade 11,International,English,3.3,7.5,5.2,80.0,91.0,Group Study,No,Yes,High,High,93.0,89.0,Good,Homework quality varies
R3026,S0511,2026-04-20,13.0,Male,Grade 12,Public,English,4.9,6.7,2.2,100.0,50.0,Online Videos,No,No,High,High,100.0,100.0,Excellent,Good analytical thinking
R3553,S0340,2026-02-21,17.0,Male,Grade 12,Public,Computer Science,3.2,6.9,3.0,82.0,76.0,Self Study,No,Yes,Medium,Medium,100.0,92.0,Excellent,No Comment
R1337,S0546,2026-03-08,16.0,Male,Grade 11,Public,Science,5.3,8.4,6.8,91.0,76.0,Private Tutor,No,Yes,High,Low,100.0,84.0,Excellent,Absent during some activities
R2522,S0011,2026-02-14,17.0,Female,Grade 10,Public,Math,2.5,6.4,6.9,87.0,81.0,Self Study,Yes,No,Medium,Medium,82.0,75.0,Good,Improved this term
R0797,S0444,2026-04-10,14.0,Male,Grade 9,Public,History,4.9,7.0,1.8,89.0,76.0,Self Study,No,Yes,Medium,Medium,100.0,100.0,Excellent,Consistent effort
R2541,S0059,2026-04-20,16.0,Male,Grade 11,Public,English,3.2,6.5,4.1,91.0,87.0,Self Study,No,No,Medium,Low,93.0,97.0,Excellent,Improved this term
R3078,S0531,2026-04-16,15.0,Male,Grade 8,Private,Science,5.7,5.6,3.4,100.0,99.0,Self Study,No,Yes,Medium,High,100.0,100.0,Excellent,Excellent focus
R1530,S0555,2026-02-23,17.0,Female,Grade 12,Private,English,3.2,6.5,5.6,86.0,100.0,Group Study,No,Yes,Low,Medium,77.0,68.0,Pass,No Comment
R2044,S0287,2026-02-17,16.0,Male,Grade 11,Public,Science,3.0,7.3,5.9,94.0,63.0,Group Study,No,Yes,Medium,High,94.0,99.0,Excellent,Excellent focus
R1187,S0105,2026-04-04,14.0,Female,Grade 9,Public,Math,2.3,6.4,6.4,83.0,86.0,Notebook / Notes,No,Yes,Low,Medium,72.0,73.0,Pass,No Comment
R2436,S0130,2026-02-11,17.0,Female,Grade 12,Private,Science,4.0,4.9,3.2,90.0,76.0,Self Study,No,Yes,Medium,Medium,100.0,98.0,Excellent,Needs better time management
R1816,S0136,2026-02-13,15.0,Female,Grade 11,Public,Computer Science,3.6,6.9,4.4,93.0,83.0,Group Study,No,Yes,Low,High,100.0,100.0,Excellent,Strong participation
R1312,S0157,2026-03-15,15.0,Male,Grade 10,International,Science,4.1,6.8,4.3,78.0,81.0,Self Study,No,Yes,High,Low,82.0,87.0,Good,Homework quality varies
R0673,S0327,2026-03-21,14.0,Male,Grade 10,Public,Math,3.1,7.1,5.2,78.0,94.0,Notebook / Notes,No,Yes,Low,Low,75.0,69.0,Pass,No Comment
R2165,S0315,2026-04-20,13.0,Female,Grade 8,Public,Computer Science,2.9,7.0,5.8,77.0,76.0,Group Study,Yes,Yes,Low,Medium,82.0,96.0,Excellent,Often distracted
R3161,S0253,2026-03-28,15.0,Male,Grade 10,Private,Math,3.7,6.9,6.5,79.0,69.0,Self Study,No,Yes,Medium,Low,74.0,74.0,Pass,Absent during some activities
R0199,S0722,2026-03-28,13.0,Male,Grade 9,Private,Computer Science,4.7,7.3,2.1,72.0,50.0,Online Videos,Yes,Yes,High,Medium,99.0,99.0,Excellent,Strong participation
R0037,S0390,2026-02-20,15.0,Male,Grade 10,Public,Computer Science,2.6,7.2,2.6,87.0,93.0,Self Study,No,Yes,Low,Medium,99.0,97.0,Excellent,Good analytical thinking
R1061,S0416,2026-03-29,16.0,Male,Grade 11,Public,History,3.2,7.4,4.0,76.0,79.0,Self Study,Yes,Yes,High,Medium,87.0,100.0,Excellent,Often distracted
R3649,S0686,2026-02-04,17.0,Female,Grade 12,Public,History,3.2,6.9,3.6,78.0,90.0,Notebook / Notes,No,Yes,High,Medium,90.0,98.0,Excellent,Homework quality varies
R1266,S0483,2026-02-01,13.0,Female,Grade 8,International,History,3.1,7.9,4.8,86.0,66.0,Private Tutor,Yes,Yes,Medium,High,94.0,100.0,Excellent,No Comment
R0777,S0538,2026-04-15,13.0,Male,Grade 8,Private,Science,5.4,5.0,3.7,73.0,79.0,Private Tutor,No,Yes,Medium,Medium,79.0,100.0,Excellent,Good analytical thinking
R0168,S0460,2026-03-02,15.0,Female,Grade 10,Public,History,1.9,6.0,8.4,84.0,59.0,Self Study,No,Yes,Low,Medium,80.0,78.0,Good,Absent during some activities
R3652,S0150,2026-04-08,15.0,Male,Grade 10,Public,Math,2.1,7.2,4.0,69.0,92.0,Private Tutor,No,Yes,Medium,Low,97.0,81.0,Excellent,Homework quality varies
R1198,S0720,2026-03-05,13.0,Male,Grade 8,Public,English,2.4,8.8,5.7,88.0,59.0,Online Videos,No,Yes,Medium,High,90.0,96.0,Excellent,Homework quality varies
R1220,S0683,2026-03-31,15.0,Female,Grade 10,International,Science,3.1,6.8,5.3,97.0,88.0,Group Study,No,Yes,High,High,100.0,100.0,Excellent,Excellent focus
R0943,S0395,2026-02-06,14.0,Male,Grade 9,Public,English,3.0,8.6,5.0,69.0,72.0,Self Study,No,No,Low,Medium,79.0,80.0,Good,No Comment
R1731,S0546,2026-05-02,17.0,Female,Grade 12,Private,English,4.2,7.8,2.9,87.0,89.0,Private Tutor,No,Yes,High,Low,74.0,93.0,Excellent,No Comment
R2952,S0145,2026-03-02,16.0,Male,Grade 11,Private,Science,5.1,6.8,3.8,90.0,98.0,Self Study,No,Yes,Medium,Low,99.0,100.0,Excellent,Absent during some activities
R3879,S0408,2026-03-05,17.0,Male,Grade 12,Public,Science,2.1,7.2,2.9,78.0,45.0,Group Study,No,Yes,High,High,84.0,92.0,Excellent,Excellent focus
R2247,S0272,2026-02-28,16.0,Female,Grade 11,Private,Math,5.7,7.4,4.2,76.0,77.0,Notebook / Notes,No,Yes,High,High,100.0,92.0,Excellent,Strong participation
R2694,S0680,2026-04-25,15.0,Male,Grade 10,Private,Math,2.6,7.5,6.2,92.0,59.0,Group Study,No,Yes,Low,High,91.0,79.0,Good,No Comment
R0674,S0301,2026-02-22,13.0,Female,Grade 8,Private,English,0.3,8.9,2.8,68.0,76.0,Self Study,No,Yes,Medium,High,79.0,78.0,Good,Excellent focus
R0447,S0247,2026-04-19,13.0,Male,Grade 8,Private,Math,4.6,8.6,2.9,75.0,74.0,Group Study,No,Yes,High,Low,84.0,80.0,Good,Good analytical thinking
R1726,S0415,2026-03-01,17.0,Female,Grade 12,Public,Computer Science,4.7,6.7,4.9,90.0,57.0,Private Tutor,No,Yes,Low,Medium,89.0,90.0,Excellent,Absent during some activities
R3339,S0025,2026-04-07,14.0,Female,Grade 10,Private,Science,0.0,8.2,5.4,89.0,61.0,Self Study,No,Yes,High,Medium,67.0,65.0,Pass,No Comment
R2956,S0153,2026-04-09,15.0,Female,Grade 10,Public,Math,2.9,7.0,4.6,93.0,83.0,Online Videos,No,Yes,Low,Medium,100.0,92.0,Excellent,Good analytical thinking
R3559,S0236,2026-04-27,17.0,Female,Grade 12,Public,Math,3.3,7.4,6.6,85.0,89.0,Private Tutor,Yes,Yes,Low,High,89.0,87.0,Good,Needs better time management
R2872,S0628,2026-04-14,14.0,Female,Grade 10,Public,Computer Science,3.1,6.8,3.9,79.0,95.0,Notebook / Notes,No,Yes,High,Low,80.0,75.0,Good,Needs revision plan
R0703,S0258,2026-02-20,14.0,Male,Grade 9,International,Science,5.0,7.3,3.1,69.0,78.0,Group Study,No,Yes,Low,Low,90.0,97.0,Excellent,Needs revision plan
R2375,S0407,2026-02-03,13.0,Female,Grade 8,Private,Computer Science,4.2,8.2,2.9,100.0,64.0,Private Tutor,No,Yes,Low,Low,89.0,93.0,Excellent,Improved this term
R1429,S0541,2026-02-22,14.0,Male,Grade 9,Private,Math,3.1,7.9,5.5,76.0,100.0,Online Videos,Yes,Yes,Low,Medium,97.0,100.0,Excellent,Good analytical thinking
R0937,S0183,2026-04-12,15.0,Male,Grade 10,Public,Computer Science,3.8,6.9,4.6,84.0,89.0,Online Videos,Yes,Yes,High,Medium,80.0,89.0,Good,Good analytical thinking
R0787,S0599,2026-01-02,16.0,Female,Grade 11,Private,English,5.1,6.5,2.8,94.0,69.0,Group Study,No,Yes,Low,High,100.0,100.0,Excellent,Absent during some activities
R0142,S0230,2026-02-22,13.0,Female,Grade 8,Public,Computer Science,4.4,7.4,6.8,98.0,55.0,Group Study,No,Yes,Medium,Medium,100.0,95.0,Excellent,No Comment
R3604,S0406,2026-04-12,13.0,Female,Grade 8,Public,Computer Science,3.2,8.0,1.4,99.0,76.0,Self Study,Yes,Yes,Medium,High,97.0,100.0,Excellent,Strong participation
R2848,S0378,2026-02-28,17.0,Female,Grade 12,Private,Computer Science,2.4,5.2,3.5,93.0,86.0,Self Study,No,Yes,Low,High,71.0,72.0,Pass,Often distracted
R3709,S0539,2026-02-22,14.0,Male,Grade 9,International,History,2.5,7.8,3.7,81.0,58.0,Self Study,Yes,No,Medium,High,97.0,94.0,Excellent,Consistent effort
R3725,S0590,2026-02-04,16.0,Male,Grade 11,Public,Science,2.0,8.1,4.2,79.0,76.0,Notebook / Notes,No,Yes,Medium,Low,100.0,97.0,Excellent,Strong participation
R3896,S0067,2026-04-24,14.0,Female,Grade 9,Public,Science,3.2,6.3,6.3,87.0,84.0,Private Tutor,Yes,Yes,Medium,Low,98.0,96.0,Excellent,Excellent focus
R0991,S0299,2026-04-15,17.0,Female,Grade 12,Private,History,4.4,7.5,7.2,95.0,100.0,Self Study,No,Yes,Low,Low,90.0,95.0,Excellent,Absent during some activities
R2817,S0468,2026-03-27,15.0,Male,Grade 10,Private,Science,4.7,5.7,4.9,94.0,49.0,Self Study,Yes,Yes,Medium,Low,89.0,100.0,Excellent,No Comment
R0301,S0494,2026-03-24,17.0,Female,Grade 12,Public,History,2.0,5.3,4.1,81.0,91.0,Private Tutor,No,Yes,Medium,Medium,89.0,79.0,Good,Needs revision plan
R1642,S0143,2026-04-27,17.0,Female,Grade 12,Private,Math,4.0,6.2,4.4,80.0,77.0,Notebook / Notes,No,Yes,Medium,Medium,93.0,96.0,Excellent,Needs revision plan
R0893,S0503,2026-02-04,15.0,Male,Grade 8,International,English,3.4,6.5,4.3,92.0,62.0,Self Study,No,Yes,High,Medium,73.0,79.0,Good,Consistent effort
R2999,S0625,2026-04-22,15.0,Male,Grade 10,Public,History,3.5,7.2,3.8,87.0,69.0,Private Tutor,No,Yes,Low,Medium,76.0,83.0,Good,Often distracted
R0544,S0603,2026-03-26,15.0,Male,Grade 12,Private,Computer Science,3.4,7.9,4.2,87.0,93.0,Private Tutor,No,Yes,Low,Low,100.0,100.0,Excellent,Excellent focus
R0589,S0331,2026-04-14,17.0,Male,Grade 12,Public,Math,3.5,7.9,2.8,83.0,88.0,Private Tutor,No,Yes,Medium,Medium,92.0,100.0,Excellent,Needs better time management
R1333,S0454,2026-03-09,14.0,Male,Grade 9,Private,History,3.5,7.2,1.6,79.0,56.0,Private Tutor,No,Yes,Medium,High,100.0,91.0,Excellent,Excellent focus
R2661,S0166,2026-04-23,17.0,Female,Grade 11,Private,Computer Science,4.4,9.3,3.9,98.0,100.0,Online Videos,No,Yes,Medium,Low,100.0,100.0,Excellent,Needs revision plan
R2016,S0408,2026-04-03,17.0,Female,Grade 12,International,History,3.2,6.3,3.8,99.0,72.0,Notebook / Notes,Yes,Yes,High,High,89.0,100.0,Excellent,No Comment
R1931,S0650,2026-04-11,17.0,Female,Grade 12,International,History,4.6,7.0,8.0,93.0,63.0,Private Tutor,Yes,Yes,Low,Medium,87.0,92.0,Excellent,Needs better time management
R2209,S0203,2026-02-12,16.0,Female,Grade 11,Private,Math,3.9,6.9,6.2,82.0,66.0,Private Tutor,No,Yes,Low,Medium,90.0,91.0,Excellent,Needs better time management
R1620,S0615,2026-03-29,15.0,Female,Grade 10,Private,Computer Science,4.4,8.4,4.5,73.0,92.0,Notebook / Notes,Yes,Yes,Medium,High,93.0,100.0,Excellent,Needs better time management
R3099,S0170,2026-02-15,14.0,Female,Grade 9,Public,Computer Science,1.6,6.6,4.8,98.0,61.0,Notebook / Notes,No,Yes,High,Low,74.0,83.0,Good,Strong participation
R0944,S0683,2026-04-18,17.0,Male,Grade 12,Public,English,2.8,6.5,6.4,91.0,63.0,Group Study,No,Yes,High,Low,77.0,69.0,Pass,Absent during some activities
R0261,S0039,2026-03-05,14.0,Female,Grade 9,Public,Math,2.9,7.1,5.9,86.0,63.0,Group Study,No,Yes,Medium,High,79.0,91.0,Excellent,Needs revision plan
R0184,S0166,2026-02-25,17.0,Female,Grade 12,Private,Science,6.2,6.9,4.4,83.0,69.0,Online Videos,No,Yes,High,Low,78.0,88.0,Good,No Comment
R0334,S0456,2026-03-01,16.0,Female,Grade 11,International,Math,1.9,6.4,5.9,87.0,98.0,Private Tutor,No,Yes,Medium,Low,75.0,72.0,Pass,Often distracted
R2908,S0641,2026-02-01,17.0,Male,Grade 12,Private,English,3.3,6.5,4.8,77.0,88.0,Self Study,No,Yes,High,Low,92.0,89.0,Good,Strong participation
R0285,S0667,2026-03-06,14.0,Male,Grade 9,Public,English,3.4,7.0,5.1,82.0,78.0,Online Videos,No,Yes,Low,Low,99.0,100.0,Excellent,Improved this term
R3830,S0699,2026-02-05,15.0,Female,Grade 10,International,English,3.2,5.0,6.5,100.0,57.0,Private Tutor,Yes,Yes,Low,Low,89.0,97.0,Excellent,Absent during some activities
R1719,S0138,2026-03-13,13.0,Male,Grade 8,Public,Science,2.8,5.9,4.8,81.0,49.0,Private Tutor,No,Yes,Medium,High,78.0,82.0,Good,No Comment
R2196,S0471,2026-04-13,16.0,Male,Grade 11,Public,History,3.8,8.3,4.3,77.0,100.0,Self Study,No,Yes,Medium,Medium,90.0,100.0,Excellent,Good analytical thinking
R3610,S0261,2026-02-03,16.0,Male,Grade 11,Private,Science,2.8,7.2,5.4,99.0,76.0,Self Study,No,Yes,Medium,Medium,71.0,78.0,Good,Strong participation
R3707,S0462,2026-04-07,15.0,Male,Grade 10,International,Math,3.2,7.0,4.2,73.0,79.0,Private Tutor,Yes,Yes,High,Medium,82.0,93.0,Excellent,Consistent effort
R2891,S0282,2026-04-15,17.0,Male,Grade 12,Private,English,3.3,9.2,1.8,90.0,64.0,Private Tutor,No,Yes,High,Medium,89.0,96.0,Excellent,Absent during some activities
R1090,S0376,2026-02-24,17.0,Female,Grade 12,Public,English,2.9,5.7,3.4,75.0,62.0,Online Videos,No,Yes,High,Medium,92.0,94.0,Excellent,Often distracted
R1641,S0380,2026-04-18,14.0,Male,Grade 9,Public,Computer Science,3.1,7.2,3.8,85.0,72.0,Online Videos,No,Yes,Low,Medium,96.0,98.0,Excellent,Strong participation
R3456,S0740,2026-03-23,17.0,Female,Grade 12,Public,English,3.2,7.5,1.5,91.0,64.0,Notebook / Notes,No,Yes,Low,Low,90.0,100.0,Excellent,Good analytical thinking
R3244,S0536,2026-03-07,16.0,Male,Grade 8,Private,History,2.5,6.9,3.7,84.0,91.0,Notebook / Notes,No,Yes,Medium,High,90.0,100.0,Excellent,Needs revision plan
R1292,S0181,2026-03-08,17.0,Male,Grade 12,Public,History,2.3,7.1,1.6,94.0,85.0,Self Study,No,Yes,Medium,High,91.0,97.0,Excellent,Often distracted
R2490,S0046,2026-04-04,14.0,Male,Grade 9,International,Computer Science,3.6,7.5,2.3,81.0,76.0,Group Study,No,Yes,Medium,Medium,88.0,89.0,Excellent,Improved this term
R2066,S0309,2026-03-28,13.0,Male,Grade 10,Public,English,3.2,8.4,3.6,96.0,82.0,Group Study,No,Yes,Low,High,100.0,100.0,Excellent,Often distracted
R2406,S0450,2026-03-12,13.0,Female,Grade 8,Public,Science,4.3,7.8,4.2,83.0,78.0,Online Videos,No,Yes,Medium,High,92.0,94.0,Excellent,No Comment
R0533,S0053,2026-03-19,15.0,Male,Grade 10,International,History,3.2,7.1,3.4,92.0,76.0,Group Study,No,Yes,Low,Medium,93.0,93.0,Excellent,No Comment
R1860,S0182,2026-03-30,14.0,Female,Grade 9,Private,English,4.4,7.2,3.3,92.0,70.0,Self Study,Yes,Yes,Medium,Low,93.0,96.0,Excellent,Consistent effort
R0904,S0548,2026-03-10,17.0,Female,Grade 12,Private,English,3.1,6.6,5.6,83.0,67.0,Private Tutor,No,Yes,Medium,Low,77.0,79.0,Good,Often distracted
R3583,S0441,2026-02-19,14.0,Male,Grade 9,International,English,4.4,6.8,3.4,100.0,80.0,Notebook / Notes,No,Yes,Medium,Low,91.0,100.0,Excellent,Strong participation
R1561,S0652,2026-03-01,16.0,Male,Grade 8,Private,Computer Science,3.2,7.4,3.9,83.0,98.0,Private Tutor,No,Yes,Medium,Low,91.0,100.0,Excellent,Consistent effort
R0558,S0293,2026-04-25,15.0,Male,Grade 10,Public,Math,4.8,8.0,3.3,93.0,68.0,Private Tutor,Yes,Yes,Low,Medium,100.0,100.0,Excellent,Excellent focus
R1011,S0291,2026-03-25,14.0,Female,Grade 9,International,Computer Science,3.3,6.8,4.8,77.0,76.0,Self Study,No,Yes,Medium,Medium,72.0,74.0,Pass,Often distracted
R3643,S0124,2026-02-14,13.0,Male,Grade 8,Private,English,3.1,7.6,3.4,83.0,56.0,Self Study,No,Yes,Medium,Medium,90.0,97.0,Excellent,Absent during some activities
R2499,S0243,2026-03-12,13.0,Male,Grade 8,Public,Math,1.4,7.8,5.8,85.0,72.0,Notebook / Notes,No,Yes,Medium,Low,60.0,70.0,Pass,Improved this term
R0318,S0466,2026-03-17,14.0,Male,Grade 9,Public,English,4.2,5.8,4.2,74.0,76.0,Notebook / Notes,No,Yes,High,Medium,89.0,92.0,Excellent,Good analytical thinking
R1859,S0382,2026-04-29,14.0,Female,Grade 9,Private,Math,2.9,7.6,7.6,84.0,76.0,Online Videos,No,Yes,Low,Medium,100.0,92.0,Excellent,Absent during some activities
R0458,S0663,2026-02-03,16.0,Female,Grade 12,International,Math,3.8,7.2,4.7,79.0,85.0,Notebook / Notes,No,Yes,Medium,Medium,87.0,81.0,Good,No Comment
R0876,S0195,2026-02-15,15.0,Female,Grade 10,International,Science,4.1,9.3,4.3,75.0,91.0,Group Study,No,Yes,High,Medium,100.0,100.0,Excellent,Good analytical thinking
R3716,S0511,2026-03-23,14.0,Male,Grade 9,Public,Math,2.4,5.2,4.4,89.0,68.0,Self Study,Yes,Yes,High,Low,65.0,71.0,Pass,No Comment
R3632,S0702,2026-03-27,17.0,Male,Grade 12,Public,English,1.6,6.7,2.3,79.0,93.0,Self Study,No,Yes,Low,Medium,93.0,89.0,Good,Improved this term
R3129,S0594,2026-04-11,17.0,Female,Grade 12,Public,Math,4.9,8.4,4.2,73.0,54.0,Self Study,Yes,No,Medium,Low,90.0,89.0,Excellent,Strong participation
R1520,S0497,2026-04-24,13.0,Female,Grade 8,Private,Computer Science,3.2,7.2,6.9,94.0,100.0,Self Study,Yes,Yes,Medium,Low,100.0,100.0,Excellent,Absent during some activities
R1339,S0599,2026-04-18,17.0,Female,Grade 12,Private,Computer Science,4.8,7.4,5.3,91.0,76.0,Self Study,No,Yes,Low,Medium,93.0,91.0,Excellent,No Comment
R1664,S0359,2026-04-21,15.0,Male,Grade 10,Public,Science,3.8,7.4,4.7,95.0,51.0,Group Study,No,Yes,Low,Low,98.0,95.0,Excellent,Absent during some activities
R1614,S0462,2026-04-29,16.0,Male,Grade 11,International,History,1.1,6.7,4.7,87.0,82.0,Self Study,No,Yes,Medium,Low,78.0,72.0,Pass,Consistent effort
R1069,S0429,2026-04-10,15.0,Female,Grade 9,Private,Computer Science,3.2,6.0,4.5,83.0,95.0,Online Videos,Yes,Yes,Low,Medium,100.0,100.0,Excellent,Often distracted
R2261,S0041,2026-02-27,14.0,Female,Grade 9,Public,Computer Science,5.9,6.6,2.4,100.0,53.0,Group Study,No,Yes,High,Medium,100.0,100.0,Excellent,Strong participation
R0528,S0100,2026-03-20,17.0,Male,Grade 12,Private,History,2.1,7.2,3.1,96.0,83.0,Self Study,No,Yes,Low,Low,90.0,92.0,Excellent,Good analytical thinking
R2887,S0189,2026-03-21,14.0,Female,Grade 9,Private,History,3.0,7.1,3.2,81.0,89.0,Online Videos,No,Yes,Medium,High,100.0,95.0,Excellent,No Comment
R2646,S0042,2026-03-21,16.0,Female,Grade 11,Public,Computer Science,1.2,7.5,2.4,89.0,63.0,Self Study,No,No,Low,Medium,87.0,88.0,Good,Often distracted
R2895,S0513,2026-04-25,17.0,Female,Grade 10,Public,Math,4.4,7.6,3.3,69.0,75.0,Group Study,No,Yes,Medium,High,100.0,100.0,Excellent,Homework quality varies
R3909,S0285,2026-03-01,17.0,Female,Grade 12,International,Science,5.4,7.7,4.1,77.0,89.0,Private Tutor,No,Yes,Medium,Medium,100.0,100.0,Excellent,Absent during some activities
R3348,S0155,2026-03-15,15.0,Female,Grade 10,Public,Computer Science,3.4,7.2,6.2,73.0,38.0,Private Tutor,Yes,Yes,Medium,Low,88.0,88.0,Good,Improved this term
R2526,S0463,2026-03-22,13.0,Male,Grade 11,Public,Science,0.6,7.5,3.4,87.0,48.0,Self Study,No,Yes,Medium,Medium,71.0,81.0,Good,Needs better time management
R2843,S0237,2026-04-18,16.0,Male,Grade 11,Public,English,4.0,7.4,3.2,88.0,83.0,Notebook / Notes,No,Yes,Medium,Medium,89.0,100.0,Excellent,Improved this term
R2763,S0131,2026-02-09,13.0,Female,Grade 8,International,History,1.6,6.5,7.1,87.0,72.0,Self Study,No,Yes,Medium,Medium,83.0,82.0,Good,Excellent focus
R2697,S0538,2026-02-23,15.0,Female,Grade 10,Public,Science,3.8,8.3,3.5,81.0,66.0,Self Study,No,Yes,Medium,High,100.0,100.0,Excellent,Strong participation
R0849,S0561,2026-05-01,14.0,Female,Grade 9,Public,History,5.3,7.5,4.2,79.0,83.0,Online Videos,No,Yes,Low,High,93.0,92.0,Excellent,Strong participation
R2989,S0636,2026-03-18,14.0,Female,Grade 9,International,Computer Science,0.6,8.8,5.8,81.0,75.0,Notebook / Notes,No,Yes,Low,High,91.0,87.0,Good,Good analytical thinking
R3600,S0348,2026-03-04,16.0,Female,Grade 11,Private,Science,1.6,9.7,2.7,84.0,70.0,Notebook / Notes,No,Yes,Medium,Low,90.0,88.0,Good,Consistent effort
R2489,S0051,2026-03-29,14.0,Male,Grade 9,International,Math,2.0,5.4,4.3,96.0,95.0,Group Study,No,Yes,Medium,Medium,92.0,92.0,Needs Improvement,No Comment
R1433,S0249,2026-02-26,14.0,Male,Grade 9,Public,Science,3.2,7.3,3.6,98.0,76.0,Notebook / Notes,No,Yes,Low,High,97.0,96.0,Excellent,Excellent focus
R0475,S0313,2026-02-16,14.0,Female,Grade 9,Private,English,2.2,7.0,3.7,100.0,100.0,Private Tutor,Yes,Yes,Low,Medium,82.0,95.0,Excellent,Good analytical thinking
R0474,S0030,2026-03-27,14.0,Male,Grade 9,Public,Computer Science,4.4,7.8,4.9,94.0,78.0,Online Videos,No,Yes,Medium,Medium,100.0,95.0,Excellent,Needs better time management
R2814,S0072,2026-03-11,14.0,Female,Grade 9,Public,Science,1.8,7.2,6.5,71.0,70.0,Notebook / Notes,No,Yes,Low,Low,90.0,92.0,Needs Improvement,Improved this term
R3747,S0383,2026-04-19,14.0,Male,Grade 9,Public,Science,3.4,7.7,0.6,77.0,59.0,Online Videos,No,No,Medium,Low,90.0,86.0,Good,Needs better time management
R1553,S0463,2026-03-19,17.0,Male,Grade 12,Public,Computer Science,3.7,6.9,3.7,87.0,92.0,Online Videos,No,No,Low,High,98.0,94.0,Excellent,Strong participation
R0072,S0168,2026-03-04,15.0,Female,Grade 10,Private,Math,4.5,5.5,3.6,73.0,77.0,Online Videos,Yes,Yes,High,Medium,84.0,96.0,Excellent,Homework quality varies
R3270,S0620,2026-02-04,14.0,Female,Grade 9,Private,Science,2.8,8.7,4.9,90.0,81.0,Group Study,Yes,Yes,Low,Low,100.0,92.0,Excellent,Needs better time management
R2680,S0389,2026-03-05,16.0,Female,Grade 11,Private,Computer Science,3.4,6.2,4.3,99.0,100.0,Notebook / Notes,Yes,No,Medium,Low,96.0,100.0,Excellent,Homework quality varies
R2294,S0148,2026-04-28,17.0,Male,Grade 12,International,Science,0.3,6.2,4.4,93.0,100.0,Self Study,No,Yes,Medium,Medium,79.0,79.0,Good,Needs revision plan
R0938,S0300,2026-04-12,15.0,Female,Grade 11,Public,English,3.2,5.8,3.3,89.0,60.0,Self Study,No,Yes,High,High,70.0,80.0,Good,Needs revision plan
R2969,S0100,2026-04-21,15.0,Female,Grade 10,Public,History,2.7,6.5,2.8,97.0,79.0,Online Videos,Yes,No,High,High,100.0,100.0,Excellent,No Comment
R2544,S0258,2026-02-22,17.0,Male,Grade 12,Public,History,0.6,7.2,5.9,81.0,76.0,Self Study,No,Yes,Low,Low,90.0,74.0,Pass,Improved this term
R3724,S0721,2026-03-10,13.0,Male,Grade 8,Public,Computer Science,3.7,7.5,4.4,86.0,67.0,Self Study,Yes,Yes,Low,High,72.0,91.0,Excellent,Needs better time management
R3517,S0534,2026-03-18,15.0,Female,Grade 10,International,Computer Science,4.2,5.6,4.2,76.0,88.0,Online Videos,Yes,Yes,Medium,High,88.0,98.0,Excellent,No Comment
R1363,S0712,2026-02-18,14.0,Male,Grade 9,Public,English,2.9,8.2,5.1,85.0,76.0,Self Study,No,Yes,Medium,High,82.0,86.0,Good,Improved this term
R0577,S0704,2026-02-02,14.0,Female,Grade 11,Private,English,1.6,8.8,5.4,83.0,99.0,Group Study,No,Yes,Medium,High,83.0,82.0,Good,Strong participation
R3467,S0270,2026-04-19,14.0,Female,Grade 9,Private,History,1.2,7.4,5.4,82.0,71.0,Group Study,Yes,Yes,Medium,High,89.0,86.0,Good,Often distracted
R0007,S0441,2026-02-27,15.0,Female,Grade 10,Private,English,2.6,6.3,3.5,77.0,85.0,Online Videos,No,Yes,Low,Medium,85.0,100.0,Excellent,Excellent focus
R1599,S0294,2026-02-27,16.0,Male,Grade 11,Private,Science,3.1,7.2,5.1,87.0,50.0,Online Videos,No,Yes,Low,Low,84.0,92.0,Excellent,Homework quality varies
R3759,S0745,2026-02-06,14.0,Male,Grade 9,Private,English,2.3,5.0,3.0,100.0,70.0,Private Tutor,Yes,Yes,Low,High,100.0,100.0,Excellent,Homework quality varies
R1095,S0511,2026-03-02,16.0,Male,Grade 11,International,Math,4.9,6.5,3.3,95.0,77.0,Private Tutor,No,Yes,Low,Medium,92.0,100.0,Excellent,Homework quality varies
R0803,S0433,2026-03-18,13.0,Female,Grade 8,Private,Science,5.1,7.1,4.2,95.0,92.0,Self Study,Yes,Yes,Low,Low,94.0,100.0,Excellent,Needs revision plan
R1574,S0310,2026-03-31,15.0,Male,Grade 10,Public,Science,1.5,7.4,3.5,75.0,49.0,Self Study,No,Yes,Low,High,82.0,81.0,Good,Excellent focus
R2870,S0164,2026-04-19,14.0,Female,Grade 9,Public,English,3.8,7.2,6.7,69.0,65.0,Group Study,Yes,Yes,Medium,Low,90.0,92.0,Excellent,Strong participation
R1432,S0271,2026-03-14,17.0,Male,Grade 12,Public,Computer Science,3.4,7.2,5.0,86.0,67.0,Group Study,No,Yes,Low,Medium,92.0,88.0,Good,No Comment
R0962,S0491,2026-02-05,16.0,Male,Grade 11,Private,History,0.5,7.0,2.3,74.0,87.0,Online Videos,No,Yes,Low,Low,56.0,63.0,Pass,Consistent effort
R0071,S0562,2026-04-02,15.0,Male,Grade 10,Private,English,3.2,7.2,3.2,89.0,81.0,Online Videos,Yes,Yes,Medium,High,97.0,97.0,Excellent,Strong participation
R2866,S0202,2026-03-03,17.0,Female,Grade 12,Public,Math,6.3,5.3,6.0,87.0,84.0,Self Study,No,Yes,Medium,Low,98.0,97.0,Excellent,No Comment
R1723,S0078,2026-04-01,15.0,Male,Grade 10,Private,Computer Science,3.1,7.7,5.1,99.0,46.0,Group Study,Yes,Yes,Low,Medium,82.0,83.0,Good,Homework quality varies
R2210,S0129,2026-02-27,13.0,Female,Grade 8,Public,Math,2.1,7.9,4.5,79.0,67.0,Self Study,No,Yes,Medium,Low,84.0,87.0,Good,Needs revision plan
R2337,S0384,2026-04-05,17.0,Female,Grade 9,Public,Computer Science,3.7,6.9,2.5,79.0,80.0,Notebook / Notes,No,Yes,Medium,High,88.0,96.0,Excellent,Strong participation
R3037,S0199,2026-03-23,13.0,Female,Grade 8,Private,English,1.7,7.5,4.6,95.0,44.0,Online Videos,No,Yes,Medium,High,91.0,82.0,Good,Strong participation
R1199,S0583,2026-02-07,17.0,Female,Grade 12,Public,Math,2.4,7.2,6.4,81.0,82.0,Self Study,No,Yes,Medium,Low,90.0,64.0,Pass,Good analytical thinking
R3352,S0033,2026-03-04,16.0,Female,Grade 11,Private,Computer Science,3.0,7.3,3.3,85.0,100.0,Notebook / Notes,No,Yes,Medium,High,98.0,100.0,Excellent,Consistent effort
R2577,S0520,2026-03-22,16.0,Male,Grade 11,Private,English,3.1,7.3,2.5,95.0,77.0,Notebook / Notes,No,Yes,Medium,High,91.0,96.0,Excellent,Absent during some activities
R2564,S0522,2026-02-13,16.0,Female,Grade 11,Public,Computer Science,2.9,6.3,3.9,79.0,100.0,Online Videos,No,Yes,Low,Medium,97.0,94.0,Excellent,Strong participation
R0327,S0189,2026-03-07,15.0,Female,Grade 10,Private,History,4.3,7.8,3.2,84.0,83.0,Group Study,Yes,Yes,Medium,High,89.0,100.0,Excellent,Absent during some activities
R3437,S0089,2026-02-21,16.0,Male,Grade 11,Public,English,2.5,9.2,6.4,96.0,82.0,Group Study,Yes,Yes,High,High,88.0,95.0,Excellent,Absent during some activities
R2441,S0408,2026-03-13,16.0,Female,Grade 11,Public,Computer Science,4.5,7.3,3.9,100.0,78.0,Online Videos,No,Yes,Medium,Medium,94.0,100.0,Excellent,Often distracted
R3795,S0668,2026-04-24,16.0,Male,Grade 11,Public,English,1.4,7.1,3.8,83.0,76.0,Group Study,No,Yes,Medium,High,98.0,90.0,Excellent,Homework quality varies
R1937,S0149,2026-04-14,15.0,Female,Grade 10,Public,Science,1.0,6.0,1.6,87.0,93.0,Group Study,No,Yes,Medium,High,78.0,94.0,Excellent,Strong participation
R1322,S0750,2026-03-11,17.0,Female,Grade 12,Private,Math,2.1,6.1,0.5,80.0,77.0,Private Tutor,No,Yes,Medium,High,86.0,91.0,Excellent,No Comment
R0572,S0194,2026-02-09,16.0,Female,Grade 11,International,Science,3.3,5.9,5.0,100.0,98.0,Self Study,Yes,Yes,Medium,High,100.0,97.0,Excellent,Needs revision plan
R0496,S0472,2026-03-05,14.0,Female,Grade 9,Public,History,5.0,7.1,6.6,87.0,63.0,Notebook / Notes,No,Yes,Low,High,97.0,100.0,Excellent,Needs revision plan
R0769,S0033,2026-04-25,15.0,Male,Grade 10,Public,Science,2.6,7.2,4.4,88.0,69.0,Notebook / Notes,No,Yes,High,Medium,93.0,93.0,Excellent,Needs better time management
R1067,S0493,2026-03-28,13.0,Female,Grade 8,International,History,2.3,7.8,5.4,66.0,69.0,Self Study,No,Yes,Low,Low,74.0,76.0,Good,Needs revision plan
R2642,S0358,2026-02-11,15.0,Male,Grade 10,Public,English,3.7,6.3,2.0,83.0,99.0,Private Tutor,No,Yes,Medium,Low,90.0,90.0,Excellent,Homework quality varies
R2245,S0004,2026-03-04,15.0,Female,Grade 10,Private,Science,2.3,8.2,4.2,78.0,64.0,Notebook / Notes,No,Yes,Low,High,85.0,100.0,Excellent,Strong participation
R0492,S0406,2026-02-18,17.0,Male,Grade 12,Public,History,0.9,7.0,3.3,82.0,66.0,Online Videos,Yes,Yes,Low,High,70.0,76.0,Good,No Comment
R2484,S0368,2026-04-08,14.0,Male,Grade 9,Public,Math,3.9,8.8,2.7,87.0,85.0,Self Study,No,Yes,Low,Medium,91.0,100.0,Excellent,Improved this term
R0996,S0177,2026-04-04,17.0,Male,Grade 12,Public,Computer Science,3.3,7.1,3.1,100.0,77.0,Private Tutor,No,No,Low,Medium,96.0,97.0,Excellent,Homework quality varies
R1853,S0153,2026-02-01,16.0,Male,Grade 11,Private,Computer Science,2.5,9.1,7.4,97.0,78.0,Private Tutor,No,Yes,Low,High,92.0,91.0,Excellent,No Comment
R0328,S0440,2026-04-14,17.0,Female,Grade 12,Private,History,2.5,6.5,4.4,87.0,76.0,Group Study,No,Yes,Medium,High,100.0,91.0,Excellent,Absent during some activities
R1803,S0712,2026-04-04,13.0,Male,Grade 8,International,Science,4.7,7.1,2.5,84.0,76.0,Private Tutor,Yes,No,High,High,90.0,95.0,Excellent,Consistent effort
R3893,S0332,2026-02-09,14.0,Male,Grade 9,Public,History,3.9,6.6,2.3,73.0,90.0,Notebook / Notes,No,Yes,Low,Low,83.0,94.0,Excellent,Improved this term
R0353,S0696,2026-02-04,13.0,Male,Grade 8,Private,Computer Science,5.2,7.6,5.3,87.0,76.0,Self Study,No,Yes,Medium,Medium,73.0,91.0,Excellent,Good analytical thinking
R2123,S0369,2026-02-17,17.0,Female,Grade 12,Public,Science,3.1,8.7,5.2,79.0,45.0,Online Videos,No,Yes,Medium,Medium,84.0,71.0,Pass,Homework quality varies
R1934,S0731,2026-04-22,16.0,Female,Grade 11,International,Math,3.2,5.4,1.4,73.0,70.0,Notebook / Notes,No,No,Medium,High,79.0,89.0,Good,Excellent focus
R1298,S0558,2026-03-10,16.0,Female,Grade 11,Public,History,1.7,6.8,7.0,90.0,76.0,Self Study,Yes,No,Medium,High,65.0,68.0,Pass,Homework quality varies
R3428,S0259,2026-03-13,16.0,Female,Grade 11,International,Science,2.7,8.8,5.3,100.0,76.0,Self Study,Yes,Yes,Low,High,90.0,100.0,Excellent,Absent during some activities
R3000,S0426,2026-02-24,14.0,Female,Grade 9,International,English,5.5,7.9,3.8,97.0,90.0,Online Videos,No,Yes,Medium,Medium,94.0,100.0,Excellent,No Comment
R0910,S0193,2026-04-02,17.0,Male,Grade 12,Private,History,3.7,6.3,7.3,78.0,88.0,Group Study,Yes,Yes,Medium,Low,99.0,100.0,Excellent,Consistent effort
R3551,S0225,2026-04-14,16.0,Male,Grade 11,International,English,5.1,7.6,4.0,94.0,72.0,Group Study,No,Yes,Medium,Low,90.0,94.0,Excellent,No Comment
R3335,S0303,2026-04-28,17.0,Female,Grade 12,International,Math,2.0,4.8,1.7,89.0,61.0,Group Study,No,Yes,Medium,Medium,77.0,70.0,Pass,No Comment
R2549,S0638,2026-05-01,14.0,Male,Grade 9,Public,English,1.7,6.2,3.6,92.0,56.0,Self Study,No,Yes,Medium,High,83.0,76.0,Good,Strong participation
R1252,S0574,2026-03-24,15.0,Male,Grade 10,International,Computer Science,2.6,7.2,3.6,88.0,67.0,Private Tutor,No,No,Low,Medium,96.0,90.0,Excellent,Improved this term
R3367,S0464,2026-03-26,15.0,Female,Grade 10,International,English,3.1,7.3,2.9,93.0,55.0,Self Study,No,Yes,Medium,High,100.0,92.0,Excellent,Good analytical thinking
R1449,S0707,2026-04-02,13.0,Male,Grade 8,Private,History,3.8,7.2,2.2,82.0,100.0,Self Study,Yes,Yes,Medium,Low,92.0,100.0,Excellent,Excellent focus
R0231,S0150,2026-02-21,17.0,Male,Grade 12,Public,Math,2.7,6.4,6.8,94.0,66.0,Private Tutor,Yes,No,Medium,Medium,100.0,95.0,Excellent,Absent during some activities
R3543,S0548,2026-03-01,16.0,Female,Grade 9,Private,Computer Science,2.0,6.8,5.0,99.0,71.0,Self Study,No,Yes,Low,Medium,73.0,78.0,Good,Strong participation
R1408,S0117,2026-04-26,14.0,Male,Grade 9,International,Science,4.3,7.9,6.4,85.0,58.0,Self Study,Yes,Yes,Low,Medium,96.0,100.0,Excellent,Improved this term
R0230,S0314,2026-04-23,13.0,Female,Grade 8,Public,English,3.2,7.4,4.2,90.0,76.0,Group Study,Yes,Yes,Medium,High,91.0,92.0,Excellent,Improved this term
R2516,S0143,2026-04-14,17.0,Male,Grade 12,Public,English,2.3,6.4,5.4,79.0,87.0,Notebook / Notes,No,No,Low,Low,75.0,81.0,Good,Absent during some activities
R2109,S0250,2026-03-07,14.0,Female,Grade 9,Public,Computer Science,2.8,6.2,4.1,96.0,68.0,Notebook / Notes,No,Yes,High,High,88.0,79.0,Good,Needs revision plan
R0601,S0488,2026-05-01,17.0,Female,Grade 12,Private,English,3.8,5.9,4.1,87.0,76.0,Online Videos,No,Yes,Medium,Medium,90.0,93.0,Excellent,Homework quality varies
R1282,S0575,2026-04-09,15.0,Female,Grade 10,Private,Math,4.6,5.1,7.5,96.0,89.0,Private Tutor,No,Yes,Low,High,91.0,92.0,Excellent,No Comment
R0217,S0389,2026-03-31,17.0,Male,Grade 12,Private,Computer Science,1.1,9.4,3.8,87.0,95.0,Private Tutor,No,Yes,Medium,Low,86.0,90.0,Excellent,Often distracted
R2630,S0100,2026-04-14,13.0,Male,Grade 8,Private,History,2.6,8.3,6.0,70.0,60.0,Self Study,No,Yes,High,Medium,76.0,86.0,Good,Improved this term
R1490,S0710,2026-06-02,17.0,Female,Grade 12,Private,History,3.5,7.8,1.3,76.0,80.0,Self Study,No,Yes,Medium,Medium,91.0,100.0,Excellent,Needs better time management
R3601,S0448,2026-04-21,16.0,Female,Grade 11,Private,Computer Science,4.7,8.6,4.8,97.0,96.0,Online Videos,Yes,No,Medium,Medium,87.0,100.0,Excellent,Absent during some activities
R3235,S0044,2026-03-06,17.0,Female,Grade 12,International,Math,3.1,7.6,5.1,65.0,98.0,Self Study,No,Yes,High,High,71.0,76.0,Good,Often distracted
R3323,S0509,2026-02-25,14.0,Male,Grade 9,Private,English,4.5,7.0,5.1,87.0,66.0,Self Study,No,Yes,Medium,High,88.0,95.0,Excellent,Good analytical thinking
R1412,S0348,2026-02-03,13.0,Male,Grade 8,Private,Science,1.9,5.8,7.0,95.0,87.0,Self Study,Yes,No,High,High,90.0,94.0,Excellent,No Comment
R0890,S0692,2026-04-28,15.0,Male,Grade 10,Private,History,2.1,7.3,2.7,78.0,48.0,Self Study,No,Yes,Medium,Medium,73.0,77.0,Good,Absent during some activities
R0697,S0648,2026-03-23,16.0,Female,Grade 11,Private,Math,3.1,8.7,3.0,84.0,76.0,Self Study,No,Yes,Medium,High,87.0,100.0,Excellent,Needs better time management
R1278,S0490,2026-02-17,15.0,Female,Grade 10,Private,Computer Science,4.2,7.2,3.2,96.0,93.0,Online Videos,No,Yes,Medium,Medium,97.0,99.0,Excellent,Often distracted
R1658,S0125,2026-04-22,13.0,Female,Grade 8,Private,History,4.0,5.4,4.2,81.0,71.0,Online Videos,Yes,No,Low,Medium,100.0,92.0,Excellent,Improved this term
R3187,S0024,2026-03-12,13.0,Female,Grade 8,Public,History,5.1,8.6,4.4,88.0,83.0,Self Study,No,Yes,High,Low,100.0,100.0,Excellent,Needs better time management
R0219,S0044,2026-03-28,14.0,Female,Grade 9,Public,Computer Science,3.7,6.6,4.3,77.0,83.0,Self Study,Yes,Yes,Medium,Medium,100.0,97.0,Excellent,No Comment
R1834,S0353,2026-03-15,15.0,Female,Grade 10,Public,History,5.8,9.3,4.1,66.0,71.0,Online Videos,No,Yes,Medium,High,96.0,100.0,Excellent,Absent during some activities
R1193,S0526,2026-04-09,17.0,Female,Grade 12,Private,Math,3.5,7.1,4.2,100.0,59.0,Self Study,No,Yes,Low,Low,83.0,92.0,Good,Good analytical thinking
R2451,S0069,2026-02-11,14.0,Female,Grade 9,International,Computer Science,1.7,7.7,4.2,84.0,64.0,Self Study,No,Yes,Medium,Medium,72.0,79.0,Good,Improved this term
R3569,S0154,2026-04-15,14.0,Female,Grade 12,Public,English,2.8,6.9,3.9,86.0,68.0,Online Videos,Yes,No,Low,Medium,100.0,100.0,Excellent,Consistent effort
R2726,S0140,2026-03-12,17.0,Male,Grade 12,Public,Computer Science,2.9,7.2,5.0,80.0,100.0,Notebook / Notes,No,Yes,Medium,High,95.0,95.0,Excellent,Often distracted
R2024,S0704,2026-04-15,13.0,Male,Grade 8,International,Computer Science,4.1,8.8,3.7,85.0,73.0,Self Study,No,Yes,Low,Medium,100.0,100.0,Excellent,Strong participation
R2128,S0375,2026-02-14,16.0,Male,Grade 11,Public,Science,2.9,7.2,8.0,80.0,59.0,Private Tutor,Yes,Yes,Medium,High,73.0,81.0,Good,Consistent effort
R0581,S0555,2026-03-24,15.0,Male,Grade 10,Public,Computer Science,1.1,8.4,0.5,78.0,78.0,Group Study,No,Yes,Low,High,100.0,96.0,Excellent,Needs better time management
R1782,S0481,2026-03-20,15.0,Female,Grade 10,International,English,5.2,5.3,2.4,84.0,71.0,Group Study,Yes,Yes,Medium,Low,100.0,100.0,Excellent,Needs better time management
R2662,S0159,2026-03-08,17.0,Male,Grade 12,International,Math,1.9,7.6,3.9,100.0,74.0,Online Videos,No,Yes,Medium,High,97.0,91.0,Excellent,Homework quality varies
R2741,S0418,2026-03-16,16.0,Male,Grade 11,Public,English,2.5,7.1,3.2,83.0,88.0,Group Study,No,Yes,Medium,Low,100.0,94.0,Excellent,Needs revision plan
R0306,S0548,2026-07-04,13.0,Male,Grade 8,International,Science,4.4,7.4,3.5,75.0,63.0,Self Study,No,Yes,Low,High,94.0,97.0,Excellent,Improved this term
R0591,S0480,2026-03-04,16.0,Male,Grade 8,Private,History,4.3,6.4,1.4,88.0,52.0,Group Study,Yes,Yes,High,Low,90.0,95.0,Excellent,Often distracted
R0586,S0601,2026-04-28,15.0,Female,Grade 10,Public,Math,3.6,7.2,4.2,92.0,74.0,Group Study,No,Yes,Medium,Medium,90.0,97.0,Excellent,Good analytical thinking
R1643,S0024,2026-04-02,17.0,Female,Grade 12,Public,Math,3.6,6.9,4.1,80.0,61.0,Notebook / Notes,Yes,No,Medium,High,96.0,88.0,Good,Needs better time management
R1670,S0097,2026-02-11,14.0,Male,Grade 9,Private,Computer Science,2.7,8.4,6.7,79.0,72.0,Online Videos,Yes,No,Medium,High,82.0,100.0,Excellent,Strong participation
R3069,S0338,2026-03-08,15.0,Female,Grade 9,Public,History,1.3,7.4,3.5,90.0,75.0,Private Tutor,Yes,Yes,Medium,Medium,87.0,79.0,Good,Good analytical thinking
R1851,S0390,2026-02-14,14.0,Female,Grade 9,Public,History,1.1,7.2,5.1,83.0,91.0,Online Videos,Yes,Yes,Low,High,89.0,91.0,Excellent,Improved this term
R1908,S0736,2026-04-03,16.0,Female,Grade 11,Private,English,4.1,6.9,4.8,77.0,87.0,Self Study,No,Yes,Low,High,86.0,93.0,Excellent,Excellent focus
R1348,S0300,2026-03-04,17.0,Male,Grade 9,Public,Computer Science,2.2,7.6,2.8,76.0,83.0,Self Study,No,Yes,High,Medium,100.0,99.0,Excellent,Often distracted
R2567,S0274,2026-03-14,17.0,Male,Grade 11,Private,Science,4.3,9.0,0.6,86.0,73.0,Self Study,Yes,No,Low,High,94.0,99.0,Excellent,Improved this term
R2593,S0403,2026-03-30,17.0,Male,Grade 9,Public,Science,2.3,7.2,6.7,100.0,63.0,Self Study,No,Yes,Medium,High,95.0,100.0,Excellent,No Comment
R3277,S0190,2026-02-18,13.0,Female,Grade 8,Private,English,3.2,6.5,4.6,90.0,84.0,Self Study,Yes,Yes,High,Medium,85.0,94.0,Excellent,No Comment
R3738,S0685,2026-02-13,16.0,Female,Grade 11,Private,Math,4.2,8.6,5.0,86.0,59.0,Group Study,No,Yes,High,Medium,96.0,99.0,Excellent,Homework quality varies
R1272,S0510,2026-02-11,13.0,Male,Grade 8,Public,History,4.6,7.8,4.2,85.0,76.0,Private Tutor,No,Yes,Medium,Medium,91.0,93.0,Excellent,Often distracted
R0638,S0449,2026-02-12,14.0,Male,Grade 9,Private,Science,2.7,7.1,4.5,79.0,35.0,Online Videos,No,Yes,Medium,Low,83.0,81.0,Good,No Comment
R0073,S0682,2026-04-08,17.0,Female,Grade 12,Private,Science,4.1,9.0,5.5,72.0,97.0,Self Study,Yes,Yes,Medium,High,100.0,100.0,Excellent,Homework quality varies
R0895,S0019,2026-03-20,13.0,Male,Grade 8,Private,Computer Science,3.2,7.1,4.4,87.0,78.0,Group Study,No,Yes,Medium,Medium,86.0,79.0,Good,Excellent focus
R2185,S0251,2026-04-28,17.0,Male,Grade 12,Public,History,3.4,7.9,4.2,88.0,100.0,Online Videos,Yes,Yes,Low,High,92.0,100.0,Excellent,No Comment
R1001,S0573,2026-04-23,13.0,Male,Grade 8,Public,English,3.3,7.1,3.8,87.0,80.0,Group Study,No,Yes,Low,Medium,89.0,90.0,Excellent,Needs revision plan
R0585,S0057,2026-04-28,16.0,Female,Grade 11,Public,Math,4.9,8.1,4.1,85.0,83.0,Online Videos,Yes,Yes,Medium,High,100.0,100.0,Excellent,Homework quality varies
R0167,S0147,2026-03-09,13.0,Male,Grade 8,International,Math,4.0,6.3,3.7,76.0,72.0,Notebook / Notes,No,Yes,Low,Medium,97.0,95.0,Excellent,Homework quality varies
R2748,S0528,2026-03-24,16.0,Female,Grade 11,Public,English,5.0,5.2,5.6,99.0,77.0,Notebook / Notes,No,Yes,Medium,Medium,89.0,96.0,Excellent,Improved this term
R2139,S0736,2026-04-16,14.0,Male,Grade 9,Public,History,5.1,7.3,5.7,87.0,65.0,Self Study,No,Yes,Medium,Medium,100.0,100.0,Excellent,Strong participation
R0905,S0314,2026-02-07,15.0,Male,Grade 10,Public,English,1.0,9.2,6.1,90.0,67.0,Self Study,No,Yes,High,Medium,86.0,86.0,Good,Needs revision plan
R3139,S0547,2026-03-16,13.0,Female,Grade 12,Public,Math,4.6,8.3,3.6,87.0,87.0,Self Study,No,Yes,Low,Medium,96.0,100.0,Excellent,Homework quality varies
R2671,S0493,2026-03-31,15.0,Male,Grade 11,Public,Math,3.1,6.1,5.0,89.0,81.0,Private Tutor,No,No,Medium,Medium,84.0,100.0,Excellent,Absent during some activities
R0663,S0615,2026-03-18,15.0,Male,Grade 10,Public,Math,2.2,7.2,3.4,100.0,74.0,Self Study,Yes,Yes,Medium,Medium,97.0,97.0,Excellent,Often distracted
R2383,S0048,2026-03-19,17.0,Female,Grade 12,International,Science,2.3,5.4,4.2,99.0,54.0,Self Study,Yes,Yes,Medium,High,89.0,89.0,Good,Homework quality varies
R0002,S0253,2026-02-18,14.0,Female,Grade 9,Public,History,5.0,7.5,2.6,100.0,91.0,Self Study,No,Yes,Low,Medium,90.0,100.0,Excellent,Excellent focus
R1523,S0475,2026-02-06,14.0,Female,Grade 9,Private,Computer Science,1.6,6.9,4.2,79.0,72.0,Online Videos,No,Yes,Medium,Low,90.0,76.0,Good,Often distracted
R1532,S0508,2026-04-04,17.0,Female,Grade 12,International,Math,4.9,6.5,3.1,100.0,61.0,Group Study,No,Yes,Medium,High,97.0,100.0,Excellent,Absent during some activities
R2924,S0712,2026-03-28,15.0,Male,Grade 10,Public,Science,3.8,6.3,1.6,88.0,54.0,Self Study,No,Yes,Medium,Medium,100.0,99.0,Excellent,Improved this term
R1666,S0285,2026-04-06,16.0,Male,Grade 11,International,Computer Science,3.6,6.2,4.5,87.0,93.0,Online Videos,Yes,Yes,Low,Medium,98.0,100.0,Excellent,Strong participation
R1985,S0544,2026-04-18,16.0,Female,Grade 11,Public,History,3.2,6.2,4.8,87.0,81.0,Online Videos,Yes,Yes,Medium,Medium,100.0,99.0,Excellent,Homework quality varies
R1217,S0736,2026-04-27,14.0,Male,Grade 9,International,Math,3.4,6.2,2.8,87.0,78.0,Group Study,No,Yes,Low,High,100.0,99.0,Excellent,Excellent focus
R2452,S0303,2026-04-02,13.0,Male,Grade 8,International,Computer Science,1.1,6.4,6.2,82.0,48.0,Online Videos,No,Yes,Medium,High,79.0,71.0,Pass,Consistent effort
R1756,S0613,2026-03-31,15.0,Female,Grade 10,Public,Computer Science,3.3,6.5,6.5,87.0,66.0,Online Videos,No,No,High,Medium,90.0,93.0,Excellent,Absent during some activities
R0287,S0179,2026-04-19,14.0,Male,Grade 9,Public,Math,2.5,7.2,2.0,100.0,70.0,Online Videos,Yes,Yes,Medium,High,85.0,89.0,Good,Needs revision plan
R1633,S0726,2026-03-24,17.0,Female,Grade 12,Private,Computer Science,1.5,7.4,5.7,100.0,85.0,Notebook / Notes,Yes,Yes,Medium,Medium,93.0,93.0,Excellent,No Comment
R3869,S0125,2026-02-22,17.0,Male,Grade 12,Public,Computer Science,0.7,8.2,3.3,89.0,65.0,Notebook / Notes,No,Yes,Low,Medium,79.0,84.0,Good,Homework quality varies
R0137,S0623,2026-03-07,14.0,Male,Grade 9,Public,Math,3.2,7.6,5.4,86.0,100.0,Group Study,Yes,Yes,High,Medium,80.0,88.0,Good,Needs better time management
R1188,S0254,2026-03-23,17.0,Male,Grade 12,Public,Computer Science,2.9,6.8,4.2,93.0,80.0,Online Videos,Yes,Yes,Medium,Low,92.0,100.0,Excellent,Often distracted
R0847,S0115,2026-04-15,15.0,Female,Grade 10,Public,Math,3.2,6.9,4.8,75.0,98.0,Group Study,Yes,Yes,Medium,Medium,89.0,92.0,Excellent,No Comment
R1665,S0301,2026-04-07,14.0,Female,Grade 10,Private,Science,4.0,5.7,4.0,89.0,60.0,Private Tutor,No,No,Medium,Medium,98.0,93.0,Excellent,Strong participation
R0221,S0111,2026-03-08,17.0,Male,Grade 12,Private,English,3.3,7.4,0.5,98.0,60.0,Notebook / Notes,No,Yes,Low,Medium,90.0,91.0,Excellent,No Comment
R3319,S0624,2026-02-15,14.0,Male,Grade 10,Public,Math,3.3,6.6,4.0,81.0,80.0,Notebook / Notes,Yes,No,Medium,Medium,100.0,97.0,Excellent,No Comment
R2057,S0347,2026-02-10,17.0,Male,Grade 12,Public,Math,4.6,4.9,3.4,86.0,81.0,Private Tutor,No,Yes,Medium,Medium,92.0,100.0,Excellent,Needs revision plan
R0320,S0388,2026-03-26,13.0,Female,Grade 8,Public,History,3.6,8.8,2.9,83.0,97.0,Self Study,No,No,Low,Medium,100.0,100.0,Excellent,Good analytical thinking
R0164,S0563,2026-03-27,13.0,Female,Grade 8,Public,English,2.2,7.4,4.2,71.0,69.0,Group Study,No,Yes,Medium,Low,71.0,85.0,Good,Improved this term
R3113,S0274,2026-02-04,13.0,Female,Grade 8,Public,History,4.5,6.3,5.2,100.0,72.0,Group Study,No,Yes,High,Low,68.0,79.0,Good,Consistent effort
R3011,S0440,2026-04-25,15.0,Male,Grade 10,International,History,4.2,5.2,3.5,89.0,67.0,Private Tutor,Yes,Yes,High,Medium,94.0,99.0,Excellent,Improved this term
R0625,S0375,2026-03-09,13.0,Female,Grade 8,International,Science,5.0,6.0,4.9,92.0,61.0,Private Tutor,Yes,Yes,High,Low,95.0,91.0,Excellent,Absent during some activities
R1277,S0728,2026-02-19,14.0,Male,Grade 9,Public,Computer Science,3.7,7.7,4.9,76.0,98.0,Online Videos,No,Yes,Low,Medium,80.0,90.0,Excellent,Improved this term
R3301,S0630,2026-02-01,16.0,Male,Grade 9,Public,English,4.5,7.5,2.0,92.0,52.0,Online Videos,No,No,Medium,Medium,98.0,97.0,Excellent,Good analytical thinking
R2737,S0089,2026-02-08,15.0,Female,Grade 10,Private,Science,3.2,6.8,6.4,83.0,64.0,Private Tutor,Yes,Yes,High,High,68.0,74.0,Pass,Needs better time management
R0997,S0271,2026-02-18,13.0,Female,Grade 8,Public,Science,4.8,7.9,7.1,75.0,76.0,Private Tutor,Yes,Yes,High,Medium,100.0,97.0,Excellent,Needs revision plan
R1686,S0181,2026-04-16,15.0,Female,Grade 10,Private,Math,2.6,7.7,4.9,83.0,76.0,Self Study,Yes,Yes,Medium,High,95.0,85.0,Good,Strong participation
R1151,S0732,2026-04-09,17.0,Female,Grade 9,International,History,2.7,7.5,5.2,84.0,84.0,Group Study,No,Yes,Medium,Medium,100.0,88.0,Excellent,Consistent effort
R3225,S0742,2026-03-13,16.0,Male,Grade 11,Public,Computer Science,2.7,8.9,4.2,75.0,74.0,Self Study,Yes,Yes,Low,Low,89.0,100.0,Excellent,Excellent focus
R3198,S0316,2026-03-18,17.0,Male,Grade 12,Public,History,3.0,6.8,5.2,86.0,60.0,Online Videos,No,Yes,Low,Low,75.0,72.0,Pass,Excellent focus
R0751,S0176,2026-02-13,15.0,Male,Grade 10,Private,Math,3.4,7.2,7.5,85.0,87.0,Online Videos,No,No,High,High,67.0,92.0,Pass,Absent during some activities
R1557,S0546,2026-04-10,17.0,Male,Grade 12,International,Math,3.9,7.2,5.2,68.0,85.0,Group Study,No,Yes,High,High,76.0,92.0,Good,Needs better time management
R1743,S0680,2026-02-12,14.0,Female,Grade 9,Private,English,2.7,8.1,5.8,80.0,84.0,Notebook / Notes,No,Yes,Low,High,100.0,96.0,Excellent,Needs better time management
R3440,S0630,2026-04-17,16.0,Male,Grade 11,Public,History,5.7,6.1,2.9,92.0,88.0,Group Study,No,Yes,Medium,Medium,100.0,98.0,Excellent,No Comment
R1404,S0419,2026-04-13,13.0,Female,Grade 8,International,Science,2.2,7.6,5.7,79.0,99.0,Self Study,No,Yes,Medium,Low,81.0,83.0,Good,Consistent effort
R0616,S0294,2026-04-05,16.0,Male,Grade 11,Public,Math,4.8,4.6,3.7,81.0,67.0,Private Tutor,No,Yes,Low,Medium,82.0,91.0,Excellent,Consistent effort
R3453,S0504,2026-05-01,13.0,Female,Grade 8,International,English,1.9,8.3,5.6,90.0,86.0,Self Study,No,Yes,Low,Medium,83.0,83.0,Good,Consistent effort
R1281,S0606,2026-04-03,17.0,Male,Grade 12,Private,Math,4.2,6.8,5.5,82.0,73.0,Notebook / Notes,No,Yes,High,High,84.0,90.0,Excellent,Needs better time management
R3760,S0592,2026-02-12,15.0,Female,Grade 10,Public,Computer Science,1.7,6.2,4.9,72.0,77.0,Group Study,No,Yes,Medium,High,73.0,72.0,Pass,Often distracted
R2856,S0543,2026-02-24,15.0,Female,Grade 10,Public,Computer Science,4.0,7.1,4.2,86.0,68.0,Online Videos,No,Yes,Low,High,87.0,90.0,Excellent,Good analytical thinking
R2038,S0745,2026-02-01,13.0,Female,Grade 8,International,History,1.7,5.7,2.8,89.0,81.0,Private Tutor,Yes,Yes,Medium,Medium,74.0,86.0,Good,Absent during some activities
R0664,S0016,2026-03-18,13.0,Male,Grade 8,Private,English,3.7,7.5,1.5,84.0,49.0,Self Study,Yes,No,High,High,90.0,96.0,Excellent,No Comment
R0886,S0697,2026-02-05,14.0,Female,Grade 8,International,History,2.4,7.0,2.2,87.0,75.0,Self Study,No,Yes,Medium,Medium,79.0,85.0,Good,Homework quality varies
R0592,S0680,2026-03-20,17.0,Male,Grade 12,Private,History,4.8,7.6,3.4,90.0,48.0,Private Tutor,No,Yes,Medium,High,87.0,99.0,Excellent,Homework quality varies
R0088,S0485,2026-04-22,16.0,Female,Grade 11,Private,Math,3.2,8.2,3.0,83.0,90.0,Notebook / Notes,No,Yes,Low,High,88.0,94.0,Excellent,Needs better time management
R0083,S0643,2026-02-20,17.0,Male,Grade 12,Public,English,3.3,7.2,3.3,94.0,37.0,Self Study,No,Yes,High,High,76.0,80.0,Good,Needs revision plan
R1725,S0287,2026-02-23,13.0,Male,Grade 8,Public,Computer Science,3.3,8.7,4.2,86.0,83.0,Online Videos,No,Yes,High,Medium,85.0,90.0,Excellent,Absent during some activities
R0806,S0495,2026-03-13,14.0,Male,Grade 9,Private,History,3.4,8.7,5.2,90.0,76.0,Self Study,Yes,No,Medium,Medium,94.0,92.0,Excellent,No Comment
R0159,S0268,2026-02-13,17.0,Male,Grade 12,Public,Math,3.3,6.5,5.4,90.0,87.0,Self Study,No,Yes,Low,Medium,92.0,90.0,Excellent,Consistent effort
R1552,S0217,2026-02-10,15.0,Female,Grade 10,Public,Math,1.7,8.1,3.5,81.0,75.0,Online Videos,Yes,Yes,Medium,Medium,100.0,92.0,Excellent,Improved this term
R3025,S0433,2026-09-02,16.0,Male,Grade 11,Public,History,3.6,6.9,5.1,88.0,92.0,Self Study,No,Yes,Low,Medium,90.0,85.0,Good,Consistent effort
R1066,S0014,2026-02-20,16.0,Female,Grade 11,Public,Computer Science,1.6,6.3,5.1,90.0,67.0,Private Tutor,No,Yes,Low,Medium,75.0,74.0,Pass,Good analytical thinking
R0552,S0447,2026-04-14,13.0,Female,Grade 8,Public,Science,3.2,7.2,1.8,93.0,61.0,Group Study,Yes,Yes,Low,Medium,70.0,77.0,Good,Consistent effort
R2304,S0593,2026-02-19,17.0,Female,Grade 12,Private,English,3.2,8.3,2.9,88.0,100.0,Self Study,No,Yes,Low,High,93.0,98.0,Excellent,-
R0399,S0425,2026-02-23,16.0,Female,Grade 11,Public,History,3.8,8.9,6.3,73.0,63.0,Online Videos,Yes,Yes,High,Low,100.0,100.0,Excellent,Consistent effort
R1535,S0163,2026-03-13,15.0,Female,Grade 10,Public,Computer Science,3.4,8.1,2.4,93.0,70.0,Self Study,No,Yes,Medium,High,98.0,92.0,Needs Improvement,Strong participation
R2984,S0480,2026-02-12,16.0,Female,Grade 11,Public,Math,3.0,8.5,3.6,81.0,100.0,Private Tutor,Yes,Yes,Medium,High,100.0,97.0,Excellent,Good analytical thinking
R0500,S0098,2026-03-24,13.0,Male,Grade 8,Public,Science,5.8,7.9,2.7,78.0,84.0,Group Study,No,Yes,High,Medium,91.0,100.0,Excellent,Needs revision plan
R2569,S0618,2026-02-07,14.0,Male,Grade 9,Private,History,1.3,5.9,2.0,91.0,69.0,Notebook / Notes,Yes,Yes,Medium,Medium,98.0,97.0,Excellent,Excellent focus
R2340,S0389,2026-03-25,14.0,Male,Grade 9,International,Math,1.2,6.4,5.7,84.0,100.0,Self Study,No,Yes,Medium,Medium,56.0,92.0,Pass,Often distracted
R1444,S0243,2026-04-27,13.0,Female,Grade 8,Public,Science,2.7,7.2,4.5,97.0,78.0,Group Study,Yes,Yes,Medium,Medium,100.0,100.0,Excellent,Absent during some activities
R0846,S0351,2026-03-10,15.0,Male,Grade 10,Private,Computer Science,1.9,7.4,2.8,89.0,91.0,Online Videos,No,Yes,Medium,Medium,93.0,92.0,Excellent,Improved this term
R0288,S0109,2026-04-23,16.0,Male,Grade 11,Private,Computer Science,2.4,6.3,6.7,91.0,85.0,Notebook / Notes,No,Yes,Medium,Low,92.0,99.0,Excellent,Often distracted
R3272,S0175,2026-03-22,16.0,Male,Grade 11,Public,History,2.7,7.4,5.9,90.0,71.0,Notebook / Notes,Yes,No,Medium,High,90.0,85.0,Good,No Comment
R1108,S0203,2026-03-02,14.0,Female,Grade 9,Public,Math,1.4,7.1,7.2,88.0,69.0,Private Tutor,Yes,Yes,High,Medium,58.0,72.0,Pass,Consistent effort
R3290,S0579,2026-02-19,13.0,Male,Grade 8,Public,English,3.0,7.4,5.2,90.0,95.0,Self Study,No,Yes,Low,High,95.0,95.0,Excellent,Strong participation
R0948,S0683,2026-03-01,17.0,Female,Grade 12,Private,Science,4.1,7.3,2.9,87.0,37.0,Group Study,Yes,Yes,Low,Medium,100.0,93.0,Excellent,Improved this term
R0274,S0065,2026-02-07,15.0,Male,Grade 10,Public,English,1.9,7.3,3.8,78.0,84.0,Self Study,Yes,Yes,Low,High,91.0,93.0,Excellent,Absent during some activities
R2739,S0518,2026-04-19,15.0,Female,Grade 10,Public,Computer Science,4.1,6.6,4.2,92.0,96.0,Private Tutor,Yes,Yes,High,Low,96.0,91.0,Excellent,Absent during some activities
R0798,S0313,2026-02-11,17.0,Male,Grade 12,Public,History,3.1,8.1,2.8,93.0,46.0,Online Videos,Yes,Yes,Medium,High,100.0,100.0,Excellent,Consistent effort
R0129,S0518,2026-03-27,15.0,Male,Grade 10,Public,Science,3.7,8.1,4.2,83.0,36.0,Self Study,Yes,Yes,Medium,High,83.0,90.0,Excellent,No Comment
R0716,S0746,2026-02-08,16.0,Male,Grade 11,Private,Computer Science,3.5,8.1,4.8,86.0,100.0,Online Videos,Yes,Yes,Low,Low,98.0,99.0,Excellent,Needs revision plan
R0127,S0681,2026-02-13,16.0,Female,Grade 11,International,Math,1.5,7.2,4.2,89.0,80.0,Private Tutor,No,Yes,Low,Low,89.0,86.0,Good,Strong participation
R1786,S0746,2026-02-18,16.0,Male,Grade 11,International,History,1.5,7.1,5.9,87.0,84.0,Self Study,No,Yes,Low,Medium,88.0,83.0,Good,Often distracted
R2212,S0487,2026-03-11,15.0,Female,Grade 10,International,Science,1.9,7.3,5.1,87.0,74.0,Self Study,No,Yes,High,Medium,78.0,86.0,Good,No Comment
R3868,S0003,2026-04-19,14.0,Male,Grade 8,Public,English,2.6,8.5,0.6,94.0,87.0,Private Tutor,Yes,Yes,Medium,High,99.0,100.0,Excellent,Absent during some activities
R1302,S0593,2026-04-13,16.0,Female,Grade 11,International,History,2.5,7.4,2.9,84.0,81.0,Private Tutor,Yes,Yes,Medium,High,100.0,97.0,Excellent,Needs better time management
R3150,S0007,2026-02-03,15.0,Female,Grade 11,Public,Science,3.2,9.4,3.6,66.0,64.0,Group Study,No,No,Medium,Medium,86.0,88.0,Good,Good analytical thinking
R3662,S0378,2026-03-05,14.0,Male,Grade 9,Public,English,2.2,7.3,4.5,94.0,77.0,Group Study,Yes,Yes,Medium,High,100.0,92.0,Excellent,Needs revision plan
R0793,S0061,2026-03-14,17.0,Female,Grade 12,Private,English,2.2,7.0,5.2,89.0,65.0,Group Study,No,Yes,High,Low,56.0,73.0,Pass,No Comment
R1973,S0055,2026-02-16,13.0,Female,Grade 8,Public,Math,3.2,7.9,5.3,93.0,60.0,Private Tutor,Yes,No,High,Low,90.0,100.0,Excellent,Absent during some activities
R2670,S0569,2026-02-18,15.0,Male,Grade 10,Public,Science,4.3,6.3,4.0,88.0,76.0,Online Videos,No,Yes,Medium,Low,82.0,100.0,Excellent,Strong participation
R3362,S0420,2026-03-11,14.0,Female,Grade 9,Public,Math,5.1,8.5,5.7,84.0,81.0,Notebook / Notes,No,Yes,Low,High,99.0,100.0,Excellent,No Comment
R0810,S0187,2026-03-25,13.0,Female,Grade 8,International,Math,2.8,8.4,5.8,95.0,78.0,Notebook / Notes,No,Yes,Medium,Medium,79.0,80.0,Good,Consistent effort
R0684,S0039,2026-02-27,13.0,Male,Grade 8,Public,Science,3.9,6.4,4.0,75.0,100.0,Self Study,No,Yes,High,Medium,86.0,95.0,Excellent,Improved this term
R3186,S0527,2026-02-21,15.0,Female,Grade 10,Public,Computer Science,3.8,7.9,5.8,88.0,46.0,Online Videos,No,Yes,Medium,Low,62.0,71.0,Pass,Needs revision plan
R0139,S0673,2026-02-20,13.0,Male,Grade 8,International,Math,3.2,6.5,4.1,88.0,84.0,Notebook / Notes,No,Yes,Medium,Low,81.0,81.0,Good,Homework quality varies
R1154,S0189,2026-02-19,15.0,Male,Grade 10,Public,History,2.6,8.8,4.5,100.0,57.0,Online Videos,Yes,Yes,Medium,Medium,93.0,99.0,Excellent,Good analytical thinking
R2677,S0288,2026-04-03,13.0,Female,Grade 8,Public,Computer Science,3.1,7.0,5.0,90.0,85.0,Self Study,No,Yes,High,Medium,76.0,80.0,Good,Excellent focus
R2132,S0395,2026-03-03,13.0,Male,Grade 8,Public,History,3.1,6.8,3.3,85.0,49.0,Private Tutor,Yes,Yes,Low,Medium,90.0,83.0,Good,Excellent focus
R2417,S0677,2026-03-18,16.0,Male,Grade 11,Private,History,3.2,7.7,5.4,91.0,45.0,Group Study,No,Yes,Medium,Low,64.0,76.0,Good,No Comment
R0162,S0627,2026-02-08,13.0,Female,Grade 8,Public,Math,4.1,6.7,2.8,89.0,100.0,Private Tutor,No,Yes,Low,High,90.0,100.0,Excellent,Needs revision plan
R0253,S0142,2026-02-22,16.0,Male,Grade 11,International,History,4.0,7.8,5.3,73.0,71.0,Online Videos,No,Yes,Medium,High,86.0,96.0,Excellent,No Comment
R2412,S0551,2026-04-28,17.0,Male,Grade 12,Public,Science,3.2,7.7,3.6,86.0,53.0,Group Study,Yes,Yes,High,High,100.0,100.0,Excellent,Needs better time management
R3667,S0239,2026-02-10,15.0,Female,Grade 10,Public,Computer Science,4.7,9.3,4.1,92.0,56.0,Notebook / Notes,No,Yes,Medium,Medium,98.0,95.0,Excellent,Strong participation
R1652,S0688,2026-03-18,16.0,Female,Grade 11,Public,History,3.2,7.4,6.7,71.0,96.0,Self Study,No,Yes,High,Medium,75.0,71.0,Pass,Good analytical thinking
R3866,S0027,2026-02-17,14.0,Female,Grade 9,Public,History,3.0,7.4,7.3,77.0,93.0,Notebook / Notes,No,Yes,Low,High,69.0,71.0,Pass,No Comment
R0215,S0179,2026-03-25,17.0,Male,Grade 11,International,Math,3.8,5.5,4.1,80.0,90.0,Notebook / Notes,No,Yes,Medium,High,89.0,98.0,Excellent,Improved this term
R3699,S0510,2026-04-13,13.0,Female,Grade 9,Public,English,4.7,5.8,3.3,91.0,88.0,Online Videos,No,Yes,Low,Low,93.0,91.0,Excellent,Consistent effort
R3824,S0580,2026-04-03,16.0,Female,Grade 11,Private,Science,4.2,7.2,7.1,88.0,73.0,Notebook / Notes,No,Yes,Low,Low,93.0,92.0,Excellent,Needs better time management
R3590,S0152,2026-04-27,15.0,Male,Grade 9,Public,Math,2.7,8.2,4.8,100.0,76.0,Self Study,No,Yes,High,Medium,90.0,78.0,Good,Often distracted
R2447,S0395,2026-03-15,14.0,Female,Grade 9,Private,Science,2.8,8.8,3.6,84.0,62.0,Self Study,No,Yes,Medium,High,100.0,96.0,Excellent,Strong participation
R1214,S0483,2026-04-15,16.0,Male,Grade 11,International,Science,1.9,8.1,3.1,96.0,70.0,Notebook / Notes,No,Yes,Medium,High,96.0,91.0,Excellent,Excellent focus
R0827,S0364,2026-02-14,13.0,Female,Grade 8,Public,Math,5.6,7.8,2.4,77.0,72.0,Private Tutor,Yes,No,Low,High,100.0,100.0,Excellent,Strong participation
R3692,S0292,2026-02-12,17.0,Female,Grade 12,Private,Science,3.7,5.6,4.0,93.0,64.0,Self Study,No,Yes,Low,Low,86.0,91.0,Excellent,Needs revision plan
R3264,S0505,2026-04-19,15.0,Male,Grade 10,Private,Computer Science,3.6,7.6,4.2,73.0,75.0,Private Tutor,No,Yes,Medium,Low,100.0,91.0,Excellent,Strong participation
R0010,S0552,2026-04-20,17.0,Female,Grade 12,Private,English,3.2,8.2,4.3,78.0,76.0,Online Videos,No,No,Medium,Low,100.0,100.0,Excellent,No Comment
R3684,S0737,2026-02-02,14.0,Female,Grade 9,International,Computer Science,2.5,6.1,3.7,88.0,77.0,Notebook / Notes,No,Yes,High,Medium,65.0,74.0,Pass,Needs revision plan
R0737,S0697,2026-02-09,15.0,Female,Grade 10,Private,Math,3.2,5.0,4.6,98.0,52.0,Group Study,No,No,High,Medium,84.0,91.0,Excellent,Homework quality varies
R1869,S0363,2026-02-24,15.0,Male,Grade 10,Private,Science,6.5,7.3,0.8,95.0,100.0,Group Study,No,Yes,Medium,Medium,90.0,100.0,Excellent,Often distracted
R2122,S0688,2026-04-19,16.0,Female,Grade 11,Public,History,5.3,7.2,2.0,96.0,89.0,Online Videos,No,Yes,High,Low,82.0,91.0,Excellent,Consistent effort
R3125,S0435,2026-02-04,16.0,Female,Grade 11,International,Science,4.5,8.1,1.2,67.0,85.0,Group Study,No,Yes,Low,Medium,96.0,85.0,Good,Excellent focus
R0836,S0575,2026-04-18,14.0,Female,Grade 9,Private,English,2.5,7.2,4.2,77.0,65.0,Online Videos,No,Yes,Medium,Low,65.0,84.0,Good,Good analytical thinking
R1626,S0426,2026-02-19,16.0,Male,Grade 11,International,Math,4.7,6.5,4.3,77.0,67.0,Online Videos,Yes,No,Medium,Low,89.0,93.0,Excellent,Often distracted
R1850,S0626,2026-03-19,13.0,Male,Grade 8,Private,English,4.1,6.1,4.1,87.0,76.0,Self Study,No,Yes,Medium,Medium,90.0,88.0,Good,Excellent focus
R0269,S0449,2026-03-30,14.0,Female,Grade 9,Private,English,3.9,7.2,5.6,100.0,90.0,Self Study,No,Yes,Medium,Medium,100.0,98.0,Excellent,Needs better time management
R0454,S0338,2026-04-08,15.0,Male,Grade 10,Private,Science,3.9,6.8,6.0,80.0,93.0,Group Study,No,Yes,High,Medium,90.0,82.0,Good,Often distracted
R2491,S0572,2026-03-29,16.0,Male,Grade 11,Public,Math,5.0,7.2,5.6,86.0,66.0,Notebook / Notes,Yes,Yes,Medium,Medium,100.0,100.0,Excellent,Often distracted
R3865,S0553,2026-04-07,16.0,Male,Grade 11,Public,Math,4.6,5.6,2.9,91.0,58.0,Online Videos,No,Yes,Low,Low,80.0,85.0,Good,No Comment
R1255,S0284,2026-02-10,17.0,Male,Grade 12,International,Math,4.1,7.8,5.7,87.0,98.0,Group Study,Yes,Yes,Medium,High,95.0,94.0,Excellent,Absent during some activities
R1728,S0514,2026-04-06,14.0,Male,Grade 9,International,Computer Science,3.1,8.2,5.6,95.0,96.0,Private Tutor,No,Yes,High,Medium,77.0,76.0,Good,Needs better time management
R0706,S0108,2026-02-17,16.0,Female,Grade 8,International,Computer Science,4.4,6.7,4.2,87.0,78.0,Online Videos,Yes,Yes,High,High,98.0,100.0,Excellent,Needs revision plan
R1079,S0468,2026-04-24,14.0,Female,Grade 9,Public,Science,4.5,7.7,4.2,91.0,75.0,Self Study,No,No,Medium,High,90.0,92.0,Excellent,Good analytical thinking
R2001,S0571,2026-03-21,14.0,Female,Grade 9,Public,English,4.1,6.0,5.1,72.0,75.0,Group Study,No,No,Low,Low,95.0,98.0,Excellent,Absent during some activities
R1098,S0407,2026-04-13,13.0,Female,Grade 8,Private,Science,4.5,6.0,5.1,96.0,100.0,Private Tutor,No,Yes,Medium,High,99.0,97.0,Excellent,Excellent focus
R3697,S0419,2026-04-05,15.0,Female,Grade 10,Public,Math,3.0,7.6,3.6,82.0,39.0,Self Study,No,Yes,Medium,Low,75.0,70.0,Pass,Absent during some activities
R2136,S0439,2026-02-17,15.0,Female,Grade 10,Private,English,5.0,4.6,1.2,91.0,100.0,Self Study,Yes,Yes,Medium,High,99.0,100.0,Excellent,Improved this term
R0058,S0106,2026-03-18,13.0,Male,Grade 8,Public,Computer Science,0.0,6.1,3.7,88.0,70.0,Group Study,No,Yes,Low,Medium,84.0,65.0,Pass,Needs better time management
R2854,S0352,2026-03-31,17.0,Female,Grade 12,International,Computer Science,3.2,6.8,3.7,87.0,70.0,Private Tutor,Yes,No,Medium,Medium,96.0,92.0,Excellent,Consistent effort
R2062,S0451,2026-03-02,13.0,Female,Grade 8,Private,History,2.1,6.0,4.1,87.0,87.0,Self Study,No,Yes,Medium,Medium,73.0,77.0,Good,Homework quality varies
R1889,S0692,2026-04-19,15.0,Male,Grade 8,Private,History,1.4,7.4,5.8,88.0,64.0,Self Study,No,No,Low,Low,82.0,77.0,Good,Good analytical thinking
R0882,S0286,2026-03-14,13.0,Male,Grade 8,Public,Computer Science,2.6,8.2,4.3,84.0,78.0,Private Tutor,No,Yes,Medium,Medium,75.0,87.0,Good,Excellent focus
R3144,S0626,2026-03-24,17.0,Female,Grade 12,Public,Computer Science,4.6,7.5,3.9,88.0,74.0,Self Study,Yes,Yes,Medium,High,90.0,96.0,Excellent,-
R3418,S0241,2026-02-20,17.0,Male,Grade 12,Private,History,3.6,7.2,5.3,88.0,54.0,Notebook / Notes,No,Yes,Low,Medium,88.0,88.0,Good,No Comment
R3479,S0169,2026-03-06,16.0,Male,Grade 11,Public,Computer Science,3.0,8.1,3.3,89.0,62.0,Private Tutor,No,Yes,High,Medium,90.0,89.0,Good,Homework quality varies
R2303,S0677,2026-02-17,14.0,Female,Grade 9,International,Science,3.7,7.6,2.5,89.0,78.0,Self Study,No,Yes,Medium,Medium,89.0,95.0,Excellent,Needs better time management
R1211,S0654,2026-02-19,14.0,Male,Grade 9,Private,History,3.0,7.9,4.1,96.0,71.0,Private Tutor,No,Yes,Low,Medium,99.0,89.0,Good,Absent during some activities
R2137,S0372,2026-03-27,13.0,Male,Grade 8,Public,History,3.2,6.5,5.1,76.0,83.0,Group Study,Yes,Yes,Medium,Low,72.0,77.0,Good,Needs revision plan
R1264,S0211,2026-02-27,15.0,Male,Grade 10,Private,Science,5.5,6.2,5.6,81.0,100.0,Notebook / Notes,Yes,Yes,High,Medium,90.0,100.0,Excellent,Strong participation
R1392,S0696,2026-04-17,17.0,Female,Grade 12,Public,History,1.9,7.9,3.8,95.0,79.0,Online Videos,Yes,Yes,Low,High,82.0,89.0,Good,Good analytical thinking
R3416,S0410,2026-04-30,14.0,Male,Grade 9,International,Science,4.5,7.5,2.3,88.0,83.0,Online Videos,No,Yes,Medium,Medium,100.0,100.0,Excellent,Needs better time management
R2414,S0143,2026-04-18,13.0,Female,Grade 8,Private,Computer Science,4.1,8.6,6.0,100.0,79.0,Self Study,Yes,Yes,Medium,Medium,100.0,90.0,Excellent,Improved this term
R3710,S0139,2026-04-20,16.0,Female,Grade 11,International,Science,2.8,8.8,5.7,87.0,62.0,Group Study,Yes,Yes,Low,Medium,91.0,90.0,Excellent,Needs better time management
R3717,S0531,2026-03-15,15.0,Female,Grade 10,International,Computer Science,3.0,7.3,3.7,85.0,67.0,Online Videos,No,Yes,Medium,High,92.0,100.0,Excellent,Absent during some activities
R2625,S0333,2026-03-24,14.0,Male,Grade 9,Public,English,3.6,6.2,4.5,94.0,57.0,Self Study,No,Yes,Low,High,76.0,86.0,Good,Often distracted
R3392,S0087,2026-03-18,14.0,Female,Grade 9,Private,Computer Science,3.6,7.6,2.6,75.0,88.0,Online Videos,No,Yes,High,Medium,100.0,98.0,Excellent,Homework quality varies
R0622,S0647,2026-04-15,15.0,Male,Grade 10,International,Math,2.4,7.9,4.4,88.0,84.0,Notebook / Notes,Yes,Yes,Low,Medium,100.0,100.0,Excellent,No Comment
R2753,S0637,2026-04-27,13.0,Female,Grade 8,Private,History,2.6,5.9,2.8,89.0,77.0,Notebook / Notes,No,Yes,Medium,Medium,76.0,73.0,Excellent,Needs revision plan
R0300,S0166,2026-04-30,17.0,Female,Grade 12,International,Math,4.2,6.4,3.9,93.0,85.0,Self Study,Yes,Yes,Low,High,92.0,100.0,Excellent,Often distracted
R2897,S0495,2026-02-10,17.0,Female,Grade 12,Public,Science,4.9,7.8,4.2,86.0,95.0,Notebook / Notes,Yes,Yes,Low,Medium,90.0,100.0,Excellent,Absent during some activities
R1715,S0286,2026-04-10,16.0,Female,Grade 8,International,English,1.1,9.2,1.0,81.0,75.0,Group Study,No,Yes,Medium,High,89.0,95.0,Excellent,Excellent focus
R3255,S0247,2026-04-30,17.0,Male,Grade 12,Public,Science,4.4,7.2,5.3,90.0,69.0,Group Study,No,No,Medium,Medium,84.0,100.0,Excellent,Needs better time management
R3605,S0491,2026-02-25,17.0,Male,Grade 12,Public,English,3.9,5.7,5.8,87.0,57.0,Private Tutor,No,Yes,Low,Medium,81.0,82.0,Good,No Comment
R2023,S0147,2026-03-23,15.0,Female,Grade 10,Private,English,4.4,6.4,5.6,80.0,57.0,Private Tutor,Yes,No,Low,Medium,88.0,99.0,Excellent,Good analytical thinking
R2992,S0444,2026-03-20,15.0,Male,Grade 10,Public,Science,1.6,5.5,3.3,82.0,79.0,Online Videos,Yes,Yes,High,High,68.0,68.0,Pass,Strong participation
R2453,S0642,2026-04-03,14.0,Female,Grade 11,International,English,3.2,7.2,0.5,82.0,73.0,Online Videos,No,Yes,Low,Low,72.0,85.0,Good,No Comment
R2699,S0043,2026-04-07,14.0,Male,Grade 9,International,Math,2.2,7.2,4.7,82.0,76.0,Private Tutor,No,Yes,Medium,Medium,67.0,78.0,Good,Needs better time management
R2995,S0194,2026-02-28,14.0,Female,Grade 9,Public,Computer Science,3.7,7.5,2.1,74.0,68.0,Self Study,Yes,Yes,Medium,Medium,97.0,93.0,Excellent,Homework quality varies
R3807,S0049,2026-03-08,13.0,Female,Grade 8,Private,History,1.4,7.6,5.1,100.0,80.0,Notebook / Notes,No,Yes,Low,Medium,100.0,91.0,Excellent,No Comment
R1145,S0503,2026-03-14,17.0,Male,Grade 9,Public,Science,3.0,5.6,4.8,93.0,53.0,Self Study,Yes,Yes,Low,Medium,100.0,97.0,Excellent,No Comment
R2159,S0154,2026-03-26,17.0,Female,Grade 12,Public,Science,3.8,8.4,3.9,100.0,69.0,Online Videos,No,Yes,Medium,Medium,90.0,100.0,Excellent,Needs better time management
R2772,S0529,2026-02-21,13.0,Female,Grade 8,Private,English,2.9,8.0,2.4,91.0,57.0,Online Videos,No,Yes,Low,High,99.0,94.0,Excellent,Good analytical thinking
R0052,S0276,2026-04-02,16.0,Male,Grade 11,International,Math,2.1,6.3,2.4,82.0,78.0,Private Tutor,No,Yes,Medium,Medium,80.0,72.0,Pass,Needs revision plan
R3802,S0295,2026-02-04,15.0,Male,Grade 8,Public,English,3.2,8.3,3.7,85.0,88.0,Self Study,No,Yes,High,Medium,100.0,100.0,Excellent,Good analytical thinking
R3342,S0677,2026-04-18,14.0,Male,Grade 9,International,Computer Science,3.7,7.3,5.6,85.0,90.0,Online Videos,Yes,Yes,Medium,High,99.0,100.0,Excellent,Excellent focus
R3555,S0256,2026-04-02,17.0,Male,Grade 12,Private,Computer Science,3.0,4.8,4.2,79.0,73.0,Online Videos,No,Yes,Low,High,78.0,78.0,Good,Excellent focus
R1775,S0231,2026-03-16,15.0,Female,Grade 10,Public,Math,2.1,7.2,5.8,86.0,77.0,Group Study,No,Yes,Medium,Medium,80.0,92.0,Excellent,Often distracted
R3275,S0172,2026-04-16,13.0,Female,Grade 8,International,English,2.8,6.6,2.0,83.0,68.0,Self Study,No,Yes,Medium,Low,76.0,83.0,Good,Homework quality varies
R2632,S0307,2026-03-28,16.0,Female,Grade 11,Private,Math,5.9,6.7,5.1,89.0,100.0,Notebook / Notes,No,No,Medium,High,100.0,100.0,Excellent,Strong participation
R3548,S0284,2026-03-24,15.0,Female,Grade 10,Public,History,1.9,7.9,4.6,85.0,100.0,Group Study,No,Yes,Low,Low,83.0,86.0,Good,Needs better time management
R3297,S0271,2026-04-24,17.0,Male,Grade 12,Public,History,3.9,5.8,5.7,84.0,46.0,Notebook / Notes,No,Yes,High,High,80.0,87.0,Good,Homework quality varies
R2810,S0021,2026-03-05,15.0,Female,Grade 10,Public,English,3.9,6.0,4.0,89.0,90.0,Self Study,No,Yes,Medium,High,84.0,100.0,Excellent,Good analytical thinking
R1729,S0173,2026-02-04,13.0,Female,Grade 8,Public,Computer Science,5.6,9.2,4.2,97.0,84.0,Online Videos,No,No,Medium,High,100.0,100.0,Excellent,No Comment
R3397,S0315,2026-03-30,14.0,Female,Grade 9,Public,Computer Science,2.3,6.9,1.5,78.0,93.0,Online Videos,No,Yes,High,Medium,73.0,83.0,Good,Homework quality varies
R0371,S0214,2026-03-24,17.0,Male,Grade 12,Private,Math,4.4,6.5,2.6,81.0,76.0,Notebook / Notes,No,Yes,Low,Medium,93.0,100.0,Excellent,Excellent focus
R1893,S0397,2026-03-18,15.0,Male,Grade 10,Private,Science,3.4,8.2,3.6,94.0,82.0,Self Study,Yes,Yes,Medium,Medium,86.0,91.0,Excellent,Needs better time management
R2197,S0415,2026-04-09,14.0,Male,Grade 9,Public,History,3.0,7.2,5.8,100.0,70.0,Group Study,No,Yes,Medium,Low,65.0,80.0,Good,Absent during some activities
R1947,S0384,2026-04-14,16.0,Female,Grade 11,Public,Math,1.6,5.8,3.3,76.0,92.0,Self Study,No,Yes,Medium,Medium,64.0,76.0,Good,Improved this term
R0152,S0669,2026-03-03,13.0,Male,Grade 8,Public,English,2.5,6.9,4.0,82.0,39.0,Self Study,Yes,Yes,Medium,Low,74.0,73.0,Pass,Consistent effort
R2224,S0269,2026-03-24,17.0,Female,Grade 9,International,English,3.2,5.4,7.7,95.0,100.0,Online Videos,No,Yes,Medium,Medium,90.0,82.0,Excellent,No Comment
R2580,S0541,2026-04-30,15.0,Female,Grade 10,Public,English,2.2,7.4,4.5,89.0,90.0,Self Study,Yes,Yes,Low,High,100.0,92.0,Excellent,Needs better time management
R2177,S0054,2026-04-30,15.0,Female,Grade 10,Private,Computer Science,2.7,6.9,3.6,100.0,100.0,Private Tutor,Yes,No,Low,Medium,86.0,93.0,Excellent,No Comment
R1460,S0725,2026-02-28,14.0,Male,Grade 9,International,History,4.5,6.5,4.7,80.0,94.0,Private Tutor,No,Yes,Medium,Low,100.0,100.0,Excellent,Often distracted
R2602,S0590,2026-02-01,17.0,Male,Grade 12,Private,History,4.4,6.8,4.2,85.0,62.0,Private Tutor,No,Yes,Medium,Low,85.0,88.0,Good,No Comment
R1238,S0734,2026-03-14,14.0,Female,Grade 9,Public,History,2.2,7.6,4.8,94.0,76.0,Private Tutor,Yes,Yes,Medium,High,97.0,96.0,Excellent,Often distracted
R0973,S0029,2026-02-18,13.0,Female,Grade 8,Public,Science,3.5,6.4,5.6,93.0,71.0,Self Study,No,Yes,High,High,78.0,92.0,Good,Needs revision plan
R2865,S0124,2026-03-05,17.0,Female,Grade 12,Private,English,2.4,6.7,5.7,83.0,66.0,Notebook / Notes,No,Yes,High,High,89.0,82.0,Good,Consistent effort
R0959,S0022,2026-03-23,15.0,Female,Grade 10,Private,Science,2.8,7.2,4.5,96.0,100.0,Self Study,No,Yes,Low,Low,100.0,95.0,Excellent,No Comment
R0020,S0336,2026-03-10,16.0,Male,Grade 11,Private,English,3.5,6.5,2.1,87.0,74.0,Self Study,Yes,No,Low,Low,93.0,100.0,Excellent,Homework quality varies
R1135,S0187,2026-04-10,15.0,Female,Grade 10,Public,English,2.4,8.7,5.1,97.0,100.0,Group Study,No,Yes,High,Medium,90.0,84.0,Good,Good analytical thinking
R2379,S0209,2026-02-13,13.0,Female,Grade 11,Private,Computer Science,0.8,8.1,6.3,97.0,99.0,Online Videos,Yes,No,Medium,Low,90.0,90.0,Excellent,No Comment
R3203,S0236,2026-03-06,17.0,Female,Grade 11,Public,English,2.7,5.6,3.0,94.0,38.0,Notebook / Notes,Yes,Yes,Low,Low,68.0,88.0,Good,Often distracted
R2334,S0708,2026-03-18,17.0,Female,Grade 12,Private,Math,1.8,7.2,4.5,67.0,51.0,Group Study,No,Yes,Medium,High,64.0,69.0,Pass,Homework quality varies
R0783,S0435,2026-04-27,13.0,Male,Grade 8,Public,Computer Science,4.9,7.7,2.8,87.0,74.0,Online Videos,No,Yes,Medium,Low,90.0,100.0,Excellent,Homework quality varies
R3670,S0004,2026-04-23,15.0,Male,Grade 10,Private,Math,3.7,5.7,4.2,79.0,95.0,Online Videos,No,Yes,Medium,Low,100.0,100.0,Excellent,Excellent focus
R1503,S0507,2026-02-27,17.0,Male,Grade 12,Private,Computer Science,3.3,5.0,4.2,67.0,89.0,Private Tutor,No,Yes,High,Low,64.0,68.0,Pass,Excellent focus
R1026,S0228,2026-03-17,16.0,Female,Grade 11,Private,English,3.0,7.6,3.3,88.0,55.0,Self Study,No,Yes,High,Medium,99.0,87.0,Good,No Comment
R2773,S0568,2026-03-28,14.0,Female,Grade 9,Public,History,3.5,8.4,4.5,95.0,82.0,Group Study,No,Yes,Low,Low,100.0,95.0,Excellent,No Comment
R2265,S0074,2026-02-20,15.0,Female,Grade 10,Public,Math,2.3,7.8,5.3,79.0,67.0,Notebook / Notes,No,Yes,High,High,88.0,86.0,Good,Absent during some activities
R0728,S0042,2026-02-04,13.0,Male,Grade 8,Private,English,3.5,7.2,6.9,82.0,48.0,Group Study,No,Yes,Low,Medium,77.0,76.0,Good,Needs revision plan
R3298,S0172,2026-03-16,16.0,Female,Grade 11,Public,Math,1.0,7.0,5.6,95.0,82.0,Group Study,No,Yes,High,Medium,76.0,77.0,Good,Consistent effort
R0247,S0165,2026-02-07,13.0,Female,Grade 8,Public,Computer Science,2.5,7.3,1.4,97.0,65.0,Group Study,No,Yes,Low,High,82.0,86.0,Good,Excellent focus
R1646,S0425,2026-02-25,17.0,Male,Grade 12,Private,English,2.9,6.9,5.2,89.0,64.0,Notebook / Notes,Yes,Yes,High,Low,72.0,78.0,Good,No Comment
R3006,S0734,2026-02-22,13.0,Male,Grade 8,Private,Math,3.3,6.6,2.4,79.0,99.0,Self Study,No,Yes,High,High,100.0,97.0,Excellent,Needs revision plan
R2675,S0356,2026-04-12,13.0,Male,Grade 8,Private,Computer Science,3.0,7.3,5.4,87.0,77.0,Notebook / Notes,No,Yes,Medium,High,100.0,95.0,Excellent,Often distracted
R0200,S0383,2026-04-29,16.0,Male,Grade 11,Public,English,3.0,7.1,5.3,80.0,96.0,Self Study,Yes,Yes,Low,Medium,93.0,97.0,Excellent,Homework quality varies
R1269,S0292,2026-04-15,15.0,Female,Grade 9,Public,English,3.0,8.6,5.3,99.0,93.0,Group Study,No,Yes,Low,High,86.0,100.0,Excellent,Excellent focus
R2958,S0128,2026-04-20,16.0,Female,Grade 11,Public,History,2.5,6.6,3.9,89.0,100.0,Online Videos,No,Yes,Low,Medium,99.0,92.0,Excellent,Good analytical thinking
R1940,S0100,2026-03-23,16.0,Female,Grade 11,Public,Math,4.1,6.8,3.5,85.0,87.0,Group Study,Yes,Yes,Medium,High,98.0,98.0,Excellent,Good analytical thinking
R3568,S0595,2026-03-03,14.0,Male,Grade 9,Private,English,2.1,8.8,4.5,88.0,79.0,Group Study,No,Yes,Medium,Low,90.0,83.0,Good,Consistent effort
R0542,S0500,2026-02-07,13.0,Female,Grade 8,Public,History,0.8,6.1,8.0,78.0,64.0,Self Study,Yes,Yes,High,Low,64.0,73.0,Pass,Homework quality varies
R1694,S0407,2026-03-01,13.0,Female,Grade 8,International,Computer Science,6.4,7.8,6.3,81.0,69.0,Self Study,Yes,Yes,Medium,Low,100.0,92.0,Needs Improvement,Excellent focus
R1512,S0102,2026-04-30,13.0,Female,Grade 8,Public,Science,2.8,8.4,6.8,75.0,100.0,Notebook / Notes,No,Yes,Medium,High,78.0,90.0,Excellent,Good analytical thinking
R3302,S0535,2026-02-10,16.0,Female,Grade 9,Public,History,2.0,5.9,1.4,94.0,96.0,Private Tutor,Yes,Yes,Low,Medium,78.0,88.0,Good,Strong participation
R0823,S0151,2026-02-24,13.0,Male,Grade 8,Private,Math,5.6,6.3,4.6,83.0,79.0,Self Study,Yes,Yes,Low,High,78.0,89.0,Good,Absent during some activities
R2076,S0115,2026-04-29,16.0,Male,Grade 11,International,History,3.1,7.2,2.4,69.0,67.0,Online Videos,Yes,Yes,Medium,Medium,91.0,93.0,Excellent,Good analytical thinking
R3024,S0102,2026-03-30,16.0,Female,Grade 11,Public,Math,3.2,7.2,2.9,84.0,59.0,Self Study,No,Yes,Medium,High,90.0,98.0,Excellent,Excellent focus
R0594,S0241,2026-02-27,17.0,Female,Grade 12,Public,History,1.8,7.2,3.9,87.0,71.0,Notebook / Notes,No,Yes,Low,Medium,88.0,85.0,Good,No Comment
R0029,S0645,2026-04-30,14.0,Male,Grade 9,International,History,1.3,5.8,4.2,81.0,56.0,Self Study,No,Yes,Low,Medium,82.0,78.0,Good,No Comment
R0036,S0176,2026-05-01,17.0,Male,Grade 12,International,Computer Science,3.2,6.8,2.8,89.0,76.0,Self Study,No,Yes,Low,Medium,91.0,87.0,Good,Homework quality varies
R2142,S0315,2026-02-11,13.0,Male,Grade 8,International,Science,1.7,7.0,3.3,91.0,87.0,Notebook / Notes,No,Yes,Medium,Low,90.0,89.0,Good,No Comment
R0720,S0715,2026-03-11,14.0,Male,Grade 9,Public,History,3.0,9.2,3.9,93.0,73.0,Self Study,No,Yes,Medium,Low,90.0,94.0,Excellent,Absent during some activities
R0576,S0372,2026-03-08,15.0,Female,Grade 9,Public,Math,2.1,8.1,2.2,88.0,84.0,Online Videos,No,Yes,Medium,Medium,89.0,87.0,Good,Needs revision plan
R1190,S0420,2026-03-26,15.0,Male,Grade 10,International,Science,5.0,6.9,3.9,87.0,61.0,Private Tutor,Yes,Yes,Low,Medium,83.0,100.0,Excellent,No Comment
R1780,S0582,2026-02-07,17.0,Female,Grade 12,Private,English,2.1,6.7,3.7,85.0,94.0,Self Study,No,Yes,High,Medium,85.0,83.0,Good,No Comment
R1766,S0223,2026-03-22,13.0,Male,Grade 8,Private,Computer Science,3.2,7.3,0.5,91.0,100.0,Notebook / Notes,Yes,Yes,Medium,Medium,89.0,86.0,Good,No Comment
R1409,S0250,2026-04-28,17.0,Female,Grade 12,Private,Math,3.3,7.2,7.9,78.0,96.0,Private Tutor,No,Yes,Low,High,68.0,79.0,Good,Strong participation
R3674,S0544,2026-03-25,14.0,Male,Grade 9,Public,English,3.3,6.8,2.4,68.0,61.0,Private Tutor,No,Yes,Medium,Medium,100.0,99.0,Excellent,No Comment
R2589,S0562,2026-02-28,14.0,Female,Grade 9,Public,English,2.0,7.8,3.2,96.0,68.0,Online Videos,No,Yes,High,High,76.0,87.0,Good,Strong participation
R2551,S0047,2026-02-21,14.0,Male,Grade 9,Private,Computer Science,3.6,6.4,4.9,76.0,48.0,Online Videos,Yes,Yes,Medium,High,91.0,98.0,Excellent,Needs better time management
R2823,S0524,2026-04-10,14.0,Female,Grade 9,Public,Computer Science,3.0,6.9,5.3,81.0,62.0,Private Tutor,Yes,No,Medium,Medium,80.0,92.0,Good,Needs revision plan
R2151,S0314,2026-02-26,15.0,Female,Grade 10,Public,Math,2.7,6.8,5.0,79.0,100.0,Self Study,No,No,Low,High,96.0,92.0,Excellent,No Comment
R1486,S0006,2026-04-16,15.0,Female,Grade 12,Private,Computer Science,3.9,5.5,4.4,98.0,75.0,Group Study,No,Yes,Medium,Medium,100.0,92.0,Excellent,Consistent effort
R3504,S0392,2026-03-19,14.0,Female,Grade 9,Public,English,1.8,9.5,2.0,84.0,94.0,Online Videos,No,Yes,Medium,High,68.0,87.0,Good,Absent during some activities
R1789,S0154,2026-03-19,16.0,Female,Grade 11,International,English,1.2,7.4,3.2,71.0,100.0,Private Tutor,No,Yes,Low,Low,72.0,83.0,Good,Absent during some activities
R3013,S0174,2026-03-31,13.0,Female,Grade 8,International,History,2.9,6.7,4.7,100.0,78.0,Online Videos,Yes,Yes,Low,High,66.0,88.0,Good,Consistent effort
R3204,S0181,2026-04-26,14.0,Male,Grade 9,Private,English,2.8,7.3,3.8,87.0,64.0,Private Tutor,No,Yes,Medium,Low,91.0,93.0,Excellent,Consistent effort
R2592,S0014,2026-03-06,17.0,Male,Grade 12,Public,History,3.9,7.5,7.1,77.0,90.0,Self Study,No,Yes,Low,Low,100.0,100.0,Excellent,Needs better time management
R0387,S0144,2026-03-12,13.0,Female,Grade 8,International,Math,4.4,7.3,3.1,85.0,78.0,Notebook / Notes,No,Yes,High,Medium,95.0,90.0,Excellent,Good analytical thinking
R2669,S0462,2026-03-16,15.0,Male,Grade 8,International,Computer Science,1.2,7.2,3.5,69.0,63.0,Private Tutor,No,Yes,High,Medium,77.0,91.0,Excellent,No Comment
R1516,S0465,2026-04-26,16.0,Male,Grade 11,Public,English,3.1,6.2,6.3,92.0,55.0,Group Study,No,Yes,High,Medium,61.0,74.0,Pass,No Comment
R3326,S0667,2026-03-24,16.0,Female,Grade 11,Public,Science,2.4,6.5,5.0,87.0,54.0,Group Study,Yes,Yes,Medium,Medium,78.0,85.0,Good,Good analytical thinking
R2287,S0203,2026-02-05,14.0,Female,Grade 9,Private,Science,5.4,5.9,4.7,96.0,60.0,Online Videos,No,Yes,Medium,Low,90.0,91.0,Excellent,No Comment
R0479,S0454,2026-03-20,14.0,Female,Grade 9,International,English,3.4,5.3,5.9,90.0,86.0,Self Study,No,Yes,Low,High,89.0,100.0,Excellent,Excellent focus
R2951,S0720,2026-03-13,13.0,Female,Grade 8,Private,Computer Science,1.3,7.9,3.8,87.0,84.0,Online Videos,No,Yes,Medium,Medium,98.0,89.0,Good,No Comment
R1128,S0010,2026-03-09,14.0,Male,Grade 9,Public,English,4.3,6.5,4.3,87.0,78.0,Notebook / Notes,No,Yes,High,Low,74.0,87.0,Good,Absent during some activities
R2106,S0363,2026-04-22,14.0,Male,Grade 10,Private,Science,2.5,8.9,5.1,74.0,43.0,Online Videos,No,Yes,Low,Medium,76.0,73.0,Pass,Often distracted
R2618,S0480,2026-03-10,13.0,Female,Grade 8,Public,History,0.6,4.9,4.2,77.0,76.0,Self Study,No,Yes,Low,High,70.0,68.0,Pass,Improved this term
R1628,S0265,2026-03-18,17.0,Male,Grade 12,Public,Science,3.4,6.7,4.9,92.0,91.0,Group Study,Yes,Yes,Medium,Medium,100.0,100.0,Excellent,Homework quality varies
R3681,S0146,2026-04-16,16.0,Female,Grade 11,Public,Computer Science,0.4,7.0,4.6,84.0,100.0,Online Videos,Yes,No,Medium,High,66.0,79.0,Good,Consistent effort
R1845,S0115,2026-02-04,15.0,Male,Grade 10,Public,Math,3.1,5.5,5.3,76.0,81.0,Self Study,Yes,Yes,Medium,Low,83.0,94.0,Excellent,Improved this term
R0562,S0322,2026-03-08,17.0,Female,Grade 12,Public,History,4.7,7.8,2.2,100.0,68.0,Self Study,No,Yes,Medium,Medium,85.0,92.0,Excellent,Consistent effort
R3332,S0537,2026-02-12,14.0,Male,Grade 9,Private,History,4.4,7.5,3.6,81.0,52.0,Online Videos,No,Yes,Low,Medium,89.0,98.0,Excellent,No Comment
R2211,S0573,2026-04-17,17.0,Female,Grade 12,Public,Math,3.3,4.7,5.3,78.0,83.0,Private Tutor,No,Yes,Low,Low,66.0,77.0,Good,Good analytical thinking
R1376,S0281,2026-03-23,15.0,Female,Grade 10,Public,History,2.6,5.9,4.1,100.0,76.0,Private Tutor,No,No,High,Medium,84.0,85.0,Good,Often distracted
R3039,S0595,2026-03-24,13.0,Female,Grade 8,Private,History,2.7,7.9,2.5,83.0,95.0,Notebook / Notes,No,Yes,Medium,Medium,100.0,100.0,Excellent,Homework quality varies
R0469,S0700,2026-03-19,14.0,Male,Grade 9,Private,English,3.9,8.9,3.2,79.0,58.0,Online Videos,Yes,Yes,Medium,High,100.0,100.0,Excellent,Often distracted
R3141,S0298,2026-03-30,17.0,Female,Grade 12,Public,Math,4.5,7.2,6.3,93.0,88.0,Group Study,No,Yes,High,High,79.0,94.0,Excellent,Good analytical thinking
R0028,S0247,2026-03-31,14.0,Male,Grade 9,Public,English,6.0,8.1,0.5,86.0,65.0,Notebook / Notes,Yes,No,Medium,High,98.0,100.0,Excellent,Needs revision plan
R2812,S0558,2026-03-11,15.0,Female,Grade 10,Public,Science,4.7,7.0,6.5,80.0,82.0,Online Videos,No,Yes,Medium,Low,80.0,83.0,Good,Homework quality varies
R0111,S0171,2026-02-15,13.0,Female,Grade 8,Public,Computer Science,4.0,5.6,4.4,89.0,67.0,Private Tutor,Yes,Yes,High,Medium,94.0,95.0,Excellent,Often distracted
R1019,S0014,2026-03-07,15.0,Male,Grade 11,Public,Science,5.3,5.7,7.1,99.0,65.0,Group Study,No,Yes,Medium,Medium,65.0,69.0,Pass,Needs revision plan
R1668,S0306,2026-03-24,15.0,Female,Grade 10,Private,History,1.6,6.7,4.7,92.0,82.0,Self Study,No,Yes,Low,Low,56.0,92.0,Pass,Often distracted
R1056,S0348,2026-04-30,16.0,Female,Grade 11,International,History,0.2,5.5,4.4,89.0,100.0,Self Study,Yes,Yes,Medium,Medium,76.0,92.0,Good,Needs better time management
R1041,S0010,2026-04-22,15.0,Female,Grade 10,Private,English,3.0,7.9,2.9,88.0,66.0,Self Study,Yes,Yes,Medium,High,81.0,100.0,Excellent,No Comment
R2682,S0124,2026-02-18,13.0,Female,Grade 8,Private,Computer Science,2.9,7.0,3.5,87.0,76.0,Online Videos,No,Yes,Medium,Medium,95.0,85.0,Good,Needs revision plan
R0259,S0666,2026-04-09,16.0,Female,Grade 11,Private,Math,2.0,6.3,2.9,85.0,88.0,Self Study,No,Yes,Low,Medium,90.0,96.0,Excellent,Consistent effort
R3005,S0721,2026-04-02,14.0,Female,Grade 9,Private,English,3.7,6.5,3.2,88.0,94.0,Self Study,Yes,Yes,Medium,Medium,81.0,81.0,Good,Improved this term
R0776,S0203,2026-04-04,17.0,Female,Grade 12,Private,Computer Science,4.7,6.5,0.7,91.0,100.0,Notebook / Notes,Yes,Yes,Low,High,97.0,100.0,Excellent,Absent during some activities
R2928,S0153,2026-02-18,14.0,Female,Grade 9,Public,English,4.3,6.6,4.2,82.0,89.0,Private Tutor,Yes,Yes,High,High,99.0,100.0,Excellent,No Comment
R3734,S0649,2026-04-21,15.0,Female,Grade 10,Public,Math,0.8,7.5,2.4,88.0,98.0,Group Study,No,No,Medium,High,76.0,88.0,Good,Needs better time management
R0440,S0413,2026-03-25,14.0,Female,Grade 9,International,Computer Science,4.8,6.4,2.5,86.0,76.0,Group Study,Yes,Yes,Medium,High,84.0,87.0,Good,Good analytical thinking
R2902,S0309,2026-03-05,16.0,Male,Grade 9,International,Math,2.9,7.8,3.2,90.0,47.0,Self Study,Yes,No,Low,Medium,90.0,89.0,Good,Strong participation
R1956,S0341,2026-04-04,15.0,Male,Grade 10,Public,Science,4.3,5.6,5.5,76.0,72.0,Online Videos,No,Yes,High,High,100.0,97.0,Excellent,Absent during some activities
R1638,S0497,2026-04-02,15.0,Female,Grade 10,International,History,3.5,6.1,5.4,77.0,92.0,Self Study,No,Yes,High,High,79.0,85.0,Good,Consistent effort
R0444,S0466,2026-02-14,15.0,Female,Grade 10,Public,English,3.1,7.5,2.0,81.0,87.0,Self Study,No,Yes,Medium,High,80.0,90.0,Excellent,Homework quality varies
R1757,S0674,2026-03-25,16.0,Male,Grade 11,Public,English,3.2,5.1,2.1,67.0,86.0,Self Study,Yes,Yes,Medium,High,94.0,96.0,Excellent,Improved this term
R1323,S0011,2026-03-30,14.0,Male,Grade 11,Private,Computer Science,1.7,5.7,3.5,96.0,82.0,Self Study,No,Yes,Medium,Low,97.0,94.0,Excellent,No Comment
R3882,S0540,2026-02-18,17.0,Male,Grade 12,Public,History,4.0,8.5,5.0,96.0,80.0,Online Videos,Yes,Yes,Medium,Low,100.0,100.0,Excellent,Needs better time management
R1418,S0478,2026-02-06,13.0,Male,Grade 8,Private,History,3.3,6.2,4.2,86.0,76.0,Private Tutor,Yes,Yes,Low,High,99.0,95.0,Excellent,Absent during some activities
R2333,S0720,2026-04-05,14.0,Male,Grade 9,Private,English,2.5,6.4,4.8,82.0,100.0,Self Study,No,Yes,Low,High,82.0,76.0,Good,Homework quality varies
R0312,S0430,2026-04-23,14.0,Female,Grade 9,Public,Computer Science,4.0,6.8,4.2,93.0,77.0,Online Videos,Yes,Yes,Low,High,95.0,100.0,Excellent,No Comment
R1200,S0214,2026-03-19,15.0,Male,Grade 10,Public,English,2.4,7.1,1.7,78.0,92.0,Private Tutor,No,Yes,Medium,Low,81.0,79.0,Good,Needs better time management
R3422,S0094,2026-04-26,15.0,Male,Grade 10,Private,Math,2.4,6.7,4.5,86.0,81.0,Online Videos,Yes,Yes,Low,Medium,86.0,91.0,Excellent,Often distracted
R2659,S0184,2026-02-14,17.0,Female,Grade 12,Private,Math,2.4,7.2,3.6,76.0,71.0,Self Study,No,Yes,Low,High,96.0,100.0,Excellent,Improved this term
R2231,S0714,2026-02-14,17.0,Female,Grade 12,Private,Math,2.3,7.3,4.4,73.0,88.0,Private Tutor,No,Yes,High,Low,87.0,83.0,Excellent,No Comment
R1866,S0060,2026-03-28,13.0,Male,Grade 8,International,Science,3.6,7.9,4.2,88.0,82.0,Self Study,No,Yes,High,Medium,92.0,92.0,Excellent,Often distracted
R0980,S0663,2026-03-04,17.0,Female,Grade 12,Private,English,0.6,7.2,3.9,86.0,76.0,Notebook / Notes,No,Yes,Medium,High,90.0,80.0,Good,Needs better time management
R1988,S0442,2026-02-06,17.0,Female,Grade 12,Private,Math,3.0,7.6,6.9,89.0,84.0,Private Tutor,No,Yes,High,Medium,75.0,83.0,Good,Often distracted
R0916,S0070,2026-02-23,16.0,Male,Grade 11,Private,English,1.8,7.7,5.1,85.0,71.0,Private Tutor,No,Yes,High,High,87.0,89.0,Good,Needs better time management
R2300,S0298,2026-02-05,13.0,Female,Grade 10,Private,Math,3.5,7.9,5.8,93.0,69.0,Online Videos,No,Yes,Medium,Medium,83.0,100.0,Excellent,No Comment
R2804,S0351,2026-04-10,13.0,Male,Grade 8,Public,English,1.3,5.8,7.5,77.0,50.0,Self Study,No,Yes,Medium,High,90.0,92.0,Pass,No Comment
R3748,S0055,2026-03-05,15.0,Male,Grade 10,Public,History,5.4,6.3,3.3,87.0,63.0,Private Tutor,No,Yes,Medium,High,87.0,97.0,Excellent,Homework quality varies
R0207,S0482,2026-02-26,14.0,Female,Grade 9,International,Math,2.8,7.2,3.5,93.0,100.0,Online Videos,No,Yes,Low,Medium,100.0,100.0,Excellent,Needs revision plan
R0066,S0615,2026-04-20,15.0,Female,Grade 12,Private,Science,3.2,6.5,3.5,84.0,81.0,Online Videos,Yes,Yes,Medium,Medium,94.0,92.0,Excellent,Homework quality varies
R1760,S0085,2026-04-02,14.0,Male,Grade 9,Private,Math,6.6,8.3,2.5,80.0,100.0,Group Study,No,Yes,Medium,Low,92.0,100.0,Excellent,Good analytical thinking
R2517,S0687,2026-04-02,14.0,Female,Grade 9,Public,English,4.0,6.0,3.0,85.0,54.0,Group Study,No,Yes,Medium,Medium,90.0,100.0,Excellent,Often distracted
R3032,S0690,2026-02-19,15.0,Female,Grade 10,Public,Math,0.4,7.8,4.1,82.0,70.0,Group Study,Yes,Yes,Low,Low,72.0,66.0,Pass,No Comment
R0986,S0534,2026-03-22,15.0,Female,Grade 10,Public,Science,1.7,7.1,4.2,80.0,81.0,Online Videos,Yes,Yes,Medium,Low,75.0,84.0,Good,Consistent effort
R1881,S0508,2026-02-27,17.0,Female,Grade 12,Public,English,3.5,9.3,4.3,94.0,93.0,Notebook / Notes,No,Yes,High,Medium,100.0,98.0,Excellent,Excellent focus
R0685,S0598,2026-02-03,16.0,Male,Grade 11,Private,Computer Science,2.9,7.2,4.6,100.0,76.0,Private Tutor,No,Yes,Medium,High,99.0,99.0,Excellent,No Comment
R1792,S0557,2026-02-10,17.0,Male,Grade 12,Public,History,3.2,7.2,2.1,89.0,79.0,Self Study,No,Yes,Medium,Medium,100.0,100.0,Excellent,Improved this term
R3223,S0036,2026-04-29,15.0,Female,Grade 10,International,Science,1.8,4.6,3.7,88.0,67.0,Self Study,No,Yes,Medium,High,73.0,78.0,Good,No Comment
R2160,S0212,2026-04-24,14.0,Male,Grade 9,Public,Computer Science,3.3,7.3,0.8,94.0,100.0,Notebook / Notes,Yes,Yes,Low,Medium,90.0,95.0,Excellent,Good analytical thinking
R3603,S0110,2026-04-13,17.0,Female,Grade 12,Private,History,3.5,7.2,3.1,95.0,76.0,Self Study,No,Yes,Medium,High,100.0,100.0,Excellent,Needs better time management
R2084,S0021,2026-04-30,13.0,Male,Grade 8,Public,Science,3.9,8.1,5.5,90.0,83.0,Notebook / Notes,No,Yes,Medium,Medium,100.0,100.0,Excellent,No Comment
R0903,S0216,2026-04-04,16.0,Male,Grade 11,International,Computer Science,1.9,7.2,3.7,88.0,76.0,Group Study,No,Yes,Medium,Medium,93.0,91.0,Excellent,Needs better time management
R1431,S0725,2026-04-09,13.0,Male,Grade 8,Public,English,4.0,9.0,4.5,79.0,73.0,Private Tutor,No,Yes,Medium,Low,78.0,84.0,Good,Strong participation
R1676,S0213,2026-03-13,17.0,Female,Grade 12,Private,History,3.6,7.0,3.5,95.0,76.0,Notebook / Notes,No,Yes,Medium,High,92.0,100.0,Excellent,Improved this term
R3512,S0193,2026-02-13,15.0,Male,Grade 10,Public,English,5.6,9.2,5.4,89.0,72.0,Group Study,No,No,Medium,Medium,100.0,100.0,Excellent,Excellent focus
R3182,S0307,2026-03-25,15.0,Male,Grade 10,Public,Science,2.9,8.3,2.5,92.0,87.0,Self Study,No,Yes,Low,Low,100.0,100.0,Excellent,Often distracted
R1773,S0536,2026-04-24,13.0,Male,Grade 8,Private,Computer Science,3.0,8.9,0.7,92.0,74.0,Online Videos,Yes,Yes,Low,High,100.0,100.0,Excellent,Needs better time management
R1345,S0032,2026-02-17,16.0,Male,Grade 11,International,History,4.7,7.5,2.9,97.0,47.0,Group Study,No,Yes,Medium,High,87.0,94.0,Excellent,Needs revision plan
R1341,S0125,2026-04-25,17.0,Female,Grade 12,Private,Science,4.1,6.8,6.1,77.0,56.0,Online Videos,No,Yes,Medium,Low,90.0,89.0,Good,No Comment
R1847,S0719,2026-04-13,13.0,Male,Grade 8,International,History,3.1,6.9,7.7,84.0,72.0,Self Study,No,Yes,Medium,High,81.0,86.0,Good,Absent during some activities
R0830,S0402,2026-04-30,15.0,Female,Grade 10,Public,Math,3.1,5.8,1.9,82.0,85.0,Self Study,No,Yes,High,High,94.0,97.0,Excellent,Improved this term
R0842,S0493,2026-03-14,17.0,Female,Grade 9,Private,History,3.2,6.1,4.7,87.0,56.0,Group Study,No,Yes,Medium,Low,83.0,86.0,Good,Needs revision plan
R0695,S0271,2026-02-02,17.0,Female,Grade 12,Public,Computer Science,1.3,7.7,0.9,75.0,100.0,Self Study,Yes,Yes,High,Medium,87.0,94.0,Excellent,Consistent effort
R3836,S0408,2026-04-09,16.0,Male,Grade 11,International,Science,4.6,7.8,3.7,100.0,53.0,Group Study,No,Yes,Medium,Medium,100.0,100.0,Excellent,Good analytical thinking
R1551,S0347,2026-04-10,15.0,Male,Grade 10,Public,Computer Science,3.4,9.0,4.8,85.0,88.0,Group Study,No,Yes,Medium,Low,96.0,100.0,Excellent,No Comment
R0468,S0684,2026-04-16,14.0,Male,Grade 9,Public,English,0.4,6.6,4.4,81.0,60.0,Private Tutor,No,Yes,High,High,70.0,66.0,Pass,Needs better time management
R0971,S0476,2026-02-25,14.0,Male,Grade 9,Public,Math,4.7,5.6,3.2,76.0,92.0,Self Study,Yes,Yes,Low,Medium,81.0,100.0,Excellent,Needs better time management
R0884,S0445,2026-03-13,16.0,Female,Grade 11,Public,Computer Science,4.5,8.1,5.0,77.0,71.0,Private Tutor,No,No,High,High,100.0,100.0,Excellent,No Comment
R2493,S0184,2026-04-15,17.0,Female,Grade 12,International,English,4.4,7.7,3.3,92.0,80.0,Online Videos,Yes,Yes,Medium,Low,90.0,96.0,Excellent,Improved this term
R1155,S0524,2026-04-04,17.0,Female,Grade 11,Private,Math,1.6,7.3,4.8,80.0,93.0,Group Study,No,No,Medium,High,72.0,68.0,Pass,No Comment
R3564,S0430,2026-04-24,13.0,Male,Grade 8,Public,Computer Science,3.2,7.2,4.9,87.0,65.0,Self Study,No,Yes,Medium,High,100.0,100.0,Excellent,No Comment
R3521,S0121,2026-02-16,16.0,Female,Grade 11,Private,Science,4.6,7.2,2.9,87.0,44.0,Notebook / Notes,No,Yes,Medium,High,90.0,97.0,Excellent,Needs better time management
R0181,S0366,2026-03-10,14.0,Male,Grade 9,Public,Math,1.1,5.7,4.2,91.0,100.0,Self Study,No,Yes,Medium,Medium,81.0,92.0,Good,Needs better time management
R3157,S0097,2026-02-04,17.0,Female,Grade 8,Public,Science,1.1,6.2,5.1,77.0,81.0,Self Study,No,Yes,Low,Medium,89.0,85.0,Good,No Comment
R0065,S0007,2026-04-19,17.0,Male,Grade 12,Public,History,4.1,8.5,2.6,96.0,86.0,Online Videos,No,No,Medium,Medium,100.0,97.0,Excellent,Strong participation
R1812,S0667,2026-02-16,17.0,Male,Grade 12,Private,English,4.6,8.8,3.0,77.0,84.0,Online Videos,No,Yes,Medium,Medium,100.0,98.0,Excellent,Good analytical thinking
R0941,S0277,2026-04-23,15.0,Male,Grade 10,International,Math,1.6,8.6,1.3,87.0,100.0,Notebook / Notes,No,Yes,High,Medium,70.0,79.0,Good,Needs revision plan
R1758,S0285,2026-03-10,14.0,Female,Grade 12,Public,Math,3.5,7.2,4.4,89.0,76.0,Self Study,No,No,Low,Low,88.0,100.0,Excellent,Improved this term
R1905,S0221,2026-05-01,15.0,Female,Grade 10,International,Computer Science,5.4,7.5,2.9,75.0,51.0,Notebook / Notes,No,No,Medium,Medium,96.0,100.0,Excellent,Excellent focus
R3461,S0475,2026-04-17,17.0,Female,Grade 12,Public,History,3.4,5.4,4.2,85.0,75.0,Private Tutor,No,Yes,Medium,Medium,94.0,95.0,Excellent,Excellent focus
R0099,S0361,2026-04-16,13.0,Male,Grade 8,Public,Math,0.1,6.6,1.3,86.0,79.0,Self Study,No,Yes,High,High,90.0,79.0,Good,Strong participation
R0057,S0427,2026-02-14,13.0,Male,Grade 8,International,Science,2.8,7.2,2.7,93.0,89.0,Group Study,No,Yes,High,Low,77.0,82.0,Good,Strong participation
R2613,S0270,2026-03-20,14.0,Female,Grade 9,Public,Computer Science,6.3,6.4,5.7,82.0,50.0,Notebook / Notes,Yes,Yes,High,Medium,92.0,100.0,Excellent,Homework quality varies
R0621,S0524,2026-02-16,15.0,Male,Grade 10,Public,English,1.7,7.6,4.5,87.0,100.0,Group Study,No,No,Medium,High,89.0,82.0,Good,No Comment
R2664,S0458,2026-02-16,14.0,Male,Grade 9,International,English,2.9,6.5,7.8,86.0,76.0,Notebook / Notes,No,Yes,Medium,High,79.0,86.0,Good,Homework quality varies
R3059,S0574,2026-03-20,17.0,Female,Grade 12,Private,English,3.1,7.6,2.3,79.0,100.0,Self Study,No,Yes,Low,Medium,100.0,100.0,Excellent,Improved this term
R0698,S0207,2026-02-23,17.0,Male,Grade 12,Public,Computer Science,2.1,7.4,3.6,74.0,76.0,Online Videos,No,No,Medium,High,64.0,90.0,Excellent,Good analytical thinking
R2886,S0293,2026-03-14,15.0,Male,Grade 10,Private,English,4.3,5.4,5.7,75.0,85.0,Notebook / Notes,Yes,Yes,High,Medium,86.0,82.0,Good,No Comment
R0512,S0218,2026-03-01,14.0,Female,Grade 9,International,English,4.5,5.2,4.9,87.0,58.0,Self Study,Yes,Yes,Medium,High,100.0,100.0,Excellent,Strong participation
R0064,S0267,2026-04-12,14.0,Male,Grade 9,Public,Science,3.2,6.9,7.7,90.0,79.0,Online Videos,Yes,Yes,Low,Medium,98.0,94.0,Excellent,Needs better time management
R2459,S0396,2026-05-01,15.0,Female,Grade 9,Public,Computer Science,3.9,6.4,6.4,76.0,67.0,Notebook / Notes,No,No,Medium,High,94.0,90.0,Excellent,Good analytical thinking
R2578,S0150,2026-02-22,15.0,Female,Grade 10,International,Computer Science,2.7,4.9,4.8,92.0,86.0,Private Tutor,No,Yes,Medium,Low,90.0,68.0,Pass,Improved this term
R2828,S0552,2026-04-28,16.0,Male,Grade 11,Private,English,2.2,7.1,3.2,80.0,62.0,Self Study,Yes,Yes,Medium,High,90.0,92.0,Excellent,Absent during some activities
R1509,S0306,2026-02-22,16.0,Male,Grade 11,Private,History,3.1,7.1,2.4,91.0,100.0,Self Study,Yes,Yes,Medium,High,91.0,91.0,Excellent,Needs better time management
R2264,S0264,2026-04-18,14.0,Male,Grade 12,International,Math,3.0,6.9,3.8,84.0,75.0,Self Study,Yes,Yes,Medium,Medium,100.0,92.0,Excellent,No Comment
R1629,S0656,2026-04-22,13.0,Female,Grade 8,Private,History,4.7,8.0,3.9,93.0,76.0,Group Study,No,Yes,High,Low,96.0,100.0,Excellent,Homework quality varies
R2171,S0661,2026-03-08,15.0,Male,Grade 10,Private,History,3.9,5.6,4.2,78.0,78.0,Private Tutor,Yes,Yes,Medium,Medium,100.0,92.0,Excellent,Excellent focus
R1825,S0188,2026-04-14,13.0,Male,Grade 8,Private,History,2.2,7.8,6.5,71.0,62.0,Online Videos,No,Yes,Low,High,71.0,68.0,Pass,No Comment
R2784,S0150,2026-03-08,14.0,Male,Grade 9,International,Science,2.1,7.8,3.8,84.0,56.0,Notebook / Notes,No,No,Low,High,83.0,83.0,Good,Absent during some activities
R0309,S0125,2026-02-16,14.0,Female,Grade 9,International,History,1.9,8.2,2.7,87.0,73.0,Notebook / Notes,No,No,Low,High,86.0,90.0,Excellent,No Comment
R0498,S0626,2026-04-09,15.0,Female,Grade 10,International,Math,3.2,8.1,2.3,86.0,67.0,Group Study,Yes,Yes,Medium,Low,83.0,93.0,Excellent,Good analytical thinking
R1017,S0166,2026-03-27,13.0,Female,Grade 11,Public,Math,0.7,7.6,3.8,75.0,81.0,Self Study,No,Yes,Low,Medium,73.0,82.0,Good,Consistent effort
R2154,S0493,2026-04-10,17.0,Female,Grade 12,International,Computer Science,1.9,6.7,6.3,87.0,80.0,Notebook / Notes,No,Yes,Low,High,84.0,80.0,Good,-
R2885,S0357,2026-04-16,14.0,Male,Grade 9,Private,Computer Science,3.4,7.5,4.1,92.0,84.0,Private Tutor,No,Yes,Medium,Medium,100.0,100.0,Excellent,Needs better time management
R3906,S0451,2026-03-17,13.0,Male,Grade 9,Public,Computer Science,6.2,7.6,3.1,92.0,64.0,Online Videos,No,Yes,Low,Medium,90.0,100.0,Excellent,No Comment
R2966,S0389,2026-03-09,14.0,Female,Grade 9,Private,Science,2.5,7.1,7.2,91.0,63.0,Notebook / Notes,No,Yes,Medium,High,83.0,71.0,Pass,-
R2898,S0148,2026-03-16,14.0,Male,Grade 9,Public,English,2.5,5.9,2.9,79.0,61.0,Online Videos,No,Yes,Low,Medium,82.0,82.0,Good,Excellent focus
R2734,S0218,2026-04-04,15.0,Female,Grade 10,International,Computer Science,3.3,4.6,5.8,89.0,51.0,Self Study,No,Yes,Medium,Low,100.0,100.0,Excellent,Excellent focus
R2074,S0448,2026-02-15,16.0,Male,Grade 8,Private,Science,3.1,7.8,2.3,86.0,69.0,Online Videos,No,Yes,Medium,High,90.0,100.0,Excellent,Often distracted
R0213,S0030,2026-03-30,14.0,Male,Grade 9,International,English,5.1,7.2,3.2,82.0,64.0,Online Videos,No,Yes,Low,Low,100.0,100.0,Excellent,Consistent effort
R3789,S0195,2026-03-18,13.0,Male,Grade 8,Public,Math,2.0,6.3,5.7,81.0,80.0,Online Videos,No,Yes,Low,Medium,64.0,72.0,Pass,Homework quality varies
R1082,S0572,2026-04-29,16.0,Male,Grade 11,Public,Computer Science,3.1,7.2,1.3,82.0,100.0,Private Tutor,No,Yes,Medium,Medium,86.0,93.0,Excellent,Strong participation
R1036,S0026,2026-04-21,16.0,Female,Grade 11,Private,English,4.6,6.9,3.5,84.0,100.0,Group Study,No,Yes,High,Medium,94.0,89.0,Good,Strong participation
R3084,S0708,2026-04-02,15.0,Female,Grade 10,Public,Science,2.4,8.7,2.1,91.0,59.0,Online Videos,No,Yes,Medium,Medium,91.0,92.0,Good,No Comment
R2296,S0611,2026-04-04,15.0,Male,Grade 10,Public,Science,4.0,8.3,5.4,91.0,70.0,Private Tutor,No,Yes,Medium,Medium,98.0,94.0,Excellent,Excellent focus
R1698,S0209,2026-02-18,14.0,Female,Grade 9,Public,Science,2.9,6.6,3.7,88.0,78.0,Group Study,Yes,Yes,High,Medium,100.0,87.0,Good,No Comment
R2532,S0134,2026-04-14,13.0,Male,Grade 8,Public,Math,0.5,7.2,4.7,86.0,60.0,Private Tutor,Yes,Yes,Low,Low,69.0,79.0,Good,Needs revision plan
R3820,S0441,2026-03-31,14.0,Female,Grade 9,Public,Computer Science,3.2,6.0,2.9,74.0,88.0,Self Study,No,Yes,Medium,Medium,100.0,100.0,Excellent,Needs revision plan
R0768,S0191,2026-03-07,16.0,Male,Grade 11,International,Science,1.3,6.9,3.5,86.0,82.0,Notebook / Notes,Yes,Yes,High,Medium,77.0,92.0,Excellent,Absent during some activities
R1246,S0737,2026-04-20,16.0,Male,Grade 11,Private,Math,3.7,7.2,4.4,87.0,67.0,Self Study,Yes,Yes,Low,High,90.0,100.0,Excellent,Strong participation
R1558,S0423,2026-03-18,14.0,Male,Grade 9,Public,English,2.4,7.2,0.9,80.0,100.0,Group Study,No,Yes,Medium,High,91.0,88.0,Good,Absent during some activities
R2138,S0132,2026-02-22,15.0,Male,Grade 9,Private,Science,4.2,7.0,2.1,79.0,53.0,Private Tutor,No,Yes,Low,Low,99.0,98.0,Excellent,Improved this term
R2998,S0641,2026-03-18,14.0,Male,Grade 9,Private,History,2.1,7.8,5.3,86.0,77.0,Group Study,Yes,Yes,Low,Low,100.0,92.0,Excellent,Needs better time management
R0148,S0500,2026-04-14,13.0,Female,Grade 8,International,Computer Science,5.7,6.8,4.8,93.0,76.0,Group Study,Yes,Yes,Low,High,94.0,100.0,Excellent,Good analytical thinking
R3420,S0142,2026-02-10,15.0,Male,Grade 10,Private,English,3.6,7.0,4.8,71.0,94.0,Group Study,Yes,No,High,Low,82.0,86.0,Good,Consistent effort
R1215,S0381,2026-02-04,16.0,Female,Grade 11,Private,Computer Science,3.7,6.3,3.0,87.0,100.0,Self Study,No,Yes,Low,High,98.0,100.0,Excellent,Needs revision plan
R3085,S0197,2026-03-13,15.0,Female,Grade 10,Public,Math,3.4,5.6,4.2,91.0,83.0,Self Study,Yes,Yes,Medium,High,87.0,94.0,Excellent,Homework quality varies
R0750,S0323,2026-02-07,13.0,Female,Grade 8,Public,Math,2.2,6.2,4.2,81.0,70.0,Self Study,Yes,Yes,High,Medium,98.0,85.0,Good,Homework quality varies
R2715,S0637,2026-04-10,13.0,Female,Grade 8,Private,History,3.3,7.0,3.8,77.0,83.0,Private Tutor,Yes,Yes,Low,Low,100.0,100.0,Excellent,Excellent focus
R2260,S0564,2026-04-03,17.0,Male,Grade 12,Private,Math,0.9,7.2,4.2,88.0,89.0,Self Study,No,Yes,High,High,67.0,74.0,Pass,Often distracted
R3465,S0286,2026-02-04,15.0,Male,Grade 10,International,Computer Science,4.0,7.7,4.2,92.0,92.0,Private Tutor,Yes,Yes,High,High,90.0,93.0,Excellent,Excellent focus
R1688,S0622,2026-03-10,15.0,Male,Grade 10,Public,Math,3.9,8.8,5.7,97.0,61.0,Notebook / Notes,No,Yes,High,Medium,90.0,97.0,Excellent,No Comment
R1808,S0465,2026-04-28,14.0,Male,Grade 9,Public,Math,3.6,8.2,3.1,96.0,45.0,Group Study,No,Yes,Medium,Medium,93.0,91.0,Excellent,No Comment
R0947,S0617,2026-02-28,13.0,Male,Grade 8,Public,History,3.8,8.7,2.6,81.0,85.0,Online Videos,No,Yes,Medium,Medium,92.0,100.0,Excellent,Excellent focus
R2844,S0243,2026-03-09,17.0,Female,Grade 10,Public,Math,2.7,8.6,3.5,79.0,76.0,Self Study,No,Yes,Medium,Low,93.0,94.0,Excellent,No Comment
R1884,S0055,2026-04-08,14.0,Female,Grade 9,Private,History,1.9,7.8,2.1,94.0,61.0,Notebook / Notes,No,Yes,High,Low,90.0,91.0,Excellent,Consistent effort
R0450,S0031,2026-04-13,17.0,Female,Grade 12,Public,Science,6.1,6.9,3.1,86.0,85.0,Self Study,No,Yes,High,Medium,100.0,100.0,Excellent,No Comment
R3851,S0745,2026-04-03,13.0,Female,Grade 9,Public,Science,4.0,7.7,2.6,87.0,100.0,Online Videos,Yes,Yes,Low,High,88.0,100.0,Excellent,No Comment
R0950,S0225,2026-02-01,16.0,Female,Grade 11,Public,Science,2.0,5.5,4.9,90.0,93.0,Group Study,Yes,Yes,Medium,Medium,83.0,85.0,Good,Absent during some activities
R2100,S0604,2026-02-07,15.0,Male,Grade 10,International,Math,2.9,5.0,3.4,84.0,75.0,Self Study,Yes,Yes,Medium,High,90.0,96.0,Excellent,Excellent focus
R1546,S0083,2026-04-17,17.0,Male,Grade 12,Public,History,3.0,7.5,3.0,75.0,73.0,Self Study,No,Yes,High,High,90.0,83.0,Good,Good analytical thinking
R1114,S0705,2026-04-15,17.0,Female,Grade 12,International,History,6.2,8.8,5.6,91.0,70.0,Self Study,No,Yes,High,High,97.0,100.0,Excellent,Absent during some activities
R3527,S0004,2026-03-09,14.0,Male,Grade 9,Private,Computer Science,1.1,8.7,5.0,83.0,76.0,Group Study,No,Yes,High,Medium,75.0,90.0,Excellent,No Comment
R0761,S0489,2026-02-22,15.0,Male,Grade 10,Public,Science,1.5,7.5,4.3,77.0,95.0,Group Study,No,Yes,Medium,Low,91.0,92.0,Excellent,No Comment
R3274,S0733,2026-02-11,14.0,Male,Grade 9,Private,History,3.2,7.0,4.2,87.0,57.0,Self Study,Yes,Yes,High,High,86.0,100.0,Excellent,Consistent effort
R1091,S0113,2026-04-20,14.0,Female,Grade 9,Private,History,3.0,7.2,2.3,80.0,95.0,Notebook / Notes,No,Yes,Low,Low,74.0,85.0,Good,No Comment
R2539,S0508,2026-02-28,14.0,Female,Grade 9,Public,Math,4.3,7.2,5.0,85.0,94.0,Group Study,No,Yes,Low,Medium,100.0,100.0,Excellent,Needs revision plan
R0465,S0546,2026-04-30,13.0,Female,Grade 12,Public,History,2.8,6.1,1.0,78.0,59.0,Online Videos,Yes,Yes,Medium,Medium,94.0,100.0,Excellent,Consistent effort
R0331,S0043,2026-04-05,14.0,Male,Grade 9,Public,Computer Science,4.6,7.8,3.9,81.0,80.0,Online Videos,No,Yes,Medium,High,90.0,97.0,Excellent,Homework quality varies
R3641,S0072,2026-03-07,17.0,Male,Grade 12,Private,Math,3.2,7.2,4.8,81.0,76.0,Notebook / Notes,No,Yes,Medium,Medium,98.0,92.0,Excellent,Absent during some activities
R0385,S0394,2026-03-05,16.0,Male,Grade 12,Public,History,1.5,7.5,4.9,82.0,71.0,Online Videos,Yes,Yes,Low,Low,88.0,92.0,Excellent,Needs better time management
R1788,S0606,2026-02-11,15.0,Male,Grade 9,Private,Computer Science,1.6,8.3,4.4,82.0,66.0,Private Tutor,No,Yes,Low,High,98.0,88.0,Good,Improved this term
R2624,S0342,2026-03-19,13.0,Female,Grade 8,International,History,1.6,8.7,4.2,94.0,85.0,Notebook / Notes,No,Yes,High,Medium,93.0,82.0,Good,Consistent effort
R1396,S0306,2026-02-14,14.0,Female,Grade 9,Public,History,2.2,7.8,6.7,87.0,82.0,Self Study,Yes,Yes,Low,Medium,84.0,88.0,Good,Absent during some activities
R3646,S0513,2026-02-26,13.0,Female,Grade 8,Private,English,2.6,8.2,1.1,92.0,65.0,Online Videos,No,Yes,High,High,80.0,84.0,Good,Often distracted
R3740,S0043,2026-04-12,14.0,Female,Grade 9,International,Science,1.7,8.1,5.5,87.0,81.0,Notebook / Notes,No,Yes,Medium,Medium,83.0,92.0,Good,No Comment
R3077,S0415,2026-02-22,14.0,Male,Grade 9,Private,Math,4.9,8.1,4.2,84.0,51.0,Self Study,No,Yes,Medium,Medium,73.0,88.0,Good,Consistent effort
R3097,S0579,2026-04-10,15.0,Female,Grade 10,International,History,0.6,6.1,3.9,100.0,43.0,Self Study,No,No,Medium,High,95.0,95.0,Excellent,No Comment
R3799,S0744,2026-04-06,14.0,Female,Grade 9,Public,Math,4.1,6.8,3.9,98.0,70.0,Group Study,No,Yes,Medium,Low,92.0,97.0,Excellent,Homework quality varies
R2237,S0261,2026-03-25,14.0,Female,Grade 9,Public,Computer Science,4.0,8.0,5.3,86.0,89.0,Self Study,Yes,Yes,Medium,Medium,100.0,99.0,Excellent,No Comment
R1644,S0143,2026-02-20,15.0,Female,Grade 10,Private,Computer Science,3.2,7.3,2.0,93.0,76.0,Notebook / Notes,Yes,No,Low,Medium,90.0,100.0,Excellent,Strong participation
R1998,S0260,2026-02-18,15.0,Female,Grade 10,Public,English,2.3,6.2,7.5,93.0,72.0,Self Study,No,Yes,Medium,Medium,79.0,80.0,Good,Improved this term
R1623,S0577,2026-03-16,13.0,Female,Grade 8,Private,Math,3.9,8.2,3.3,95.0,73.0,Private Tutor,Yes,Yes,Medium,High,99.0,92.0,Excellent,Good analytical thinking
R2081,S0102,2026-02-12,14.0,Female,Grade 9,Public,History,4.5,7.9,4.4,93.0,90.0,Online Videos,No,Yes,Medium,High,90.0,100.0,Excellent,Consistent effort
R2997,S0034,2026-03-23,17.0,Male,Grade 12,International,Science,0.7,6.6,4.2,87.0,37.0,Self Study,No,Yes,High,Medium,72.0,78.0,Good,Needs better time management
R2560,S0346,2026-02-20,14.0,Male,Grade 9,Public,Science,3.4,6.6,4.2,97.0,94.0,Online Videos,No,Yes,Low,High,100.0,100.0,Excellent,No Comment
R1212,S0472,2026-02-19,16.0,Male,Grade 11,Public,Computer Science,0.0,8.6,4.4,75.0,77.0,Notebook / Notes,Yes,Yes,Low,High,69.0,81.0,Excellent,Improved this term
R2405,S0258,2026-03-30,14.0,Male,Grade 9,Private,Computer Science,3.5,8.2,3.3,76.0,65.0,Notebook / Notes,No,Yes,High,High,100.0,97.0,Excellent,No Comment
R0067,S0122,2026-04-26,17.0,Male,Grade 12,Public,Computer Science,3.2,8.7,4.3,78.0,80.0,Online Videos,No,Yes,Low,Medium,74.0,83.0,Good,Strong participation
R2430,S0014,2026-05-01,17.0,Female,Grade 12,Private,English,3.1,6.9,3.8,87.0,63.0,Self Study,Yes,Yes,High,Low,89.0,96.0,Excellent,Absent during some activities
R3714,S0371,2026-04-26,15.0,Male,Grade 10,Public,Science,4.2,8.7,4.6,97.0,65.0,Online Videos,No,Yes,Medium,Low,96.0,100.0,Excellent,Needs better time management
R0502,S0394,2026-04-30,14.0,Female,Grade 9,Private,Math,5.4,8.8,7.9,82.0,69.0,Private Tutor,No,No,Low,Medium,100.0,99.0,Excellent,Needs better time management
R2313,S0349,2026-04-11,17.0,Female,Grade 9,Private,English,5.2,5.7,4.5,98.0,79.0,Private Tutor,Yes,Yes,Medium,High,100.0,100.0,Excellent,Strong participation
R1590,S0007,2026-04-27,13.0,Female,Grade 8,Public,Computer Science,4.2,7.4,2.5,99.0,60.0,Notebook / Notes,No,Yes,Low,High,90.0,100.0,Excellent,Improved this term
R1997,S0491,2026-03-27,14.0,Female,Grade 9,Private,Math,4.0,7.2,5.5,87.0,99.0,Notebook / Notes,No,Yes,Medium,High,79.0,91.0,Excellent,Needs revision plan
R2191,S0458,2026-03-18,15.0,Male,Grade 10,Public,Math,3.5,6.3,5.4,91.0,70.0,Notebook / Notes,No,Yes,Low,High,89.0,100.0,Excellent,No Comment
R3483,S0588,2026-02-06,16.0,Male,Grade 11,Public,Math,4.6,7.0,4.2,90.0,64.0,Group Study,Yes,Yes,Medium,High,89.0,91.0,Excellent,Absent during some activities
R1044,S0147,2026-04-14,16.0,Female,Grade 11,Public,Math,1.5,7.7,3.3,88.0,99.0,Group Study,Yes,Yes,Medium,Medium,80.0,85.0,Good,Needs better time management
R1923,S0172,2026-04-13,14.0,Female,Grade 10,Private,Science,1.6,8.0,4.4,85.0,62.0,Notebook / Notes,No,Yes,Medium,Medium,90.0,92.0,Excellent,Strong participation
R0491,S0517,2026-03-19,17.0,Female,Grade 12,International,History,3.6,7.1,3.5,79.0,83.0,Notebook / Notes,No,No,Medium,Medium,95.0,92.0,Excellent,Consistent effort
R1699,S0722,2026-02-12,14.0,Male,Grade 9,Private,History,2.2,8.4,3.6,82.0,78.0,Group Study,No,No,Medium,Medium,93.0,92.0,Excellent,Strong participation
R2985,S0135,2026-03-18,14.0,Female,Grade 9,Public,Math,3.2,7.9,0.5,87.0,76.0,Private Tutor,No,Yes,High,Medium,92.0,100.0,Excellent,Strong participation
R3609,S0295,2026-03-22,13.0,Male,Grade 8,Private,Computer Science,4.3,8.1,5.2,100.0,76.0,Notebook / Notes,No,Yes,High,Medium,90.0,96.0,Excellent,Improved this term
R3688,S0598,2026-04-25,13.0,Female,Grade 9,Private,Science,3.4,6.8,4.2,81.0,82.0,Self Study,No,Yes,Low,Low,86.0,86.0,Good,Needs better time management
R3776,S0696,2026-04-26,17.0,Male,Grade 12,International,History,3.6,7.6,4.9,79.0,77.0,Notebook / Notes,Yes,Yes,Low,Medium,100.0,100.0,Excellent,Needs revision plan
R3745,S0729,2026-03-16,13.0,Female,Grade 8,Private,Computer Science,2.3,7.1,1.2,86.0,79.0,Self Study,No,Yes,Medium,Low,100.0,100.0,Excellent,No Comment
R2718,S0644,2026-02-24,15.0,Female,Grade 10,International,Math,3.5,6.8,3.5,81.0,83.0,Online Videos,Yes,Yes,High,Medium,76.0,82.0,Good,Homework quality varies
R1230,S0465,2026-02-04,17.0,Male,Grade 8,Private,Science,4.7,6.6,4.2,73.0,64.0,Private Tutor,No,Yes,Low,Low,88.0,92.0,Good,Needs revision plan
R1714,S0321,2026-02-15,16.0,Male,Grade 11,Public,History,2.2,5.6,4.8,75.0,98.0,Group Study,No,Yes,High,Low,72.0,68.0,Pass,Consistent effort
R0659,S0059,2026-02-14,13.0,Female,Grade 12,Public,Science,3.9,8.7,3.7,85.0,90.0,Online Videos,No,Yes,Medium,Low,86.0,100.0,Excellent,Excellent focus
R3723,S0697,2026-04-23,14.0,Female,Grade 9,Public,Computer Science,4.4,8.2,2.9,94.0,71.0,Self Study,Yes,Yes,Low,Medium,100.0,100.0,Excellent,No Comment
R3880,S0227,2026-04-20,17.0,Male,Grade 12,Private,Computer Science,5.3,7.0,4.3,84.0,61.0,Self Study,Yes,Yes,High,Medium,83.0,91.0,Excellent,Excellent focus
R1270,S0425,2026-02-14,16.0,Female,Grade 11,Private,Computer Science,1.3,4.8,5.9,93.0,76.0,Online Videos,No,Yes,Low,Medium,80.0,89.0,Good,Consistent effort
R1517,S0691,2026-03-11,14.0,Male,Grade 9,Public,English,4.5,9.0,2.7,96.0,71.0,Group Study,No,Yes,High,Medium,100.0,100.0,Excellent,Homework quality varies
R3087,S0465,2026-04-12,16.0,Male,Grade 11,International,Computer Science,3.4,6.8,3.9,90.0,73.0,Online Videos,Yes,Yes,High,High,100.0,100.0,Excellent,Needs better time management
R1980,S0173,2026-03-08,16.0,Male,Grade 11,Private,History,5.9,8.0,4.7,88.0,76.0,Self Study,No,Yes,Medium,High,97.0,100.0,Excellent,Needs better time management
R2874,S0316,2026-04-02,14.0,Male,Grade 9,Private,English,0.8,8.5,0.5,87.0,98.0,Group Study,No,Yes,Medium,Medium,77.0,83.0,Good,Good analytical thinking
R1461,S0265,2026-04-20,15.0,Male,Grade 10,Public,Computer Science,1.0,7.2,5.8,100.0,98.0,Self Study,No,No,High,Medium,77.0,92.0,Excellent,Absent during some activities
R3561,S0685,2026-04-15,15.0,Male,Grade 10,Public,Math,0.5,7.2,6.6,95.0,77.0,Private Tutor,Yes,Yes,Low,High,79.0,86.0,Good,Homework quality varies
R2653,S0083,2026-03-16,15.0,Female,Grade 10,International,History,3.4,6.7,5.9,79.0,53.0,Self Study,No,No,High,High,79.0,88.0,Good,No Comment
R0389,S0412,2026-02-03,14.0,Female,Grade 9,Private,Computer Science,3.2,5.7,5.0,87.0,87.0,Group Study,Yes,Yes,Medium,Medium,83.0,90.0,Excellent,Needs revision plan
R3890,S0569,2026-04-28,16.0,Male,Grade 11,Private,Math,3.0,7.4,4.4,87.0,86.0,Notebook / Notes,No,No,Low,Low,82.0,97.0,Excellent,No Comment
R1996,S0376,2026-04-09,14.0,Female,Grade 9,Private,History,2.8,7.4,4.9,83.0,79.0,Self Study,No,Yes,Medium,Medium,81.0,90.0,Excellent,No Comment
R0557,S0468,2026-03-07,16.0,Male,Grade 11,Public,Math,0.6,7.4,5.5,99.0,59.0,Self Study,No,Yes,Medium,Medium,65.0,72.0,Pass,Good analytical thinking
R2201,S0701,2026-03-18,13.0,Male,Grade 8,Private,History,2.9,8.0,2.8,77.0,56.0,Group Study,No,Yes,Medium,Low,81.0,88.0,Good,No Comment
R2512,S0530,2026-03-10,15.0,Female,Grade 10,Private,History,5.8,6.6,0.6,96.0,80.0,Online Videos,No,Yes,Low,High,100.0,100.0,Excellent,Often distracted
R3020,S0473,2026-04-17,15.0,Female,Grade 10,Public,History,1.0,6.4,4.5,92.0,59.0,Group Study,No,Yes,High,High,63.0,73.0,Pass,Strong participation
R3732,S0588,2026-04-07,14.0,Female,Grade 9,Public,Computer Science,3.2,6.1,4.3,92.0,91.0,Self Study,No,Yes,Medium,Medium,91.0,93.0,Excellent,Needs better time management
R3445,S0714,2026-04-24,16.0,Female,Grade 11,Private,Math,4.2,6.5,3.4,89.0,73.0,Self Study,No,Yes,High,Medium,93.0,89.0,Good,No Comment
R0455,S0322,2026-03-03,16.0,Female,Grade 11,Public,History,2.6,6.8,1.8,83.0,87.0,Group Study,Yes,No,Low,High,100.0,100.0,Excellent,Needs revision plan
R2913,S0665,2026-04-05,14.0,Female,Grade 9,Public,English,3.1,6.8,5.1,78.0,63.0,Group Study,No,Yes,Medium,Medium,83.0,82.0,Good,Good analytical thinking
R1133,S0344,2026-05-01,13.0,Female,Grade 8,Private,Math,4.0,7.5,4.6,81.0,100.0,Self Study,Yes,Yes,Medium,Low,100.0,100.0,Excellent,Excellent focus
R3519,S0267,2026-03-18,15.0,Female,Grade 10,Public,Math,4.4,8.1,4.7,83.0,78.0,Self Study,Yes,Yes,Low,High,100.0,100.0,Excellent,No Comment
R3263,S0372,2026-02-07,14.0,Female,Grade 9,Private,Math,1.9,6.2,5.6,99.0,97.0,Self Study,Yes,Yes,High,Medium,72.0,93.0,Excellent,Often distracted
R3772,S0066,2026-04-17,16.0,Male,Grade 9,Private,Science,4.1,7.5,2.0,87.0,50.0,Online Videos,No,Yes,Low,High,81.0,89.0,Good,Absent during some activities
R0569,S0436,2026-03-07,16.0,Male,Grade 11,Private,Math,4.6,5.4,2.5,82.0,89.0,Group Study,No,Yes,Low,Medium,100.0,99.0,Excellent,Excellent focus
R1684,S0285,2026-02-18,13.0,Male,Grade 8,International,English,4.6,6.8,7.0,88.0,95.0,Online Videos,No,Yes,Medium,Medium,90.0,84.0,Good,Improved this term
R3574,S0595,2026-04-20,14.0,Male,Grade 9,Private,Computer Science,3.2,5.9,3.3,81.0,76.0,Online Videos,Yes,Yes,Medium,Low,77.0,87.0,Good,Excellent focus
R1351,S0286,2026-04-03,13.0,Male,Grade 8,Public,History,3.2,8.6,4.3,90.0,76.0,Private Tutor,Yes,No,Medium,Medium,100.0,100.0,Excellent,No Comment
R1695,S0589,2026-02-06,17.0,Male,Grade 12,Private,Computer Science,3.3,7.2,6.3,86.0,80.0,Self Study,Yes,Yes,Medium,Medium,97.0,94.0,Excellent,Homework quality varies
R2456,S0069,2026-01-04,14.0,Male,Grade 9,Public,Science,4.7,7.2,4.2,72.0,65.0,Online Videos,No,Yes,Medium,High,97.0,95.0,Excellent,Needs better time management
R0227,S0250,2026-03-09,13.0,Male,Grade 8,Private,Computer Science,3.5,6.5,3.8,87.0,84.0,Notebook / Notes,Yes,Yes,Medium,High,91.0,100.0,Excellent,Strong participation
R2582,S0111,2026-02-20,14.0,Female,Grade 9,Public,Computer Science,0.0,6.0,5.5,97.0,84.0,Online Videos,No,Yes,High,Low,87.0,82.0,Good,Improved this term
R3782,S0023,2026-05-01,17.0,Female,Grade 12,Public,History,2.2,7.7,4.9,93.0,65.0,Online Videos,Yes,Yes,High,Medium,87.0,83.0,Good,Improved this term
R2815,S0196,2026-02-16,13.0,Female,Grade 12,Private,Computer Science,4.7,6.4,3.5,81.0,76.0,Self Study,No,Yes,Medium,Medium,96.0,100.0,Excellent,Improved this term
R3236,S0277,2026-04-07,17.0,Male,Grade 12,Public,History,5.7,5.2,4.2,100.0,100.0,Online Videos,No,Yes,Low,Medium,100.0,100.0,Excellent,No Comment
R3121,S0128,2026-03-19,16.0,Male,Grade 11,Private,History,5.3,7.0,4.2,82.0,88.0,Notebook / Notes,No,Yes,Medium,High,100.0,100.0,Excellent,Needs revision plan
R2461,S0400,2026-05-01,13.0,Female,Grade 8,Public,Computer Science,4.0,7.2,3.1,91.0,76.0,Online Videos,Yes,No,Low,Medium,100.0,100.0,Excellent,Excellent focus
R2170,S0453,2026-03-17,15.0,Male,Grade 10,Private,Math,4.1,6.8,1.8,86.0,63.0,Self Study,No,Yes,Medium,Low,100.0,96.0,Excellent,Homework quality varies
R1621,S0337,2026-04-30,13.0,Female,Grade 8,Public,Computer Science,5.0,9.1,4.2,82.0,100.0,Self Study,No,Yes,Low,Low,94.0,97.0,Excellent,Needs better time management
R0964,S0205,2026-02-21,17.0,Male,Grade 12,Private,English,3.9,7.3,2.3,98.0,69.0,Online Videos,No,Yes,Medium,Medium,100.0,100.0,Excellent,Often distracted
R1275,S0346,2026-05-01,17.0,Female,Grade 12,Public,Computer Science,3.9,6.9,5.9,96.0,73.0,Private Tutor,Yes,Yes,High,High,93.0,98.0,Excellent,No Comment
R1435,S0087,2026-04-10,17.0,Male,Grade 12,Public,Computer Science,6.0,7.1,5.0,77.0,92.0,Group Study,No,Yes,Medium,Low,100.0,100.0,Excellent,Excellent focus
R2673,S0712,2026-02-22,17.0,Male,Grade 12,Private,English,5.7,7.2,5.4,90.0,71.0,Online Videos,No,Yes,Medium,Low,100.0,92.0,Excellent,Homework quality varies
R0381,S0222,2026-07-02,13.0,Male,Grade 9,Public,Math,1.4,8.5,7.6,84.0,100.0,Self Study,Yes,Yes,Medium,High,100.0,94.0,Excellent,Often distracted
R3843,S0709,2026-04-13,17.0,Male,Grade 12,Private,History,2.5,7.4,4.7,84.0,80.0,Online Videos,No,Yes,Medium,High,100.0,96.0,Excellent,No Comment
R0778,S0682,2026-02-26,16.0,Male,Grade 11,Private,Computer Science,4.8,8.6,4.2,92.0,72.0,Self Study,No,Yes,Medium,High,71.0,96.0,Excellent,Needs revision plan
R3690,S0711,2026-04-20,16.0,Female,Grade 11,Public,English,3.9,8.8,1.1,90.0,83.0,Online Videos,No,No,Medium,High,97.0,92.0,Excellent,Consistent effort
R0187,S0221,2026-04-17,17.0,Female,Grade 12,International,Science,3.2,7.9,4.3,77.0,100.0,Private Tutor,Yes,Yes,Low,Medium,90.0,100.0,Excellent,Needs revision plan
R2979,S0054,2026-02-10,14.0,Female,Grade 9,Public,History,2.1,7.6,4.7,100.0,56.0,Private Tutor,No,No,Medium,High,78.0,88.0,Good,Good analytical thinking
R0934,S0722,2026-02-21,15.0,Female,Grade 10,Private,Science,3.8,7.9,3.4,82.0,69.0,Group Study,No,Yes,Low,High,93.0,94.0,Excellent,Consistent effort
R2572,S0465,2026-02-19,13.0,Female,Grade 8,Public,Math,4.0,7.5,1.7,82.0,76.0,Online Videos,Yes,Yes,Medium,Medium,100.0,93.0,Excellent,No Comment
R0821,S0315,2026-04-23,13.0,Male,Grade 8,International,Computer Science,2.5,7.5,4.2,82.0,59.0,Group Study,Yes,Yes,High,Medium,73.0,83.0,Good,Improved this term
R2082,S0618,2026-03-01,16.0,Female,Grade 12,International,Math,3.2,7.3,4.8,100.0,100.0,Private Tutor,Yes,Yes,Low,Low,100.0,100.0,Excellent,No Comment
R1070,S0394,2026-04-14,13.0,Male,Grade 8,Public,Computer Science,2.0,7.2,2.5,97.0,90.0,Self Study,No,Yes,Medium,High,82.0,91.0,Excellent,Strong participation
R2116,S0219,2026-03-22,14.0,Female,Grade 9,Public,History,0.8,8.6,2.8,100.0,99.0,Self Study,No,Yes,Medium,Low,77.0,68.0,Pass,Consistent effort
R0985,S0434,2026-03-30,17.0,Female,Grade 12,Public,History,2.8,7.3,1.4,84.0,47.0,Online Videos,No,No,Low,High,78.0,94.0,Excellent,Improved this term
R1427,S0266,2026-03-05,16.0,Female,Grade 11,Public,Computer Science,1.3,6.3,2.4,76.0,63.0,Notebook / Notes,No,No,Medium,Medium,76.0,94.0,Excellent,Absent during some activities
R1979,S0403,2026-04-14,16.0,Male,Grade 11,International,Math,3.8,7.3,2.7,81.0,69.0,Notebook / Notes,No,Yes,Medium,High,100.0,100.0,Excellent,Needs revision plan
R2959,S0207,2026-02-15,17.0,Male,Grade 12,International,Science,4.6,6.1,2.6,84.0,97.0,Self Study,No,Yes,Low,High,100.0,100.0,Excellent,Excellent focus
R2612,S0627,2026-04-02,14.0,Female,Grade 9,Private,Computer Science,4.1,7.2,0.8,94.0,66.0,Group Study,Yes,Yes,Medium,Medium,94.0,100.0,Excellent,Consistent effort
R2012,S0693,2026-04-18,13.0,Male,Grade 8,Private,Computer Science,3.8,6.5,5.1,87.0,68.0,Group Study,No,Yes,Medium,Medium,91.0,94.0,Excellent,Often distracted
R0333,S0401,2026-02-17,16.0,Female,Grade 9,Public,English,3.0,7.2,2.3,85.0,68.0,Private Tutor,Yes,Yes,Medium,Medium,94.0,91.0,Excellent,Strong participation
R2799,S0161,2026-02-24,14.0,Male,Grade 9,Public,History,2.7,7.1,6.1,100.0,76.0,Online Videos,No,Yes,Medium,High,100.0,99.0,Excellent,Good analytical thinking
R1143,S0294,2026-04-10,15.0,Female,Grade 10,Public,English,2.5,7.2,4.0,85.0,88.0,Self Study,No,Yes,Medium,Medium,95.0,99.0,Excellent,Consistent effort
R0365,S0163,2026-02-28,13.0,Female,Grade 12,Public,Science,3.2,5.1,5.1,91.0,65.0,Self Study,No,Yes,Medium,Medium,64.0,86.0,Good,Good analytical thinking
R1068,S0494,2026-03-25,17.0,Male,Grade 11,Private,Math,3.0,7.2,2.2,87.0,77.0,Group Study,Yes,Yes,Medium,Low,93.0,94.0,Excellent,Homework quality varies
R1293,S0373,2026-04-09,16.0,Female,Grade 11,Private,Science,1.6,7.8,6.9,97.0,53.0,Self Study,No,Yes,High,Medium,58.0,92.0,Needs Improvement,Needs revision plan
R1424,S0621,2026-03-10,13.0,Male,Grade 8,International,History,3.6,7.1,3.0,76.0,70.0,Self Study,No,Yes,Medium,High,100.0,96.0,Excellent,No Comment
R0425,S0091,2026-02-07,13.0,Female,Grade 8,Private,Science,0.5,7.8,4.2,90.0,62.0,Online Videos,No,Yes,Medium,Medium,98.0,95.0,Excellent,Good analytical thinking
R2392,S0626,2026-03-28,15.0,Female,Grade 10,Private,Science,1.4,7.2,5.8,84.0,46.0,Self Study,No,Yes,High,High,75.0,73.0,Pass,Absent during some activities
R1499,S0234,2026-03-11,13.0,Male,Grade 8,Public,Computer Science,1.6,7.0,2.9,79.0,92.0,Notebook / Notes,Yes,Yes,Medium,Medium,90.0,88.0,Good,Needs better time management
R2465,S0167,2026-05-01,17.0,Male,Grade 12,Private,Science,2.8,6.1,7.4,79.0,81.0,Self Study,No,Yes,High,Medium,80.0,75.0,Good,No Comment
R3289,S0308,2026-02-24,17.0,Female,Grade 12,Public,History,4.1,7.2,3.7,90.0,75.0,Group Study,No,Yes,Medium,Medium,93.0,100.0,Excellent,No Comment
R0179,S0134,2026-02-18,14.0,Female,Grade 9,Public,English,4.5,6.4,1.6,87.0,92.0,Online Videos,Yes,Yes,High,High,100.0,100.0,Excellent,Excellent focus
R1569,S0001,2026-03-27,13.0,Female,Grade 8,Public,History,3.7,5.1,5.3,95.0,59.0,Self Study,Yes,Yes,Low,High,100.0,96.0,Excellent,Consistent effort
R0043,S0657,2026-02-18,13.0,Female,Grade 8,Private,History,4.8,7.2,3.4,89.0,91.0,Self Study,No,Yes,Medium,High,100.0,100.0,Excellent,No Comment
R1727,S0354,2026-03-07,13.0,Female,Grade 8,Private,Computer Science,4.4,7.8,2.9,82.0,79.0,Online Videos,No,Yes,High,Medium,93.0,93.0,Excellent,Absent during some activities
R3018,S0450,2026-03-05,14.0,Male,Grade 9,Public,History,3.8,8.1,4.6,75.0,79.0,Self Study,No,Yes,Medium,Medium,90.0,87.0,Good,Good analytical thinking
R2752,S0668,2026-03-24,17.0,Female,Grade 12,International,Computer Science,5.2,8.1,0.5,83.0,84.0,Self Study,No,Yes,High,High,100.0,100.0,Excellent,Excellent focus
R2505,S0374,2026-04-26,17.0,Male,Grade 12,Public,English,2.1,5.8,3.8,98.0,64.0,Self Study,No,Yes,High,Low,86.0,82.0,Good,Strong participation
R2168,S0678,2026-04-08,13.0,Female,Grade 8,Public,Science,2.7,8.7,4.4,85.0,100.0,Self Study,No,Yes,Medium,Medium,85.0,87.0,Good,Needs revision plan
R0819,S0476,2026-03-09,15.0,Male,Grade 10,Public,English,3.2,7.2,4.5,70.0,58.0,Self Study,Yes,Yes,Low,Low,96.0,90.0,Excellent,Homework quality varies
R1500,S0038,2026-03-30,16.0,Female,Grade 11,Private,Science,5.2,6.1,1.3,89.0,100.0,Group Study,No,Yes,Low,Low,89.0,100.0,Excellent,Consistent effort
R0063,S0688,2026-02-24,13.0,Female,Grade 8,Private,Math,1.8,6.4,5.6,85.0,76.0,Online Videos,No,Yes,Medium,Medium,64.0,63.0,Pass,Needs revision plan
R1074,S0185,2026-04-04,14.0,Female,Grade 9,International,Computer Science,0.5,6.8,4.0,86.0,73.0,Group Study,No,Yes,Low,High,76.0,86.0,Good,Homework quality varies
R3206,S0454,2026-02-28,17.0,Female,Grade 10,Public,Computer Science,3.2,6.7,2.9,88.0,76.0,Self Study,Yes,Yes,High,High,77.0,79.0,Good,Excellent focus
R1126,S0122,2026-02-13,17.0,Male,Grade 12,International,Science,3.8,6.6,6.9,77.0,62.0,Online Videos,No,Yes,Low,Low,83.0,81.0,Good,No Comment
R2728,S0482,2026-02-21,15.0,Female,Grade 10,Public,Math,6.4,8.0,3.3,94.0,92.0,Online Videos,No,Yes,Low,High,100.0,100.0,Excellent,Strong participation
R1205,S0528,2026-02-28,14.0,Female,Grade 9,Private,Science,1.7,6.0,4.8,82.0,75.0,Notebook / Notes,No,Yes,Medium,High,82.0,87.0,Good,No Comment
R2607,S0402,2026-03-30,13.0,Male,Grade 9,Public,Computer Science,2.0,5.0,1.2,92.0,86.0,Notebook / Notes,Yes,Yes,Medium,Medium,94.0,100.0,Excellent,No Comment
R0146,S0568,2026-03-31,15.0,Male,Grade 10,Public,History,2.7,7.0,4.0,89.0,80.0,Online Videos,No,Yes,Low,Low,85.0,82.0,Good,Consistent effort
R0911,S0618,2026-03-18,17.0,Male,Grade 12,Public,Science,5.1,6.6,5.6,84.0,87.0,Online Videos,No,Yes,High,Medium,79.0,89.0,Good,Strong participation
R1596,S0544,2026-05-03,17.0,Male,Grade 12,International,English,5.4,8.5,4.2,77.0,73.0,Self Study,No,Yes,Medium,Medium,100.0,100.0,Excellent,Strong participation
R3755,S0044,2026-03-17,13.0,Female,Grade 8,International,Science,3.9,8.5,2.2,100.0,71.0,Online Videos,No,Yes,Low,Medium,88.0,92.0,Excellent,Strong participation
R2283,S0721,2026-03-10,14.0,Female,Grade 9,Private,Math,5.4,7.2,2.0,68.0,79.0,Self Study,Yes,Yes,Medium,Medium,98.0,99.0,Excellent,Absent during some activities
R0448,S0222,2026-02-03,14.0,Female,Grade 12,Private,Science,0.4,7.6,4.8,85.0,63.0,Private Tutor,No,Yes,Low,Medium,75.0,91.0,Excellent,Excellent focus
R1222,S0502,2026-04-14,17.0,Male,Grade 12,International,History,3.7,6.3,6.5,85.0,71.0,Notebook / Notes,No,Yes,Medium,High,77.0,94.0,Excellent,Needs better time management
R3053,S0206,2026-03-18,14.0,Male,Grade 9,Public,Computer Science,3.3,6.3,4.7,76.0,57.0,Group Study,Yes,Yes,Low,High,100.0,100.0,Excellent,No Comment
R1903,S0512,2026-03-09,13.0,Male,Grade 8,Public,Math,5.6,6.2,4.2,98.0,60.0,Private Tutor,Yes,Yes,Medium,Medium,100.0,100.0,Excellent,Excellent focus
R0835,S0107,2026-02-01,15.0,Male,Grade 12,International,English,2.1,5.9,0.5,89.0,76.0,Self Study,No,Yes,Medium,Medium,97.0,92.0,Excellent,Strong participation
R3238,S0170,2026-03-15,14.0,Female,Grade 9,International,English,2.7,6.5,6.4,100.0,45.0,Online Videos,No,Yes,High,Medium,66.0,83.0,Good,Needs revision plan
R2735,S0616,2026-04-21,16.0,Female,Grade 11,Private,History,3.6,7.5,5.5,87.0,62.0,Online Videos,Yes,Yes,Medium,Medium,80.0,100.0,Excellent,No Comment
R3805,S0666,2026-03-01,14.0,Male,Grade 10,International,Science,2.4,6.9,4.5,87.0,64.0,Self Study,No,Yes,Low,Medium,74.0,92.0,Excellent,Often distracted
R1963,S0002,2026-04-21,13.0,Female,Grade 8,Private,English,2.2,7.1,3.3,100.0,65.0,Group Study,Yes,Yes,Medium,Medium,100.0,93.0,Excellent,Needs better time management
R1958,S0635,2026-02-28,15.0,Female,Grade 11,Private,Computer Science,1.9,7.9,4.5,85.0,84.0,Group Study,No,Yes,Medium,High,77.0,85.0,Good,No Comment
R3832,S0527,2026-04-15,14.0,Male,Grade 9,Public,Math,3.9,7.6,0.5,87.0,72.0,Self Study,No,Yes,High,Medium,72.0,79.0,Good,Often distracted
R1189,S0728,2026-03-19,13.0,Male,Grade 8,International,Math,4.8,6.3,3.7,81.0,85.0,Online Videos,No,No,Medium,High,85.0,96.0,Excellent,Needs better time management
R3771,S0361,2026-02-20,13.0,Male,Grade 8,International,English,3.2,6.9,4.2,93.0,77.0,Self Study,No,Yes,Medium,High,87.0,100.0,Excellent,Needs revision plan
R3142,S0624,2026-04-21,17.0,Male,Grade 12,Public,Computer Science,2.1,8.2,5.6,100.0,72.0,Private Tutor,Yes,Yes,Medium,Low,90.0,87.0,Good,Strong participation
R3250,S0627,2026-03-12,13.0,Female,Grade 8,Public,Computer Science,1.9,7.6,5.6,97.0,76.0,Group Study,No,Yes,Medium,Medium,88.0,96.0,Excellent,Strong participation
R0366,S0380,2026-05-01,16.0,Male,Grade 10,Public,English,2.8,7.6,0.8,75.0,74.0,Online Videos,No,Yes,Low,High,92.0,90.0,Excellent,Homework quality varies
R0662,S0103,2026-03-16,14.0,Male,Grade 9,Public,Science,4.3,6.9,4.2,81.0,100.0,Group Study,Yes,No,Medium,Low,91.0,100.0,Excellent,Consistent effort
R0678,S0581,2026-03-08,14.0,Male,Grade 9,Private,Computer Science,2.6,7.2,4.4,92.0,100.0,Notebook / Notes,No,Yes,High,Medium,95.0,87.0,Good,Homework quality varies
R2112,S0013,2026-04-23,15.0,Male,Grade 10,Public,Math,2.1,6.3,6.2,87.0,98.0,Self Study,No,Yes,Medium,High,76.0,67.0,Pass,Strong participation
R0418,S0533,2026-02-23,17.0,Female,Grade 12,International,Math,2.0,6.1,4.6,97.0,85.0,Online Videos,No,Yes,High,Medium,88.0,85.0,Good,Absent during some activities
R3404,S0624,2026-03-08,14.0,Female,Grade 11,International,Math,0.9,6.9,4.4,81.0,77.0,Private Tutor,No,Yes,High,High,70.0,78.0,Good,Homework quality varies
R3572,S0217,2026-02-01,15.0,Male,Grade 11,Public,Computer Science,2.6,8.5,3.0,100.0,43.0,Group Study,Yes,Yes,Medium,High,100.0,100.0,Excellent,Improved this term
R3402,S0546,2026-02-17,15.0,Female,Grade 10,International,Computer Science,0.0,8.5,5.8,86.0,72.0,Online Videos,Yes,Yes,Medium,High,90.0,93.0,Excellent,Needs revision plan
R3608,S0281,2026-02-05,13.0,Male,Grade 8,Public,Computer Science,1.8,7.4,2.0,74.0,79.0,Self Study,No,No,Low,High,85.0,90.0,Excellent,No Comment
R2454,S0682,2026-04-07,13.0,Female,Grade 8,Public,Science,2.8,5.5,5.0,94.0,76.0,Self Study,Yes,Yes,Medium,High,79.0,86.0,Good,No Comment
R1805,S0394,2026-03-18,17.0,Male,Grade 12,Public,Math,4.0,7.1,5.1,80.0,75.0,Group Study,No,Yes,Medium,Low,80.0,92.0,Excellent,Consistent effort
R3509,S0669,2026-04-24,16.0,Female,Grade 11,International,Math,3.2,6.4,4.2,90.0,62.0,Online Videos,Yes,Yes,High,Medium,96.0,86.0,Good,Improved this term
R3812,S0101,2026-02-05,16.0,Male,Grade 11,International,Math,3.5,7.1,1.8,88.0,55.0,Online Videos,Yes,Yes,Medium,Low,94.0,85.0,Good,Often distracted
R0201,S0094,2026-04-08,17.0,Female,Grade 12,Private,History,3.2,7.7,6.1,85.0,77.0,Private Tutor,Yes,No,Medium,High,85.0,94.0,Excellent,Excellent focus
R3839,S0601,2026-02-07,15.0,Female,Grade 10,Private,History,3.2,5.8,6.8,81.0,73.0,Self Study,No,Yes,Low,Medium,61.0,75.0,Good,Needs revision plan
R1417,S0305,2026-02-17,16.0,Male,Grade 11,International,Math,3.8,7.2,7.2,94.0,73.0,Self Study,No,Yes,Low,Medium,83.0,96.0,Excellent,No Comment
R1320,S0223,2026-03-25,14.0,Female,Grade 9,Public,Math,3.1,7.5,3.6,88.0,74.0,Notebook / Notes,No,Yes,High,Medium,72.0,82.0,Good,Consistent effort
R0721,S0458,2026-03-07,14.0,Female,Grade 9,Public,Math,4.7,5.7,2.0,82.0,57.0,Self Study,No,Yes,High,Medium,98.0,100.0,Excellent,No Comment
R2696,S0731,2026-04-06,15.0,Male,Grade 10,Private,Computer Science,3.5,7.2,1.9,80.0,100.0,Group Study,No,No,Medium,High,96.0,100.0,Excellent,No Comment
R1459,S0074,2026-02-10,13.0,Male,Grade 8,Public,Computer Science,3.8,7.7,4.7,90.0,77.0,Private Tutor,Yes,No,High,Medium,100.0,96.0,Excellent,Improved this term
R1451,S0539,2026-05-01,17.0,Female,Grade 9,Private,Math,1.5,5.5,4.9,79.0,78.0,Private Tutor,No,Yes,Medium,Medium,65.0,74.0,Pass,Excellent focus
R2295,S0608,2026-03-20,17.0,Female,Grade 12,Public,English,2.3,7.0,2.6,85.0,76.0,Self Study,No,Yes,Medium,High,93.0,91.0,Excellent,-
R2420,S0169,2026-03-31,15.0,Male,Grade 10,International,Math,3.2,8.1,6.8,90.0,88.0,Self Study,No,Yes,Low,Medium,86.0,81.0,Good,Absent during some activities
R1752,S0565,2026-02-23,17.0,Male,Grade 12,Public,English,3.1,6.6,7.1,91.0,62.0,Online Videos,No,Yes,Low,Medium,82.0,94.0,Excellent,Often distracted
R2730,S0458,2026-04-01,16.0,Female,Grade 11,Public,Math,4.6,6.8,2.7,85.0,75.0,Online Videos,No,No,Medium,High,94.0,92.0,Excellent,No Comment
R0785,S0701,2026-04-21,15.0,Female,Grade 10,International,History,4.1,6.4,4.0,86.0,95.0,Online Videos,No,Yes,High,Low,89.0,89.0,Good,Absent during some activities
R2914,S0176,2026-02-05,15.0,Male,Grade 10,Public,Science,5.5,7.4,4.5,85.0,74.0,Self Study,Yes,Yes,Medium,Medium,87.0,100.0,Excellent,Excellent focus
R3308,S0005,2026-02-03,13.0,Female,Grade 11,Private,Math,3.1,7.6,7.9,89.0,79.0,Online Videos,No,Yes,Medium,High,100.0,100.0,Excellent,Often distracted
R3285,S0483,2026-02-05,14.0,Male,Grade 9,Public,English,3.3,6.7,2.0,81.0,76.0,Self Study,Yes,No,Medium,Low,94.0,91.0,Excellent,No Comment
R0995,S0592,2026-04-02,13.0,Male,Grade 8,Public,Math,3.3,6.6,5.8,66.0,64.0,Notebook / Notes,No,Yes,Low,Medium,84.0,75.0,Good,Needs revision plan
R1463,S0422,2026-02-05,14.0,Male,Grade 9,Private,Computer Science,3.2,7.5,3.6,90.0,90.0,Self Study,No,Yes,Medium,High,100.0,100.0,Excellent,Needs better time management
R2731,S0334,2026-03-02,14.0,Female,Grade 9,Private,Math,4.2,5.8,5.4,82.0,89.0,Notebook / Notes,No,Yes,Medium,High,96.0,93.0,Excellent,Often distracted
R2400,S0264,2026-04-21,14.0,Male,Grade 9,International,English,1.8,8.6,2.3,79.0,65.0,Online Videos,Yes,Yes,High,High,97.0,89.0,Good,Strong participation
R2003,S0279,2026-02-21,17.0,Male,Grade 12,Public,Computer Science,3.7,6.5,5.5,85.0,52.0,Group Study,No,No,Medium,High,88.0,92.0,Excellent,Needs better time management
R1406,S0165,2026-03-01,13.0,Male,Grade 8,Public,Computer Science,5.2,5.1,3.8,86.0,91.0,Self Study,No,Yes,Medium,Medium,88.0,100.0,Excellent,Often distracted
R0294,S0347,2026-03-23,15.0,Male,Grade 10,International,Math,1.6,7.2,4.2,82.0,100.0,Online Videos,Yes,Yes,High,High,75.0,79.0,Good,Often distracted
R1654,S0446,2026-03-19,16.0,Male,Grade 11,International,History,5.1,6.5,4.2,95.0,92.0,Self Study,No,Yes,Medium,Low,94.0,96.0,Excellent,Excellent focus
R3318,S0565,2026-02-14,15.0,Female,Grade 10,Private,Math,3.2,6.8,1.0,91.0,71.0,Notebook / Notes,No,Yes,Medium,High,87.0,92.0,Excellent,Good analytical thinking
R3209,S0023,2026-04-05,17.0,Male,Grade 10,Public,History,5.3,7.7,3.4,91.0,72.0,Group Study,No,No,Medium,High,100.0,97.0,Excellent,Good analytical thinking
R1325,S0511,2026-03-21,13.0,Female,Grade 9,Public,History,4.7,8.2,3.7,92.0,68.0,Online Videos,Yes,Yes,Medium,Medium,100.0,100.0,Excellent,Excellent focus
R0534,S0565,2026-02-02,14.0,Female,Grade 9,Public,History,5.2,6.4,6.3,89.0,53.0,Group Study,No,No,Low,Medium,91.0,95.0,Excellent,Needs better time management
R1829,S0108,2026-11-02,13.0,Female,Grade 8,Public,Computer Science,1.2,5.6,5.7,76.0,76.0,Online Videos,No,Yes,Low,Medium,90.0,77.0,Good,Needs revision plan
R3232,S0487,2026-03-31,17.0,Male,Grade 12,Public,English,1.3,8.3,1.6,74.0,59.0,Private Tutor,Yes,Yes,Medium,Medium,88.0,79.0,Good,Needs revision plan
R2507,S0004,2026-02-21,13.0,Female,Grade 9,International,History,1.7,7.1,4.2,81.0,76.0,Private Tutor,No,Yes,Medium,Low,72.0,83.0,Good,Needs revision plan
R2776,S0302,2026-03-16,13.0,Male,Grade 8,Private,Science,1.7,7.2,3.8,77.0,73.0,Online Videos,Yes,Yes,Medium,Low,100.0,99.0,Excellent,Needs better time management
R3201,S0362,2026-02-01,13.0,Male,Grade 12,International,English,0.0,6.6,3.9,75.0,74.0,Group Study,No,No,Low,Medium,75.0,77.0,Good,Excellent focus
R3488,S0439,2026-03-01,13.0,Female,Grade 11,International,Math,2.7,7.3,3.1,91.0,78.0,Self Study,No,Yes,Medium,Medium,93.0,89.0,Good,No Comment
R0118,S0216,2026-03-28,15.0,Male,Grade 10,Public,Computer Science,4.0,7.6,4.2,86.0,86.0,Self Study,No,Yes,Low,High,87.0,100.0,Excellent,Often distracted
R2243,S0388,2026-04-09,13.0,Male,Grade 8,Public,Science,3.9,9.1,1.9,75.0,92.0,Online Videos,No,Yes,Medium,Medium,100.0,100.0,Excellent,Needs better time management
R3385,S0640,2026-03-24,15.0,Female,Grade 10,International,Science,2.8,6.5,0.5,76.0,84.0,Notebook / Notes,Yes,No,High,Medium,75.0,76.0,Good,Excellent focus
R3769,S0365,2026-04-16,13.0,Female,Grade 8,Private,Science,3.5,7.2,4.2,88.0,91.0,Online Videos,Yes,Yes,Medium,Medium,99.0,100.0,Excellent,No Comment
R2357,S0597,2026-03-13,17.0,Female,Grade 12,Public,Computer Science,2.8,7.9,5.7,85.0,82.0,Self Study,Yes,Yes,Medium,High,90.0,97.0,Excellent,Excellent focus
R1677,S0104,2026-03-15,16.0,Female,Grade 11,Public,Math,2.8,7.9,1.4,96.0,72.0,Private Tutor,No,Yes,Medium,Medium,90.0,92.0,Excellent,Homework quality varies
R1755,S0105,2026-03-31,14.0,Male,Grade 9,Private,Math,4.8,7.1,4.2,71.0,72.0,Online Videos,Yes,Yes,Medium,High,100.0,100.0,Excellent,Needs revision plan
R3366,S0495,2026-04-04,15.0,Male,Grade 10,Public,English,5.3,8.2,4.5,89.0,100.0,Self Study,No,Yes,Medium,Medium,87.0,100.0,Excellent,Excellent focus
R0692,S0479,2026-04-17,14.0,Female,Grade 9,Private,Computer Science,1.8,7.1,3.1,84.0,78.0,Notebook / Notes,No,Yes,Medium,Medium,91.0,89.0,Good,Often distracted
R0773,S0590,2026-04-17,17.0,Female,Grade 12,Public,Computer Science,4.8,9.0,2.5,88.0,83.0,Self Study,Yes,Yes,Medium,Medium,100.0,100.0,Excellent,Strong participation
R3829,S0508,2026-04-04,13.0,Female,Grade 9,Private,Computer Science,3.1,7.3,4.0,76.0,62.0,Group Study,Yes,Yes,Medium,High,81.0,85.0,Good,Consistent effort
R0691,S0197,2026-04-26,16.0,Male,Grade 11,Public,Science,4.3,6.6,2.7,87.0,76.0,Group Study,No,Yes,Medium,Medium,90.0,92.0,Excellent,Strong participation
R2492,S0233,2026-04-08,13.0,Female,Grade 8,International,Science,3.3,6.6,5.0,89.0,66.0,Self Study,No,Yes,High,High,72.0,77.0,Good,Strong participation
R0714,S0564,2026-04-15,16.0,Male,Grade 11,Public,Science,2.3,8.0,5.8,80.0,71.0,Online Videos,No,No,Medium,Medium,87.0,82.0,Good,Strong participation
R2555,S0285,2026-04-14,17.0,Female,Grade 12,Private,English,2.4,6.6,3.3,84.0,78.0,Self Study,No,Yes,Medium,Medium,68.0,78.0,Good,No Comment
R1012,S0342,2026-03-25,13.0,Female,Grade 8,Public,History,3.0,6.5,5.2,85.0,68.0,Online Videos,Yes,Yes,Medium,Medium,74.0,87.0,Good,Excellent focus
R0051,S0307,2026-04-02,14.0,Female,Grade 9,International,Computer Science,2.9,6.7,3.0,96.0,98.0,Self Study,No,Yes,High,Medium,96.0,92.0,Excellent,Needs better time management
R0597,S0065,2026-03-20,16.0,Female,Grade 11,Public,Math,2.5,7.4,4.2,100.0,84.0,Self Study,No,Yes,Medium,High,81.0,88.0,Good,Needs revision plan
R3575,S0255,2026-03-13,16.0,Male,Grade 11,Private,Science,1.2,6.1,6.9,87.0,100.0,Self Study,No,Yes,High,High,79.0,75.0,Good,Absent during some activities
R0015,S0247,2026-04-29,16.0,Female,Grade 11,Private,Computer Science,3.1,7.3,3.9,90.0,65.0,Notebook / Notes,Yes,Yes,Medium,Low,100.0,100.0,Excellent,No Comment
R2513,S0049,2026-04-24,13.0,Female,Grade 8,Public,History,1.0,8.2,4.4,82.0,73.0,Notebook / Notes,No,Yes,Low,Medium,85.0,75.0,Good,Consistent effort
R1030,S0680,2026-03-25,17.0,Female,Grade 12,Private,History,1.9,8.2,4.2,96.0,73.0,Online Videos,Yes,Yes,Medium,Low,97.0,91.0,Excellent,Strong participation
R3172,S0112,2026-03-13,13.0,Male,Grade 8,International,Science,3.2,7.0,3.6,75.0,96.0,Self Study,No,Yes,Medium,High,100.0,100.0,Excellent,Excellent focus
R2065,S0085,2026-02-01,17.0,Male,Grade 12,Public,Math,4.0,7.3,3.0,86.0,83.0,Online Videos,No,Yes,Low,Low,80.0,90.0,Excellent,No Comment
R2308,S0077,2026-02-24,16.0,Female,Grade 11,Private,Math,3.6,7.7,3.3,93.0,80.0,Private Tutor,Yes,Yes,Low,High,100.0,100.0,Excellent,Absent during some activities
R3506,S0376,2026-04-20,13.0,Male,Grade 8,Private,Math,5.2,8.9,4.8,76.0,95.0,Online Videos,No,Yes,Low,High,98.0,100.0,Excellent,Consistent effort
R3381,S0585,2026-03-14,17.0,Female,Grade 12,International,English,2.0,7.4,4.2,87.0,81.0,Private Tutor,No,Yes,Medium,Medium,70.0,79.0,Good,No Comment
R2460,S0544,2026-04-19,14.0,Male,Grade 9,Public,Computer Science,2.9,7.4,6.5,86.0,68.0,Self Study,Yes,Yes,Medium,Medium,84.0,94.0,Excellent,Often distracted
R1028,S0526,2026-03-24,16.0,Female,Grade 11,Public,Computer Science,3.0,8.7,3.1,76.0,78.0,Group Study,Yes,Yes,Medium,Low,92.0,95.0,Excellent,Consistent effort
R3720,S0011,2026-04-23,17.0,Male,Grade 12,Public,English,0.8,6.9,7.4,83.0,99.0,Self Study,No,Yes,Low,High,100.0,85.0,Good,Homework quality varies
R0705,S0144,2026-03-01,13.0,Male,Grade 8,Private,History,2.2,6.7,5.3,88.0,81.0,Self Study,Yes,Yes,Medium,High,91.0,88.0,Good,Improved this term
R2937,S0309,2026-02-13,17.0,Female,Grade 8,Private,Science,3.2,8.1,2.9,82.0,72.0,Online Videos,No,Yes,High,High,99.0,100.0,Excellent,Good analytical thinking
R3199,S0401,2026-03-25,17.0,Male,Grade 12,Public,Computer Science,3.0,6.8,5.1,80.0,56.0,Group Study,No,Yes,High,Medium,83.0,75.0,Good,Absent during some activities
R2936,S0254,2026-04-18,17.0,Female,Grade 12,Private,Math,5.3,5.9,4.7,76.0,68.0,Online Videos,No,Yes,Low,High,88.0,96.0,Excellent,Absent during some activities
R1468,S0718,2026-03-14,15.0,Male,Grade 10,Public,History,3.9,7.2,3.1,86.0,31.0,Online Videos,No,Yes,Medium,Low,82.0,88.0,Good,Strong participation
R3507,S0714,2026-02-03,14.0,Female,Grade 9,Public,English,3.7,7.6,4.8,100.0,73.0,Self Study,Yes,Yes,Medium,High,99.0,100.0,Excellent,Needs revision plan
R3126,S0111,2026-03-22,16.0,Female,Grade 10,Private,Math,4.3,6.6,7.6,88.0,76.0,Group Study,No,Yes,Low,Medium,97.0,94.0,Excellent,Good analytical thinking
R3022,S0562,2026-03-12,17.0,Male,Grade 12,Public,Science,5.1,6.5,1.0,76.0,58.0,Notebook / Notes,No,Yes,Low,Medium,90.0,86.0,Good,Often distracted
R2250,S0398,2026-03-23,17.0,Male,Grade 12,Public,History,2.5,4.9,4.2,87.0,80.0,Self Study,No,Yes,Low,High,66.0,77.0,Good,Needs better time management
R2585,S0385,2026-03-01,17.0,Male,Grade 9,Public,Math,4.2,6.5,5.7,72.0,100.0,Online Videos,No,Yes,Medium,Medium,89.0,94.0,Excellent,Needs revision plan
R2425,S0067,2026-02-16,16.0,Female,Grade 11,International,Computer Science,0.5,8.4,2.5,78.0,99.0,Notebook / Notes,No,No,High,Medium,84.0,75.0,Good,Homework quality varies
R2791,S0263,2026-02-07,14.0,Male,Grade 9,International,Computer Science,2.8,8.3,2.3,91.0,54.0,Self Study,No,Yes,High,Medium,93.0,95.0,Excellent,Absent during some activities
R1493,S0517,2026-04-03,17.0,Male,Grade 12,Public,Math,3.9,8.4,2.3,88.0,89.0,Group Study,No,Yes,Medium,Medium,88.0,100.0,Excellent,Excellent focus
R3576,S0342,2026-04-16,15.0,Male,Grade 10,Private,History,5.1,7.9,1.2,88.0,73.0,Notebook / Notes,No,Yes,Low,High,100.0,100.0,Excellent,Often distracted
R0136,S0705,2026-02-27,14.0,Female,Grade 9,International,History,3.3,8.3,3.5,90.0,52.0,Self Study,No,Yes,Medium,Medium,97.0,100.0,Excellent,Good analytical thinking
R2338,S0726,2026-03-02,17.0,Male,Grade 8,International,English,2.1,8.1,4.8,100.0,73.0,Self Study,No,Yes,Low,Medium,89.0,88.0,Good,Homework quality varies
R1754,S0454,2026-04-03,13.0,Female,Grade 8,Public,Computer Science,3.6,7.1,4.0,94.0,88.0,Group Study,Yes,Yes,Medium,High,87.0,92.0,Excellent,No Comment
R0205,S0423,2026-04-21,17.0,Female,Grade 12,Public,History,4.6,6.0,1.5,75.0,48.0,Self Study,No,Yes,Low,Low,94.0,87.0,Good,Absent during some activities
R3151,S0460,2026-04-17,16.0,Male,Grade 11,Public,History,2.8,6.3,7.3,98.0,64.0,Notebook / Notes,No,Yes,Medium,Low,95.0,81.0,Good,Homework quality varies
R3360,S0114,2026-03-25,15.0,Female,Grade 10,Public,Computer Science,2.3,6.9,5.1,93.0,88.0,Notebook / Notes,Yes,Yes,Low,Low,91.0,94.0,Excellent,Strong participation
R1007,S0411,2026-03-07,17.0,Male,Grade 12,Private,Math,3.2,8.1,6.3,83.0,60.0,Online Videos,No,Yes,High,High,73.0,92.0,Pass,Excellent focus
R2169,S0590,2026-02-28,15.0,Male,Grade 10,Public,English,1.4,7.7,5.0,75.0,76.0,Self Study,No,Yes,Medium,Medium,81.0,92.0,Good,Absent during some activities
R2270,S0071,2026-02-18,13.0,Male,Grade 12,Public,Computer Science,0.9,6.7,1.4,99.0,74.0,Group Study,No,Yes,High,Medium,85.0,80.0,Good,Homework quality varies
R0639,S0228,2026-04-14,15.0,Female,Grade 10,Public,Science,2.9,7.3,5.5,91.0,79.0,Online Videos,No,Yes,Low,Low,76.0,84.0,Good,Often distracted
R2450,S0267,2026-03-30,16.0,Female,Grade 9,Private,Science,3.8,9.1,3.3,85.0,63.0,Private Tutor,No,Yes,Medium,Low,86.0,90.0,Excellent,No Comment
R3436,S0172,2026-03-30,13.0,Male,Grade 8,Private,Computer Science,2.1,7.2,3.6,74.0,68.0,Group Study,No,Yes,Low,Low,86.0,100.0,Excellent,No Comment
R3463,S0402,2026-03-13,17.0,Male,Grade 12,Private,History,5.6,7.6,4.1,83.0,76.0,Group Study,No,Yes,High,Medium,76.0,100.0,Excellent,Needs better time management
R2827,S0575,2026-02-13,16.0,Female,Grade 11,Public,Science,3.7,7.2,3.7,78.0,100.0,Group Study,No,Yes,Medium,High,100.0,100.0,Excellent,Improved this term
R3529,S0728,2026-04-26,15.0,Male,Grade 10,Public,Computer Science,3.7,5.6,2.9,90.0,81.0,Self Study,Yes,Yes,High,Low,85.0,94.0,Excellent,Strong participation
R0495,S0214,2026-02-14,13.0,Female,Grade 8,Public,Science,2.9,5.7,6.7,81.0,89.0,Private Tutor,No,Yes,Low,Low,67.0,69.0,Pass,Needs better time management
R1595,S0172,2026-02-06,17.0,Male,Grade 9,Public,History,3.7,6.0,8.1,79.0,79.0,Self Study,No,Yes,Medium,Low,78.0,84.0,Good,-
R0775,S0316,2026-03-02,13.0,Female,Grade 8,Public,Math,3.8,8.8,3.8,89.0,71.0,Notebook / Notes,No,Yes,High,High,87.0,90.0,Excellent,Improved this term
R1918,S0531,2026-03-12,15.0,Male,Grade 10,Private,Science,2.7,7.2,5.2,68.0,83.0,Private Tutor,Yes,Yes,Medium,Medium,94.0,94.0,Excellent,Absent during some activities
R2088,S0126,2026-03-29,16.0,Female,Grade 11,Public,Science,2.0,5.7,4.2,93.0,72.0,Online Videos,Yes,Yes,High,Low,94.0,88.0,Good,No Comment
R3626,S0227,2026-03-02,13.0,Female,Grade 10,International,History,2.9,5.2,4.0,84.0,75.0,Self Study,No,Yes,High,Low,59.0,73.0,Pass,Consistent effort
R0180,S0394,2026-03-16,14.0,Female,Grade 9,International,Computer Science,2.9,7.2,2.6,79.0,100.0,Online Videos,No,Yes,High,Medium,98.0,96.0,Excellent,Excellent focus
R2006,S0269,2026-03-12,16.0,Female,Grade 11,International,Computer Science,1.6,7.2,6.4,76.0,68.0,Online Videos,No,Yes,Medium,High,76.0,80.0,Good,No Comment
R2072,S0287,2026-03-23,16.0,Female,Grade 11,Public,Computer Science,3.8,7.1,4.1,86.0,55.0,Private Tutor,No,Yes,Medium,Medium,90.0,92.0,Good,Excellent focus
R2059,S0698,2026-02-16,16.0,Female,Grade 11,International,Science,3.2,7.8,4.2,93.0,66.0,Group Study,Yes,Yes,High,High,90.0,100.0,Excellent,Needs better time management
R1496,S0707,2026-03-26,13.0,Male,Grade 11,International,English,1.9,6.9,2.8,99.0,100.0,Self Study,No,Yes,Medium,Low,86.0,98.0,Excellent,No Comment
R2034,S0186,2026-02-01,13.0,Female,Grade 8,Private,Math,3.2,6.6,4.2,83.0,70.0,Self Study,No,Yes,Medium,Medium,86.0,85.0,Good,No Comment
R3400,S0737,2026-04-26,15.0,Female,Grade 9,Private,Science,0.7,6.0,5.2,88.0,91.0,Private Tutor,Yes,Yes,Low,High,72.0,75.0,Good,No Comment
R1661,S0685,2026-04-08,14.0,Male,Grade 9,Public,Math,3.9,7.5,3.1,91.0,85.0,Self Study,No,No,High,High,96.0,91.0,Excellent,Improved this term
R3735,S0268,2026-02-07,13.0,Female,Grade 8,Public,Science,1.8,6.2,1.6,100.0,38.0,Self Study,Yes,Yes,Medium,Low,77.0,94.0,Excellent,Homework quality varies
R3594,S0717,2026-02-16,15.0,Female,Grade 10,Private,Science,1.7,6.6,5.4,88.0,68.0,Self Study,No,Yes,Medium,Medium,71.0,92.0,Pass,Absent during some activities
R3321,S0148,2026-04-11,17.0,Female,Grade 12,International,Computer Science,1.9,7.7,6.6,87.0,89.0,Online Videos,No,Yes,Medium,High,78.0,81.0,Good,Needs revision plan
R2533,S0260,2026-04-30,16.0,Male,Grade 11,Private,Math,2.4,6.5,3.2,84.0,90.0,Self Study,Yes,Yes,High,High,81.0,94.0,Excellent,No Comment
R3313,S0231,2026-03-07,15.0,Male,Grade 10,Public,Computer Science,2.5,7.4,3.8,94.0,65.0,Group Study,No,Yes,Medium,Medium,100.0,95.0,Excellent,Improved this term
R0891,S0034,2026-02-07,17.0,Female,Grade 12,Public,Science,3.2,6.4,8.1,100.0,100.0,Self Study,No,Yes,High,High,100.0,100.0,Excellent,Improved this term
R2204,S0455,2026-03-21,14.0,Male,Grade 8,Private,Science,3.8,5.7,4.1,73.0,73.0,Self Study,No,Yes,Medium,Medium,96.0,97.0,Excellent,Improved this term
R3383,S0154,2026-04-20,17.0,Male,Grade 12,Public,Math,1.6,8.6,1.6,95.0,77.0,Online Videos,No,Yes,High,Medium,90.0,86.0,Good,Improved this term
R3622,S0199,2026-02-16,17.0,Female,Grade 12,Private,Science,3.1,8.1,3.0,100.0,86.0,Group Study,No,Yes,Medium,Medium,100.0,100.0,Excellent,Homework quality varies
R1023,S0475,2026-04-15,14.0,Female,Grade 9,Private,Computer Science,3.8,7.8,4.2,91.0,76.0,Online Videos,Yes,Yes,High,High,100.0,86.0,Good,No Comment
R2448,S0241,2026-03-18,17.0,Female,Grade 12,Public,Math,5.0,6.6,4.3,89.0,82.0,Self Study,No,Yes,Medium,High,97.0,100.0,Excellent,Consistent effort
R3562,S0593,2026-02-11,15.0,Male,Grade 10,Public,English,1.7,7.5,4.9,80.0,72.0,Notebook / Notes,Yes,Yes,High,High,69.0,83.0,Good,Strong participation
R1674,S0288,2026-04-08,13.0,Male,Grade 8,Public,Computer Science,3.2,8.3,4.5,80.0,32.0,Group Study,No,Yes,Medium,Medium,96.0,94.0,Excellent,Absent during some activities
R3618,S0471,2026-04-30,15.0,Female,Grade 10,Private,Science,3.3,5.9,6.5,98.0,86.0,Online Videos,Yes,Yes,Low,Low,94.0,97.0,Excellent,No Comment
R2067,S0739,2026-02-05,17.0,Male,Grade 10,Private,Science,3.1,6.9,4.0,85.0,74.0,Private Tutor,No,No,Low,High,100.0,100.0,Excellent,Good analytical thinking
R0676,S0722,2026-04-10,14.0,Male,Grade 9,Private,Science,2.6,6.1,3.2,83.0,92.0,Self Study,No,Yes,Low,Medium,93.0,85.0,Good,Homework quality varies
R1076,S0688,2026-03-06,16.0,Male,Grade 8,Private,History,2.1,6.3,3.6,84.0,61.0,Self Study,Yes,Yes,High,Low,93.0,84.0,Good,Absent during some activities
R3861,S0120,2026-04-23,14.0,Male,Grade 9,Private,History,2.9,6.4,6.0,87.0,92.0,Self Study,No,No,Low,Medium,84.0,89.0,Good,Excellent focus
R1120,S0605,2026-03-07,15.0,Male,Grade 10,Private,Science,3.2,7.2,3.6,88.0,100.0,Group Study,No,Yes,Medium,High,100.0,100.0,Excellent,No Comment
R0805,S0082,2026-04-07,16.0,Female,Grade 11,Public,Computer Science,4.8,7.3,3.3,99.0,90.0,Group Study,No,Yes,Low,Medium,94.0,98.0,Excellent,Needs better time management
R2917,S0053,2026-02-22,13.0,Female,Grade 11,Private,Computer Science,3.2,7.8,4.7,80.0,70.0,Notebook / Notes,No,Yes,Medium,Low,71.0,70.0,Pass,Strong participation
R3283,S0339,2026-02-05,16.0,Male,Grade 11,Public,Science,3.6,8.7,2.5,88.0,100.0,Online Videos,No,Yes,High,High,92.0,96.0,Excellent,Improved this term
R1634,S0095,2026-04-29,16.0,Male,Grade 11,Public,Math,2.0,5.6,6.3,86.0,53.0,Private Tutor,No,Yes,High,High,61.0,92.0,Needs Improvement,Homework quality varies
R2026,S0638,2026-04-10,14.0,Male,Grade 9,International,History,2.6,7.5,2.5,83.0,82.0,Self Study,No,No,Low,Low,88.0,85.0,Good,Absent during some activities
R2360,S0184,2026-04-19,16.0,Male,Grade 11,Public,Science,2.6,7.2,4.2,88.0,80.0,Self Study,Yes,Yes,Medium,High,80.0,80.0,Good,Strong participation
R0339,S0737,2026-02-15,13.0,Male,Grade 8,International,English,4.0,7.2,2.0,86.0,64.0,Private Tutor,No,Yes,Medium,Low,90.0,100.0,Excellent,Strong participation
R3395,S0613,2026-03-16,14.0,Male,Grade 11,Private,English,3.0,7.5,4.2,69.0,82.0,Group Study,No,Yes,Medium,Medium,79.0,88.0,Good,Absent during some activities
R0315,S0491,2026-03-05,13.0,Male,Grade 8,Public,English,4.8,8.1,2.5,100.0,48.0,Online Videos,Yes,Yes,High,High,94.0,98.0,Excellent,Consistent effort
R3510,S0642,2026-03-10,13.0,Male,Grade 12,Public,Computer Science,3.4,6.0,2.8,85.0,65.0,Self Study,Yes,Yes,High,Medium,82.0,96.0,Excellent,No Comment
R2241,S0481,2026-03-12,13.0,Male,Grade 8,International,Computer Science,3.2,6.0,3.2,92.0,64.0,Notebook / Notes,Yes,Yes,Medium,Medium,78.0,100.0,Excellent,Excellent focus
R1919,S0443,2026-04-08,14.0,Female,Grade 9,Public,History,4.4,7.6,2.7,82.0,63.0,Self Study,Yes,Yes,High,Medium,100.0,100.0,Excellent,Excellent focus
R1833,S0257,2026-04-25,17.0,Male,Grade 12,International,History,3.5,7.4,4.2,87.0,64.0,Self Study,No,Yes,Medium,High,100.0,100.0,Excellent,Strong participation
R3899,S0526,2026-03-17,15.0,Female,Grade 10,Private,Science,4.1,8.9,6.1,69.0,83.0,Self Study,Yes,Yes,Medium,High,75.0,89.0,Good,Often distracted
R1257,S0001,2026-02-05,17.0,Male,Grade 12,Private,Science,3.3,6.7,6.7,91.0,92.0,Notebook / Notes,Yes,No,Low,High,98.0,89.0,Good,No Comment
R1837,S0318,2026-03-06,15.0,Female,Grade 10,International,Math,4.9,6.3,5.3,87.0,86.0,Group Study,Yes,Yes,Medium,High,100.0,100.0,Excellent,Improved this term
R0902,S0428,2026-04-30,17.0,Female,Grade 12,International,History,3.2,5.4,4.9,81.0,76.0,Group Study,No,Yes,Low,Low,62.0,77.0,Good,Often distracted
R2943,S0386,2026-04-22,16.0,Female,Grade 11,Private,Computer Science,6.0,6.6,5.3,74.0,46.0,Self Study,Yes,Yes,Medium,Low,83.0,88.0,Good,Absent during some activities
R0792,S0494,2026-03-20,14.0,Male,Grade 9,Public,English,2.6,4.6,6.2,85.0,100.0,Notebook / Notes,Yes,Yes,Medium,Medium,87.0,89.0,Good,No Comment
R3336,S0260,2026-03-08,13.0,Male,Grade 8,International,Computer Science,2.7,6.3,7.2,83.0,94.0,Private Tutor,Yes,Yes,Low,Medium,84.0,99.0,Excellent,Needs revision plan
R0255,S0065,2026-02-23,15.0,Female,Grade 10,Public,Computer Science,5.3,8.1,5.9,76.0,58.0,Self Study,Yes,Yes,Low,High,94.0,100.0,Excellent,Improved this term
R0579,S0404,2026-03-18,14.0,Female,Grade 9,Public,History,3.4,7.2,5.4,89.0,75.0,Self Study,Yes,Yes,Low,Low,100.0,100.0,Excellent,No Comment
R2382,S0033,2026-03-09,16.0,Female,Grade 10,Private,Computer Science,1.8,7.3,2.4,79.0,80.0,Private Tutor,No,Yes,Medium,High,85.0,87.0,Good,Improved this term
R2594,S0316,2026-03-27,13.0,Female,Grade 8,Public,Science,4.4,6.3,4.4,100.0,55.0,Private Tutor,No,Yes,Low,Low,100.0,100.0,Excellent,Homework quality varies
R3147,S0729,2026-02-02,17.0,Male,Grade 12,International,Computer Science,3.0,5.2,3.9,99.0,76.0,Online Videos,No,Yes,Low,Low,100.0,100.0,Excellent,Good analytical thinking
R3333,S0061,2026-03-24,17.0,Male,Grade 12,Public,English,4.0,7.3,5.8,83.0,59.0,Self Study,Yes,No,Low,High,100.0,98.0,Excellent,Improved this term
R1485,S0622,2026-02-15,15.0,Female,Grade 10,Public,English,3.2,8.9,3.4,83.0,79.0,Group Study,No,Yes,Low,Medium,98.0,100.0,Excellent,Needs better time management
R1669,S0594,2026-03-28,13.0,Male,Grade 8,International,Science,3.2,6.6,4.2,94.0,71.0,Notebook / Notes,No,Yes,Low,High,89.0,87.0,Good,Excellent focus
R3786,S0084,2026-02-28,17.0,Female,Grade 12,Public,Math,4.1,8.3,2.5,79.0,62.0,Self Study,No,Yes,Low,High,100.0,100.0,Excellent,No Comment
R3446,S0712,2026-03-23,15.0,Male,Grade 10,Public,Math,3.2,5.6,3.0,86.0,63.0,Online Videos,No,Yes,Medium,Medium,99.0,98.0,Excellent,Strong participation
R3455,S0741,2026-03-18,17.0,Female,Grade 12,Public,Math,4.5,6.5,5.0,89.0,81.0,Self Study,Yes,Yes,Medium,Medium,100.0,92.0,Excellent,Needs revision plan
R0244,S0463,2026-03-20,17.0,Female,Grade 9,Public,Math,3.5,6.7,5.2,99.0,48.0,Self Study,No,Yes,Medium,Low,69.0,80.0,Good,Absent during some activities
R0629,S0711,2026-04-24,14.0,Male,Grade 9,Private,Science,5.0,7.0,3.6,73.0,74.0,Self Study,No,Yes,Medium,Medium,91.0,100.0,Excellent,Excellent focus
R3586,S0177,2026-02-28,16.0,Female,Grade 10,Public,Computer Science,3.1,7.4,6.2,71.0,100.0,Group Study,No,Yes,Medium,Medium,73.0,84.0,Good,Needs revision plan
R2746,S0425,2026-03-14,17.0,Male,Grade 12,International,English,3.4,7.8,3.3,89.0,100.0,Notebook / Notes,Yes,Yes,Medium,Medium,91.0,100.0,Excellent,Absent during some activities
R1562,S0264,2026-04-14,15.0,Female,Grade 10,Public,History,4.0,6.7,3.6,82.0,75.0,Notebook / Notes,No,Yes,Low,Medium,95.0,100.0,Excellent,Excellent focus
R2954,S0321,2026-02-03,17.0,Female,Grade 12,Public,Science,3.6,7.9,3.4,95.0,72.0,Group Study,Yes,Yes,Medium,High,97.0,95.0,Excellent,Homework quality varies
R1043,S0084,2026-02-19,15.0,Male,Grade 10,Public,Math,2.3,6.4,5.6,87.0,82.0,Self Study,No,Yes,Medium,High,100.0,96.0,Excellent,Homework quality varies
R0952,S0400,2026-04-02,15.0,Female,Grade 11,Private,Science,3.1,4.8,4.1,93.0,78.0,Group Study,No,Yes,Medium,Medium,90.0,87.0,Good,Homework quality varies
R1874,S0371,2026-03-24,13.0,Male,Grade 8,Public,Computer Science,1.4,9.2,2.8,100.0,65.0,Self Study,No,Yes,Medium,High,91.0,100.0,Excellent,Improved this term
R0634,S0120,2026-04-06,14.0,Female,Grade 9,Public,English,1.4,6.0,4.1,88.0,65.0,Private Tutor,No,Yes,High,Medium,90.0,75.0,Good,Homework quality varies
R1763,S0221,2026-03-02,16.0,Female,Grade 11,Private,English,2.2,6.9,2.5,100.0,48.0,Private Tutor,No,Yes,Medium,Low,73.0,95.0,Excellent,Consistent effort
R1186,S0658,2026-03-25,14.0,Female,Grade 9,Public,Science,3.4,5.9,4.2,83.0,100.0,Private Tutor,No,No,Medium,Low,94.0,91.0,Excellent,No Comment
R0350,S0620,2026-03-18,14.0,Female,Grade 9,Public,English,3.6,7.2,5.6,96.0,76.0,Online Videos,Yes,Yes,Low,Medium,100.0,100.0,Excellent,-
R1105,S0490,2026-03-18,14.0,Male,Grade 9,International,History,2.3,7.6,4.7,85.0,72.0,Self Study,No,No,High,Medium,65.0,65.0,Pass,Often distracted
R3137,S0156,2026-01-03,17.0,Female,Grade 12,Private,English,3.2,7.2,6.9,100.0,79.0,Online Videos,No,Yes,High,High,82.0,91.0,Excellent,Improved this term
R1118,S0552,2026-03-21,16.0,Female,Grade 11,Public,Math,2.6,8.2,3.6,100.0,69.0,Self Study,No,Yes,High,Low,79.0,79.0,Good,Needs better time management
R2162,S0368,2026-02-05,17.0,Male,Grade 12,Private,History,4.5,7.6,5.8,85.0,77.0,Group Study,Yes,Yes,Low,Medium,98.0,98.0,Excellent,Often distracted
R1799,S0645,2026-03-18,15.0,Female,Grade 10,Public,English,1.7,7.3,0.5,100.0,100.0,Private Tutor,Yes,Yes,Medium,Medium,95.0,100.0,Excellent,Excellent focus
R0154,S0291,2026-03-22,14.0,Male,Grade 9,International,Math,4.2,8.5,5.3,77.0,97.0,Self Study,Yes,Yes,Low,Medium,87.0,86.0,Good,Good analytical thinking
R0316,S0063,2026-02-01,15.0,Male,Grade 10,International,Math,0.8,7.2,4.2,90.0,76.0,Self Study,Yes,Yes,Medium,High,81.0,82.0,Good,Needs better time management
R3048,S0653,2026-02-14,16.0,Female,Grade 11,Public,History,1.7,7.6,4.9,82.0,93.0,Self Study,Yes,Yes,High,Medium,72.0,70.0,Pass,Improved this term
R2775,S0300,2026-02-21,15.0,Male,Grade 8,Public,History,1.4,6.6,3.8,96.0,76.0,Self Study,No,Yes,Medium,Low,95.0,100.0,Excellent,Consistent effort
R1613,S0089,2026-03-05,17.0,Male,Grade 12,Public,English,3.2,6.9,0.5,81.0,62.0,Online Videos,No,Yes,Low,High,100.0,100.0,Excellent,Consistent effort
R3758,S0364,2026-03-18,14.0,Male,Grade 9,International,Science,4.8,8.1,2.2,90.0,76.0,Notebook / Notes,No,Yes,Medium,High,89.0,100.0,Excellent,No Comment
R3171,S0423,2026-02-26,14.0,Female,Grade 9,Private,History,4.0,6.0,5.4,96.0,77.0,Online Videos,Yes,No,Medium,Medium,98.0,95.0,Excellent,Improved this term
R2619,S0743,2026-04-28,14.0,Female,Grade 9,Private,Math,2.8,6.1,5.0,82.0,76.0,Online Videos,No,Yes,Medium,Low,69.0,82.0,Good,Absent during some activities
R1470,S0305,2026-04-17,17.0,Female,Grade 12,Private,Computer Science,4.1,7.5,6.0,89.0,76.0,Online Videos,No,Yes,Low,Medium,75.0,88.0,Good,Homework quality varies
R3056,S0326,2026-03-19,14.0,Male,Grade 9,International,Computer Science,4.0,7.0,2.9,87.0,76.0,Notebook / Notes,Yes,Yes,Medium,Medium,94.0,97.0,Excellent,Good analytical thinking
R0092,S0567,2026-03-20,15.0,Male,Grade 10,International,Computer Science,3.9,6.6,2.2,77.0,100.0,Group Study,Yes,Yes,Low,Low,100.0,99.0,Excellent,Needs revision plan
R0113,S0350,2026-04-02,14.0,Female,Grade 9,Public,Math,2.9,5.5,4.2,77.0,83.0,Online Videos,No,Yes,Low,Low,76.0,78.0,Good,No Comment
R1522,S0749,2026-03-12,13.0,Female,Grade 8,Private,Computer Science,2.9,8.4,6.5,100.0,77.0,Online Videos,No,Yes,Medium,Medium,90.0,90.0,Excellent,Homework quality varies
R3028,S0430,2026-04-03,15.0,Female,Grade 10,Public,Math,3.7,8.2,6.2,98.0,91.0,Self Study,No,Yes,Medium,Low,86.0,93.0,Excellent,Strong participation
R1510,S0251,2026-03-14,14.0,Male,Grade 9,Public,History,2.2,6.6,3.1,80.0,38.0,Self Study,Yes,Yes,Medium,Medium,90.0,75.0,Good,Often distracted
R0196,S0575,2026-04-04,15.0,Male,Grade 10,Public,Math,4.7,6.4,6.4,87.0,92.0,Notebook / Notes,Yes,Yes,Medium,Medium,100.0,100.0,Excellent,No Comment
R1157,S0454,2026-02-03,15.0,Male,Grade 10,Public,History,5.0,6.8,4.7,80.0,99.0,Group Study,No,Yes,Medium,Medium,98.0,100.0,Excellent,Good analytical thinking
R3642,S0316,2026-03-10,13.0,Male,Grade 8,Public,Math,3.2,7.9,7.8,93.0,61.0,Self Study,Yes,Yes,High,Medium,90.0,92.0,Needs Improvement,Consistent effort
R3202,S0032,2026-03-18,14.0,Female,Grade 9,International,English,4.1,7.3,5.4,97.0,100.0,Private Tutor,No,Yes,Medium,Low,83.0,98.0,Excellent,Improved this term
R2125,S0378,2026-03-26,14.0,Female,Grade 9,Public,Math,2.1,7.2,1.1,83.0,94.0,Private Tutor,No,Yes,Medium,High,79.0,76.0,Good,Excellent focus
R2121,S0071,2026-04-25,15.0,Male,Grade 10,Private,History,2.7,7.2,4.6,94.0,78.0,Group Study,Yes,Yes,Low,Low,98.0,100.0,Excellent,No Comment
R2641,S0134,2026-03-25,17.0,Male,Grade 12,Public,Science,2.7,7.7,4.2,87.0,76.0,Self Study,Yes,Yes,Medium,Low,98.0,99.0,Excellent,Needs better time management
R2788,S0628,2026-02-23,17.0,Female,Grade 12,International,English,1.8,7.5,4.2,90.0,100.0,Notebook / Notes,No,Yes,Medium,Medium,77.0,81.0,Good,Often distracted
R1761,S0400,2026-03-18,15.0,Female,Grade 10,Private,Science,4.8,7.8,5.6,79.0,67.0,Self Study,No,Yes,High,Medium,85.0,83.0,Good,Strong participation
R1914,S0141,2026-03-22,17.0,Female,Grade 12,Private,Science,5.2,6.9,2.4,97.0,82.0,Self Study,Yes,No,High,Medium,96.0,100.0,Excellent,Absent during some activities
R1994,S0635,2026-03-25,16.0,Male,Grade 11,Private,History,2.2,7.4,5.2,100.0,77.0,Online Videos,No,Yes,Medium,Medium,84.0,81.0,Good,Needs revision plan
R0873,S0235,2026-02-19,13.0,Male,Grade 8,Private,Math,3.3,7.3,5.2,84.0,61.0,Notebook / Notes,No,Yes,Low,Low,85.0,100.0,Excellent,No Comment
R0428,S0259,2026-03-02,14.0,Female,Grade 9,Private,Math,2.5,8.4,4.6,100.0,54.0,Self Study,Yes,Yes,Low,High,100.0,97.0,Excellent,Excellent focus
R1925,S0490,2026-04-06,13.0,Female,Grade 8,Public,History,3.2,8.2,6.7,78.0,76.0,Group Study,No,Yes,High,High,90.0,94.0,Excellent,Strong participation
R0924,S0001,2026-03-12,15.0,Male,Grade 10,Public,History,4.8,7.6,4.2,90.0,87.0,Group Study,No,No,Medium,High,100.0,99.0,Excellent,Good analytical thinking
R3130,S0267,2026-02-24,16.0,Female,Grade 11,Public,English,4.1,7.5,4.3,86.0,84.0,Self Study,No,Yes,High,Medium,99.0,100.0,Excellent,Good analytical thinking
R0880,S0104,2026-04-20,14.0,Female,Grade 9,Public,Computer Science,6.3,7.0,4.9,76.0,97.0,Self Study,No,Yes,Medium,Low,93.0,99.0,Excellent,No Comment
R2229,S0604,2026-03-15,17.0,Male,Grade 9,Private,Science,3.0,6.9,4.8,71.0,73.0,Online Videos,No,Yes,High,Low,83.0,77.0,Good,Good analytical thinking
R0242,S0566,2026-03-25,14.0,Male,Grade 9,Public,Science,3.4,6.9,4.5,90.0,79.0,Online Videos,No,Yes,Medium,High,98.0,100.0,Excellent,Good analytical thinking
R1539,S0477,2026-03-17,15.0,Male,Grade 10,Private,English,2.8,6.8,3.5,92.0,86.0,Self Study,Yes,Yes,Low,High,90.0,100.0,Excellent,Consistent effort
R0163,S0721,2026-03-22,13.0,Female,Grade 8,Private,English,1.3,7.2,3.4,85.0,68.0,Online Videos,No,Yes,Medium,Low,79.0,78.0,Good,Needs revision plan
R0529,S0547,2026-02-11,14.0,Male,Grade 9,International,Computer Science,2.6,6.3,3.4,89.0,39.0,Online Videos,No,Yes,Medium,Medium,93.0,96.0,Excellent,Improved this term
R0101,S0405,2026-02-19,14.0,Male,Grade 9,Private,History,2.5,9.1,4.4,90.0,86.0,Private Tutor,No,Yes,High,Medium,71.0,92.0,Good,Strong participation
R3808,S0356,2026-04-05,13.0,Female,Grade 8,International,English,4.0,7.0,4.2,87.0,72.0,Self Study,No,Yes,Low,Medium,100.0,100.0,Excellent,Often distracted
R1231,S0270,2026-03-17,14.0,Male,Grade 9,Private,English,3.1,6.1,4.7,87.0,80.0,Online Videos,Yes,Yes,Medium,Medium,95.0,80.0,Good,Needs revision plan
R2570,S0210,2026-02-19,16.0,Female,Grade 11,Public,History,3.2,8.3,3.3,85.0,100.0,Online Videos,No,Yes,Low,Low,83.0,100.0,Excellent,Homework quality varies
R2397,S0418,2026-04-16,15.0,Female,Grade 10,Private,Science,2.7,6.8,0.5,86.0,90.0,Private Tutor,Yes,Yes,High,High,82.0,100.0,Excellent,Needs revision plan
R3064,S0734,2026-02-12,13.0,Male,Grade 8,Public,English,2.5,8.5,5.5,86.0,61.0,Self Study,No,Yes,Low,High,63.0,80.0,Good,Excellent focus
R2039,S0368,2026-02-16,13.0,Female,Grade 8,Private,History,3.3,7.9,3.1,86.0,36.0,Online Videos,No,Yes,Medium,Medium,84.0,91.0,Excellent,Needs better time management
R3380,S0689,2026-04-18,13.0,Female,Grade 8,Public,Science,2.2,6.6,6.6,87.0,65.0,Group Study,No,Yes,Medium,Low,87.0,80.0,Excellent,No Comment
R2020,S0234,2026-03-06,14.0,Male,Grade 9,International,History,3.2,7.4,3.4,80.0,93.0,Group Study,No,Yes,Medium,Medium,73.0,81.0,Good,Excellent focus
R1521,S0200,2026-02-28,15.0,Female,Grade 10,Public,History,1.2,8.3,4.7,100.0,80.0,Group Study,No,Yes,Medium,Medium,78.0,91.0,Excellent,Consistent effort
R0626,S0152,2026-03-08,17.0,Male,Grade 12,International,English,2.7,8.8,3.5,75.0,79.0,Online Videos,No,Yes,High,High,85.0,86.0,Good,Good analytical thinking
R2510,S0355,2026-04-12,13.0,Female,Grade 8,Private,English,3.8,5.4,4.2,100.0,100.0,Self Study,No,Yes,Medium,Medium,91.0,100.0,Excellent,Consistent effort
R1387,S0289,2026-02-07,13.0,Male,Grade 8,Private,Science,3.3,8.4,4.9,68.0,75.0,Online Videos,No,Yes,Medium,Medium,85.0,92.0,Excellent,Homework quality varies
R2806,S0567,2026-02-19,16.0,Male,Grade 11,Public,Science,2.6,8.1,4.5,82.0,69.0,Online Videos,No,Yes,Medium,High,89.0,92.0,Excellent,Excellent focus
R1206,S0151,2026-02-09,16.0,Male,Grade 11,Private,Math,3.6,6.5,5.4,86.0,76.0,Notebook / Notes,No,Yes,Low,Medium,100.0,100.0,Excellent,No Comment
R0038,S0503,2026-04-23,15.0,Male,Grade 10,International,History,1.2,7.8,2.0,81.0,68.0,Group Study,No,Yes,Medium,Low,78.0,76.0,Good,No Comment
R2899,S0512,2026-04-03,13.0,Male,Grade 8,International,Math,3.3,7.8,7.6,88.0,50.0,Group Study,No,No,Medium,Medium,95.0,89.0,Good,No Comment
R3375,S0210,2026-04-05,15.0,Female,Grade 11,Public,Computer Science,5.7,8.9,5.6,91.0,67.0,Self Study,No,Yes,Low,High,85.0,100.0,Excellent,No Comment
R3052,S0186,2026-02-16,13.0,Female,Grade 8,Private,Computer Science,2.0,7.2,1.8,87.0,88.0,Online Videos,Yes,No,Medium,Low,70.0,77.0,Good,Often distracted
R1368,S0485,2026-04-21,15.0,Male,Grade 10,Private,Science,2.3,7.8,4.4,90.0,76.0,Online Videos,No,Yes,Medium,Medium,90.0,85.0,Good,No Comment
R0238,S0185,2026-04-08,17.0,Female,Grade 12,Private,Computer Science,1.9,6.3,0.8,89.0,100.0,Private Tutor,No,Yes,Medium,High,74.0,82.0,Good,No Comment
R0828,S0464,2026-03-31,17.0,Male,Grade 12,Public,Computer Science,1.2,7.3,2.6,90.0,70.0,Group Study,No,Yes,Medium,Medium,78.0,93.0,Excellent,Homework quality varies
R0556,S0435,2026-02-02,17.0,Male,Grade 12,Private,History,2.1,7.2,6.0,86.0,83.0,Group Study,No,Yes,High,Medium,58.0,92.0,Needs Improvement,No Comment
R0198,S0425,2026-03-29,14.0,Female,Grade 9,Public,Math,3.9,6.7,3.0,71.0,76.0,Group Study,No,Yes,Low,Medium,93.0,94.0,Excellent,Absent during some activities
R1301,S0252,2026-04-24,16.0,Male,Grade 11,Public,Math,2.2,7.4,5.4,77.0,76.0,Self Study,No,Yes,Low,High,88.0,82.0,Good,No Comment
R1324,S0744,2026-02-27,15.0,Male,Grade 10,International,Science,4.4,8.2,1.8,90.0,72.0,Self Study,No,Yes,Medium,Medium,91.0,99.0,Excellent,No Comment
R0482,S0425,2026-04-28,13.0,Female,Grade 8,Private,Science,3.2,7.2,4.2,92.0,63.0,Self Study,Yes,Yes,Medium,Medium,89.0,96.0,Excellent,No Comment
R0302,S0422,2026-04-21,15.0,Female,Grade 10,Private,History,2.4,5.8,2.7,86.0,74.0,Online Videos,No,Yes,Low,High,96.0,97.0,Excellent,No Comment
R3372,S0074,2026-02-13,14.0,Female,Grade 9,Public,English,3.7,7.8,4.2,80.0,66.0,Group Study,No,Yes,Low,Medium,86.0,90.0,Excellent,Needs better time management
R0090,S0625,2026-02-26,16.0,Male,Grade 11,International,Math,4.2,6.2,1.7,86.0,100.0,Online Videos,Yes,Yes,Medium,Medium,100.0,100.0,Excellent,Homework quality varies
R1181,S0305,2026-03-11,13.0,Female,Grade 8,Public,English,3.0,7.2,4.4,73.0,83.0,Private Tutor,No,No,Medium,High,90.0,71.0,Pass,Often distracted
R2755,S0512,2026-03-17,13.0,Male,Grade 11,Private,History,5.3,6.8,8.7,89.0,66.0,Group Study,No,Yes,Low,Medium,81.0,87.0,Good,Absent during some activities
R1077,S0433,2026-03-23,13.0,Male,Grade 8,Private,Computer Science,3.7,7.3,4.9,90.0,100.0,Notebook / Notes,No,Yes,Medium,Medium,97.0,100.0,Excellent,Strong participation
R2439,S0274,2026-02-21,17.0,Female,Grade 8,Private,History,3.2,9.0,0.7,100.0,75.0,Self Study,No,Yes,Low,Medium,94.0,100.0,Excellent,Consistent effort
R1221,S0103,2026-04-20,14.0,Male,Grade 9,Private,English,3.6,7.0,3.4,86.0,70.0,Self Study,No,Yes,Medium,Low,92.0,85.0,Good,Consistent effort
R0232,S0288,2026-02-20,13.0,Male,Grade 8,Private,Math,2.8,9.1,4.9,84.0,89.0,Online Videos,No,Yes,High,Low,100.0,82.0,Good,Improved this term
R3094,S0515,2026-04-28,16.0,Male,Grade 11,Private,History,2.3,7.6,0.5,87.0,63.0,Self Study,No,Yes,High,Medium,67.0,74.0,Pass,Absent during some activities
R3520,S0682,2026-04-26,14.0,Female,Grade 9,Private,Math,2.9,6.9,3.2,73.0,59.0,Notebook / Notes,No,Yes,Low,Medium,89.0,85.0,Good,Absent during some activities
R1327,S0240,2026-04-26,16.0,Female,Grade 11,International,Math,3.6,7.2,2.4,100.0,67.0,Online Videos,No,Yes,High,Medium,100.0,100.0,Excellent,Needs better time management
R0727,S0529,2026-04-04,17.0,Female,Grade 12,Private,Science,3.2,6.9,4.6,90.0,100.0,Self Study,No,Yes,Medium,Medium,83.0,85.0,Good,Needs revision plan
R3774,S0087,2026-04-10,15.0,Female,Grade 10,Private,Math,2.9,7.9,3.3,76.0,56.0,Self Study,No,Yes,Medium,Low,100.0,100.0,Excellent,No Comment
R3472,S0206,2026-03-01,13.0,Female,Grade 8,Public,Computer Science,0.6,9.5,3.0,99.0,53.0,Notebook / Notes,No,Yes,Medium,Medium,99.0,93.0,Excellent,Often distracted
R0472,S0203,2026-03-26,14.0,Female,Grade 9,Private,Computer Science,3.1,6.9,4.2,97.0,92.0,Group Study,No,Yes,Low,Medium,95.0,100.0,Excellent,Good analytical thinking
R0922,S0680,2026-02-02,15.0,Male,Grade 10,International,English,3.1,7.2,3.8,94.0,76.0,Self Study,No,Yes,Low,Medium,72.0,76.0,Good,Improved this term
R2868,S0098,2026-04-29,14.0,Female,Grade 9,Public,Math,4.7,6.5,4.2,79.0,80.0,Self Study,No,Yes,Medium,Low,92.0,89.0,Good,No Comment
R0580,S0347,2026-03-04,16.0,Male,Grade 11,Public,Computer Science,2.2,9.4,2.9,90.0,100.0,Group Study,No,Yes,Medium,Medium,100.0,100.0,Excellent,Absent during some activities
R3752,S0090,2026-04-11,15.0,Female,Grade 10,International,History,4.7,8.4,2.9,87.0,84.0,Online Videos,Yes,Yes,High,Medium,100.0,100.0,Excellent,Good analytical thinking
R0504,S0615,2026-03-19,14.0,Female,Grade 9,International,Science,2.1,5.2,5.3,86.0,45.0,Group Study,Yes,Yes,Medium,Low,84.0,84.0,Good,Consistent effort
R1358,S0705,2026-04-10,17.0,Female,Grade 12,Private,Math,4.4,7.4,5.3,81.0,62.0,Group Study,No,Yes,Medium,Medium,95.0,94.0,Excellent,Homework quality varies
R3573,S0063,2026-02-10,14.0,Female,Grade 9,Private,Computer Science,2.8,6.9,2.8,87.0,82.0,Group Study,Yes,Yes,Low,Medium,79.0,91.0,Excellent,Good analytical thinking
R0352,S0104,2026-02-17,15.0,Male,Grade 10,Private,Math,3.2,6.8,6.8,85.0,68.0,Online Videos,No,Yes,Low,Low,90.0,78.0,Good,Excellent focus
R1216,S0680,2026-02-15,17.0,Female,Grade 9,Public,Math,2.1,7.4,1.2,97.0,77.0,Self Study,No,No,High,Low,85.0,88.0,Good,Excellent focus
R2135,S0651,2026-03-25,14.0,Female,Grade 9,Public,Computer Science,1.6,7.2,5.9,92.0,51.0,Self Study,No,Yes,High,Low,70.0,72.0,Pass,Needs better time management
R3065,S0729,2026-02-19,15.0,Male,Grade 9,International,English,2.6,8.3,5.6,97.0,100.0,Group Study,Yes,Yes,Low,Medium,100.0,92.0,Excellent,Needs better time management
R0801,S0658,2026-02-27,17.0,Female,Grade 12,Public,Science,3.4,8.0,1.3,83.0,73.0,Self Study,No,Yes,Medium,High,100.0,100.0,Excellent,Homework quality varies
R0280,S0026,2026-04-01,15.0,Male,Grade 10,Public,History,1.3,9.6,5.4,88.0,100.0,Notebook / Notes,No,Yes,High,Low,82.0,77.0,Good,No Comment
R1452,S0087,2026-02-27,13.0,Male,Grade 8,Public,Math,1.8,8.1,5.6,100.0,77.0,Self Study,No,No,Medium,Medium,67.0,81.0,Good,No Comment
R3627,S0606,2026-03-31,14.0,Female,Grade 9,Public,Computer Science,4.2,6.7,4.7,80.0,99.0,Group Study,No,Yes,Medium,Medium,100.0,95.0,Excellent,Good analytical thinking
R3096,S0648,2026-03-17,17.0,Female,Grade 12,Public,Computer Science,3.1,7.1,5.9,97.0,72.0,Notebook / Notes,Yes,Yes,Medium,High,100.0,95.0,Excellent,Often distracted
R1020,S0320,2026-02-09,17.0,Female,Grade 8,Public,History,3.3,7.8,5.6,89.0,76.0,Notebook / Notes,No,Yes,Low,Low,91.0,92.0,Excellent,Improved this term
R2518,S0735,2026-02-01,17.0,Female,Grade 12,Private,History,3.1,6.0,6.7,87.0,87.0,Private Tutor,Yes,Yes,Low,High,87.0,93.0,Excellent,Often distracted
R3423,S0395,2026-02-12,15.0,Female,Grade 10,International,English,0.9,7.3,4.5,74.0,70.0,Group Study,No,Yes,High,Medium,79.0,82.0,Good,Excellent focus
R2033,S0181,2026-03-18,13.0,Female,Grade 8,Public,English,3.0,6.5,6.5,97.0,100.0,Online Videos,No,Yes,Medium,Medium,95.0,96.0,Excellent,Good analytical thinking
R3531,S0034,2026-02-10,17.0,Female,Grade 12,Public,History,2.9,8.3,6.7,88.0,100.0,Self Study,No,Yes,Low,Low,90.0,89.0,Good,No Comment
R2216,S0280,2026-10-02,17.0,Female,Grade 12,Private,Math,4.7,7.4,7.7,94.0,91.0,Self Study,No,Yes,Medium,High,100.0,92.0,Excellent,Good analytical thinking
R0042,S0065,2026-03-18,16.0,Female,Grade 11,Public,Computer Science,3.2,6.7,8.1,73.0,100.0,Group Study,No,Yes,Medium,High,65.0,76.0,Good,Needs revision plan
R2932,S0629,2026-02-26,17.0,Male,Grade 12,Private,History,3.3,9.7,6.8,91.0,77.0,Online Videos,No,Yes,High,Medium,84.0,91.0,Excellent,Good analytical thinking
R1237,S0556,2026-03-11,16.0,Female,Grade 11,Public,Math,4.8,5.9,2.5,81.0,54.0,Online Videos,No,Yes,Medium,High,100.0,100.0,Excellent,Absent during some activities
R3631,S0343,2026-02-18,14.0,Male,Grade 9,Private,Science,3.2,6.5,4.2,96.0,85.0,Self Study,No,Yes,Medium,High,96.0,97.0,Excellent,Often distracted
R3534,S0671,2026-04-13,16.0,Male,Grade 11,Public,Computer Science,3.3,5.1,5.4,96.0,91.0,Self Study,No,Yes,Medium,High,95.0,94.0,Excellent,Often distracted
R0123,S0314,2026-02-28,16.0,Male,Grade 11,Private,Computer Science,4.1,8.6,2.3,87.0,95.0,Private Tutor,No,Yes,High,Medium,100.0,99.0,Excellent,Consistent effort
R0945,S0711,2026-02-20,13.0,Male,Grade 8,Public,English,1.9,7.5,2.2,100.0,82.0,Online Videos,Yes,Yes,Medium,High,100.0,100.0,Excellent,No Comment
R3240,S0111,2026-02-14,16.0,Female,Grade 11,Public,English,4.2,7.2,6.9,89.0,100.0,Notebook / Notes,No,No,Low,Medium,94.0,94.0,Excellent,No Comment
R2950,S0692,2026-03-19,14.0,Female,Grade 9,Private,History,4.4,8.4,4.2,100.0,92.0,Self Study,Yes,Yes,Medium,Low,100.0,100.0,Excellent,Homework quality varies
R1501,S0305,2026-04-17,15.0,Female,Grade 10,Public,Science,3.2,7.0,2.6,66.0,80.0,Self Study,No,Yes,Low,Low,75.0,83.0,Good,Often distracted
R0281,S0167,2026-04-03,13.0,Female,Grade 8,Private,English,0.9,8.9,2.0,86.0,100.0,Notebook / Notes,Yes,No,Medium,Low,89.0,83.0,Good,No Comment
R0919,S0540,2026-02-08,15.0,Female,Grade 12,Public,English,3.6,6.2,3.0,83.0,79.0,Private Tutor,Yes,Yes,Low,Medium,100.0,100.0,Excellent,Needs better time management
R0812,S0346,2026-04-02,17.0,Male,Grade 12,Private,English,1.9,8.4,5.5,91.0,81.0,Online Videos,No,Yes,Medium,High,90.0,92.0,Excellent,Consistent effort
R3351,S0111,2026-03-12,17.0,Female,Grade 12,Public,Computer Science,5.4,7.8,5.7,71.0,98.0,Private Tutor,No,Yes,High,Low,86.0,100.0,Excellent,Homework quality varies
R0604,S0088,2026-03-09,17.0,Female,Grade 10,Private,History,2.2,6.5,4.0,81.0,93.0,Private Tutor,No,Yes,Medium,Low,91.0,92.0,Excellent,Homework quality varies
R2614,S0505,2026-03-31,15.0,Female,Grade 12,Public,Math,4.9,6.2,4.2,93.0,78.0,Online Videos,No,Yes,Low,Medium,95.0,100.0,Excellent,Good analytical thinking
R1711,S0329,2026-03-31,16.0,Male,Grade 10,Private,English,4.3,6.1,4.5,86.0,66.0,Self Study,No,Yes,Medium,Low,77.0,77.0,Good,Needs better time management
R3110,S0454,2026-03-05,15.0,Female,Grade 10,Public,History,3.5,6.1,2.8,93.0,52.0,Online Videos,No,Yes,Low,High,99.0,100.0,Excellent,Good analytical thinking
R0364,S0203,2026-04-26,13.0,Male,Grade 8,Private,Math,5.4,7.2,2.1,84.0,76.0,Online Videos,No,Yes,Low,Medium,98.0,100.0,Excellent,Strong participation
R3864,S0642,2026-03-03,17.0,Female,Grade 12,International,Math,1.6,9.2,5.5,98.0,100.0,Online Videos,Yes,Yes,Medium,Low,100.0,92.0,Excellent,Consistent effort
R3494,S0287,2026-03-25,16.0,Male,Grade 9,Private,History,3.7,8.0,0.5,85.0,82.0,Online Videos,No,Yes,Low,Medium,97.0,100.0,Excellent,Homework quality varies
R2042,S0034,2026-04-12,15.0,Male,Grade 10,International,History,5.8,7.7,1.6,86.0,76.0,Self Study,No,Yes,Low,Low,90.0,100.0,Excellent,Improved this term
R0156,S0526,2026-04-21,17.0,Female,Grade 12,Public,Computer Science,3.8,7.2,4.1,100.0,67.0,Self Study,No,Yes,Low,Low,94.0,100.0,Excellent,Needs better time management
R2816,S0078,2026-03-11,13.0,Male,Grade 8,Private,Math,3.2,5.1,2.0,86.0,66.0,Group Study,No,Yes,Low,High,87.0,100.0,Excellent,No Comment
R2880,S0308,2026-03-08,13.0,Female,Grade 8,Private,Math,2.5,6.8,7.1,83.0,74.0,Online Videos,Yes,Yes,High,Low,64.0,68.0,Pass,Strong participation
R2073,S0178,2026-02-28,15.0,Female,Grade 10,Public,Math,1.3,5.4,2.2,100.0,76.0,Self Study,No,Yes,High,Medium,94.0,89.0,Good,Homework quality varies
R3588,S0277,2026-04-26,14.0,Male,Grade 10,Private,Math,4.2,7.6,4.5,81.0,84.0,Online Videos,Yes,Yes,High,Medium,99.0,100.0,Excellent,No Comment
R1482,S0033,2026-02-10,17.0,Male,Grade 12,Public,Science,2.1,6.9,5.0,81.0,50.0,Self Study,No,Yes,High,Low,71.0,77.0,Good,No Comment
R0360,S0107,2026-03-02,17.0,Female,Grade 12,Public,Math,3.0,7.3,6.2,78.0,47.0,Self Study,No,No,Medium,High,100.0,92.0,Excellent,Needs better time management
R2381,S0172,2026-02-10,13.0,Female,Grade 8,Private,Computer Science,5.6,7.0,3.8,91.0,70.0,Notebook / Notes,No,Yes,Low,Medium,90.0,96.0,Excellent,Absent during some activities
R0652,S0720,2026-03-12,15.0,Female,Grade 10,Public,Computer Science,3.9,5.7,3.9,91.0,46.0,Group Study,Yes,Yes,Medium,Medium,88.0,100.0,Excellent,Absent during some activities
R1419,S0180,2026-03-31,13.0,Male,Grade 8,Private,Computer Science,3.6,6.5,4.2,69.0,84.0,Group Study,Yes,Yes,Medium,Medium,87.0,92.0,Excellent,No Comment
R3414,S0717,2026-03-05,16.0,Female,Grade 11,International,Computer Science,4.4,5.2,2.7,80.0,71.0,Self Study,Yes,Yes,Medium,Medium,93.0,100.0,Excellent,Homework quality varies
R3528,S0470,2026-02-28,16.0,Female,Grade 10,Public,Math,2.0,7.9,4.3,78.0,100.0,Self Study,Yes,Yes,Medium,Medium,79.0,90.0,Excellent,Homework quality varies
R3777,S0616,2026-03-10,16.0,Male,Grade 11,Private,Computer Science,3.8,6.2,3.0,70.0,65.0,Group Study,No,Yes,High,Low,85.0,87.0,Good,Good analytical thinking
R0999,S0292,2026-02-05,13.0,Female,Grade 8,Public,English,2.3,8.1,3.8,87.0,85.0,Online Videos,No,No,High,High,97.0,85.0,Good,Needs better time management
R0225,S0277,2026-04-13,16.0,Male,Grade 11,Public,Math,4.2,7.5,5.1,77.0,100.0,Self Study,No,Yes,Medium,Medium,90.0,100.0,Excellent,Strong participation
R0095,S0245,2026-03-15,17.0,Female,Grade 8,Private,History,0.3,6.9,3.8,89.0,62.0,Online Videos,Yes,Yes,Medium,High,74.0,89.0,Good,Excellent focus
R3267,S0327,2026-02-21,16.0,Female,Grade 11,Public,English,2.3,7.4,1.2,92.0,87.0,Online Videos,No,Yes,Low,Medium,90.0,98.0,Excellent,Improved this term
R1273,S0546,2026-02-02,16.0,Male,Grade 11,Public,Computer Science,3.0,7.1,1.6,72.0,60.0,Notebook / Notes,No,Yes,Medium,Medium,75.0,72.0,Pass,Often distracted
R0345,S0308,2026-04-01,14.0,Female,Grade 9,Private,Math,4.3,8.5,7.3,97.0,72.0,Online Videos,No,Yes,Medium,Medium,100.0,100.0,Excellent,Strong participation
R2609,S0539,2026-04-15,14.0,Female,Grade 9,Private,History,3.3,7.1,4.6,98.0,63.0,Notebook / Notes,No,Yes,Medium,Medium,68.0,85.0,Good,Good analytical thinking
R1689,S0620,2026-04-16,15.0,Female,Grade 10,International,Computer Science,2.3,6.5,3.6,79.0,73.0,Self Study,No,Yes,Medium,Low,68.0,92.0,Pass,Excellent focus
R1173,S0043,2026-04-23,16.0,Male,Grade 11,International,Science,4.2,7.1,2.9,86.0,77.0,Self Study,No,Yes,High,High,94.0,92.0,Excellent,Good analytical thinking
R3537,S0218,2026-03-08,17.0,Female,Grade 12,Public,Computer Science,3.9,7.4,1.3,84.0,61.0,Group Study,No,Yes,High,High,94.0,87.0,Good,No Comment
R3089,S0075,2026-03-07,14.0,Female,Grade 9,Private,History,2.2,7.2,6.3,100.0,76.0,Online Videos,Yes,No,Medium,Medium,90.0,87.0,Good,Needs better time management
R1049,S0023,2026-03-10,14.0,Female,Grade 9,Private,English,3.3,6.6,3.8,88.0,83.0,Online Videos,No,Yes,Medium,Medium,99.0,100.0,Excellent,Needs better time management
R2278,S0357,2026-03-13,16.0,Female,Grade 9,Public,English,2.5,5.8,4.0,88.0,78.0,Self Study,No,Yes,Low,Low,72.0,71.0,Pass,Needs revision plan
R0672,S0520,2026-02-11,15.0,Male,Grade 10,Public,History,3.9,6.0,5.3,74.0,42.0,Self Study,No,No,Low,Medium,66.0,83.0,Good,Good analytical thinking
R1265,S0432,2026-03-09,16.0,Female,Grade 11,Public,Science,1.9,7.3,2.8,83.0,76.0,Private Tutor,No,Yes,High,Low,83.0,84.0,Good,Strong participation
R3431,S0140,2026-03-08,15.0,Male,Grade 10,Public,Science,3.4,7.8,0.5,70.0,83.0,Private Tutor,No,Yes,Medium,High,100.0,96.0,Excellent,Needs better time management
R1032,S0146,2026-03-24,16.0,Male,Grade 11,Public,Science,0.2,9.1,6.2,90.0,62.0,Group Study,Yes,Yes,Medium,Medium,99.0,97.0,Excellent,No Comment
R0463,S0538,2026-04-11,14.0,Male,Grade 9,Public,Science,0.8,7.2,3.7,91.0,81.0,Self Study,No,No,Medium,High,68.0,81.0,Good,Good analytical thinking
R0344,S0329,2026-02-13,17.0,Female,Grade 12,Private,English,3.2,8.0,4.9,89.0,88.0,Self Study,No,Yes,High,Medium,93.0,87.0,Good,Improved this term
R3427,S0370,2026-02-16,14.0,Female,Grade 9,Public,Math,2.0,7.7,4.6,79.0,46.0,Self Study,Yes,Yes,Low,High,79.0,88.0,Good,Needs revision plan
R2676,S0193,2026-04-17,17.0,Female,Grade 12,Private,History,0.9,7.2,3.9,90.0,84.0,Self Study,Yes,Yes,Medium,Medium,86.0,79.0,Good,No Comment
R1229,S0690,2026-04-24,17.0,Male,Grade 12,Public,Math,4.3,8.6,4.2,100.0,68.0,Group Study,No,Yes,Medium,High,100.0,92.0,Excellent,No Comment
R0666,S0743,2026-04-28,17.0,Female,Grade 12,Private,Math,2.1,8.4,4.2,77.0,55.0,Notebook / Notes,Yes,Yes,Medium,Low,77.0,83.0,Good,Consistent effort
R3580,S0044,2026-04-24,13.0,Male,Grade 8,International,History,1.0,8.4,1.5,82.0,82.0,Private Tutor,No,Yes,High,High,78.0,85.0,Good,Often distracted
R2434,S0178,2026-05-01,16.0,Male,Grade 11,Public,Computer Science,3.2,6.8,5.8,100.0,48.0,Online Videos,No,Yes,Low,Low,100.0,92.0,Excellent,Needs revision plan
R1824,S0645,2026-02-26,14.0,Female,Grade 9,Public,History,3.8,5.8,5.5,80.0,77.0,Online Videos,Yes,Yes,High,High,96.0,91.0,Excellent,Often distracted
R0297,S0701,2026-04-06,15.0,Female,Grade 10,International,Math,0.5,7.9,6.2,88.0,56.0,Online Videos,No,Yes,Low,Low,74.0,69.0,Pass,Homework quality varies
R0799,S0691,2026-03-03,17.0,Female,Grade 12,International,Math,2.9,8.6,6.1,77.0,73.0,Private Tutor,Yes,Yes,High,High,84.0,79.0,Good,No Comment
R0018,S0063,2026-02-04,17.0,Male,Grade 12,Public,Math,2.8,8.2,4.9,80.0,93.0,Self Study,No,Yes,Medium,High,92.0,100.0,Excellent,No Comment
R1385,S0479,2026-04-20,17.0,Male,Grade 12,Public,Math,2.0,7.2,3.7,83.0,73.0,Private Tutor,No,Yes,Low,Medium,80.0,83.0,Good,Needs revision plan
R2623,S0174,2026-03-07,15.0,Female,Grade 10,Private,Math,4.8,6.1,8.5,88.0,48.0,Private Tutor,No,Yes,High,Medium,65.0,74.0,Pass,Consistent effort
R1607,S0616,2026-11-02,15.0,Male,Grade 10,International,English,3.2,7.8,4.6,85.0,56.0,Online Videos,No,Yes,Low,High,96.0,100.0,Excellent,Absent during some activities
R1457,S0010,2026-04-20,16.0,Female,Grade 11,Public,Math,2.6,6.8,4.6,100.0,68.0,Notebook / Notes,Yes,Yes,Low,Medium,94.0,93.0,Excellent,Absent during some activities
R0141,S0601,2026-02-06,17.0,Female,Grade 12,Public,English,4.1,7.8,5.2,74.0,56.0,Group Study,Yes,Yes,Medium,Low,94.0,87.0,Good,Excellent focus
R1890,S0542,2026-02-07,14.0,Male,Grade 9,Public,Science,1.7,5.1,1.9,82.0,80.0,Notebook / Notes,No,Yes,Low,Medium,100.0,96.0,Excellent,Improved this term
R0286,S0115,2026-02-01,13.0,Female,Grade 8,Private,Computer Science,2.8,6.3,5.0,87.0,66.0,Self Study,No,Yes,Low,Medium,73.0,82.0,Good,Good analytical thinking
R1362,S0414,2026-02-21,16.0,Male,Grade 11,Private,Science,2.5,8.4,3.1,80.0,69.0,Self Study,No,Yes,Medium,Medium,89.0,93.0,Excellent,Needs better time management
R1223,S0082,2026-03-18,15.0,Male,Grade 10,Public,English,5.7,6.9,8.1,83.0,76.0,Private Tutor,No,Yes,Low,Medium,90.0,97.0,Excellent,Often distracted
R2942,S0169,2026-04-26,17.0,Female,Grade 12,Public,English,3.2,6.0,6.2,90.0,39.0,Self Study,Yes,No,Medium,Medium,98.0,95.0,Excellent,Improved this term
R2742,S0501,2026-03-23,17.0,Male,Grade 12,Private,English,4.4,7.0,5.2,84.0,76.0,Online Videos,No,Yes,Low,High,91.0,100.0,Excellent,Good analytical thinking
R0218,S0429,2026-02-14,13.0,Male,Grade 8,Public,History,1.1,8.2,6.3,97.0,69.0,Private Tutor,No,Yes,Medium,Low,90.0,66.0,Pass,No Comment
R2595,S0719,2026-04-01,14.0,Female,Grade 9,Private,English,4.3,7.7,3.6,100.0,88.0,Online Videos,No,Yes,High,High,98.0,100.0,Excellent,Needs revision plan
R0359,S0319,2026-02-10,16.0,Male,Grade 11,Private,English,3.9,7.2,5.8,92.0,48.0,Online Videos,Yes,Yes,High,Medium,89.0,81.0,Good,Good analytical thinking
R1161,S0448,2026-03-12,16.0,Female,Grade 11,International,English,3.7,7.6,1.0,100.0,91.0,Notebook / Notes,No,Yes,Medium,Low,98.0,98.0,Excellent,No Comment
R2307,S0227,2026-04-18,16.0,Male,Grade 11,Private,Computer Science,3.9,6.7,4.0,75.0,76.0,Private Tutor,No,Yes,Medium,Low,92.0,85.0,Good,Needs better time management
R3466,S0497,2026-03-27,14.0,Female,Grade 9,Public,Science,4.5,8.3,3.1,95.0,83.0,Online Videos,No,Yes,Medium,High,100.0,100.0,Excellent,Needs better time management
R0097,S0026,2026-03-12,15.0,Male,Grade 10,International,English,2.4,9.5,6.4,86.0,89.0,Self Study,No,Yes,Medium,High,100.0,100.0,Excellent,Good analytical thinking
R2608,S0735,2026-04-20,14.0,Male,Grade 9,Public,Math,2.9,6.4,5.8,95.0,71.0,Private Tutor,Yes,No,High,Medium,87.0,83.0,Good,Excellent focus
R2961,S0698,2026-02-22,15.0,Female,Grade 10,Public,History,2.1,7.0,3.9,83.0,67.0,Self Study,Yes,Yes,High,Low,86.0,79.0,Good,Absent during some activities
R0283,S0395,2026-02-22,15.0,Male,Grade 10,Public,Computer Science,6.6,7.7,3.3,91.0,66.0,Group Study,No,Yes,Medium,Medium,94.0,100.0,Excellent,Homework quality varies
R1678,S0402,2026-04-18,13.0,Female,Grade 8,Public,Science,2.6,7.2,1.0,82.0,96.0,Self Study,No,Yes,Low,High,88.0,88.0,Good,Absent during some activities
R2760,S0169,2026-02-15,13.0,Female,Grade 8,Private,Computer Science,0.2,8.1,6.3,90.0,72.0,Private Tutor,No,No,Medium,Medium,58.0,92.0,Needs Improvement,Needs better time management
R0966,S0595,2026-04-06,13.0,Male,Grade 8,Private,English,4.5,7.2,4.2,87.0,58.0,Online Videos,No,Yes,Medium,High,79.0,88.0,Good,Homework quality varies
R3700,S0436,2026-04-02,17.0,Male,Grade 12,Public,Science,3.2,6.5,6.3,75.0,69.0,Online Videos,No,Yes,Medium,High,90.0,72.0,Pass,No Comment
R0525,S0043,2026-02-21,16.0,Male,Grade 11,Private,History,2.9,4.8,5.0,83.0,51.0,Notebook / Notes,Yes,Yes,Medium,Medium,74.0,86.0,Good,Improved this term
R0417,S0065,2026-04-15,13.0,Male,Grade 8,Public,English,0.7,7.9,7.1,80.0,54.0,Self Study,No,Yes,Medium,Low,87.0,92.0,Good,Needs revision plan
R0871,S0024,2026-03-18,15.0,Female,Grade 10,Public,History,3.2,6.4,4.3,82.0,42.0,Online Videos,No,Yes,Medium,Medium,94.0,99.0,Excellent,Improved this term
R2503,S0679,2026-03-29,16.0,Female,Grade 11,Public,Science,4.2,9.3,5.8,99.0,94.0,Notebook / Notes,No,No,Medium,High,100.0,99.0,Excellent,Improved this term
R3258,S0344,2026-03-08,14.0,Male,Grade 9,Public,Science,4.4,6.9,4.1,87.0,100.0,Private Tutor,Yes,Yes,High,Low,88.0,100.0,Excellent,No Comment
R2521,S0085,2026-04-19,13.0,Female,Grade 8,Public,Science,2.5,7.3,5.0,96.0,71.0,Group Study,No,Yes,High,High,83.0,88.0,Good,Needs revision plan
R0813,S0183,2026-03-04,15.0,Female,Grade 10,Private,Science,4.0,6.8,3.3,90.0,87.0,Group Study,No,Yes,Low,Medium,93.0,97.0,Excellent,No Comment
R2702,S0329,2026-04-23,17.0,Male,Grade 10,Private,Computer Science,3.2,7.0,5.4,82.0,90.0,Notebook / Notes,Yes,Yes,High,Low,90.0,95.0,Excellent,Often distracted
R2031,S0270,2026-04-08,15.0,Male,Grade 10,Private,English,1.1,6.3,3.4,77.0,82.0,Self Study,No,Yes,Low,Low,72.0,79.0,Good,No Comment
R2616,S0542,2026-02-08,14.0,Female,Grade 9,Private,Computer Science,5.1,6.7,6.7,83.0,72.0,Private Tutor,Yes,Yes,High,Medium,73.0,84.0,Good,Strong participation
R1835,S0645,2026-02-17,15.0,Male,Grade 10,International,English,3.3,6.2,6.3,74.0,51.0,Self Study,No,Yes,Medium,High,79.0,89.0,Good,Excellent focus
R1295,S0531,2026-03-14,17.0,Female,Grade 8,International,History,1.9,9.0,2.5,87.0,96.0,Self Study,No,Yes,Low,Medium,100.0,100.0,Excellent,Improved this term
R2387,S0402,2026-02-04,16.0,Male,Grade 11,Public,Math,1.5,6.8,3.8,75.0,95.0,Online Videos,No,Yes,Low,High,81.0,85.0,Good,No Comment
R1336,S0307,2026-02-21,14.0,Female,Grade 9,Public,Science,2.5,8.2,5.5,76.0,100.0,Private Tutor,No,Yes,High,Low,82.0,75.0,Good,Often distracted
R3307,S0637,2026-02-17,15.0,Female,Grade 10,Public,Math,3.2,6.1,4.8,93.0,76.0,Self Study,No,Yes,High,Medium,98.0,100.0,Excellent,Homework quality varies
R1197,S0233,2026-04-30,14.0,Female,Grade 9,International,Science,3.8,7.5,0.8,83.0,65.0,Online Videos,No,Yes,Medium,Medium,100.0,100.0,Excellent,Needs better time management
R0361,S0262,2026-04-17,14.0,Female,Grade 9,Public,Computer Science,2.5,6.2,1.9,83.0,76.0,Self Study,Yes,Yes,Low,Medium,76.0,90.0,Excellent,Consistent effort
R1659,S0267,2026-02-24,17.0,Female,Grade 12,Public,History,1.3,7.2,4.7,69.0,100.0,Online Videos,No,Yes,Medium,High,61.0,77.0,Good,No Comment
R0262,S0170,2026-03-06,14.0,Female,Grade 9,Private,Math,2.1,7.2,2.4,90.0,100.0,Online Videos,No,Yes,Low,Medium,100.0,100.0,Excellent,Needs better time management
R2845,S0715,2026-04-15,14.0,Female,Grade 9,International,History,3.6,7.1,7.5,81.0,75.0,Self Study,Yes,Yes,High,Low,87.0,94.0,Excellent,Consistent effort
R0657,S0164,2026-04-11,16.0,Female,Grade 11,Public,English,3.2,7.3,3.0,90.0,65.0,Notebook / Notes,No,Yes,High,High,90.0,82.0,Good,Needs revision plan
R0914,S0697,2026-04-01,14.0,Female,Grade 9,Private,Math,2.2,7.8,3.0,84.0,72.0,Self Study,No,Yes,Low,Medium,100.0,92.0,Excellent,Excellent focus
R1245,S0679,2026-02-26,13.0,Female,Grade 8,Public,Math,2.1,8.4,7.0,81.0,66.0,Self Study,No,Yes,Medium,High,81.0,83.0,Good,Strong participation
R1531,S0696,2026-04-17,16.0,Male,Grade 8,International,Computer Science,2.1,7.9,3.2,100.0,82.0,Self Study,Yes,Yes,High,Medium,88.0,82.0,Good,Often distracted
R1040,S0444,2026-02-21,15.0,Male,Grade 10,Private,Math,3.8,6.0,5.1,94.0,89.0,Self Study,Yes,Yes,Low,Medium,100.0,100.0,Excellent,Absent during some activities
R0193,S0309,2026-04-26,16.0,Female,Grade 11,Private,History,4.1,7.2,5.6,94.0,79.0,Group Study,No,Yes,Medium,Medium,83.0,90.0,Excellent,Needs better time management
R0420,S0128,2026-03-10,13.0,Male,Grade 8,Public,English,2.7,8.4,0.5,74.0,85.0,Group Study,Yes,No,Medium,Medium,84.0,100.0,Excellent,Good analytical thinking
R3664,S0388,2026-02-22,13.0,Male,Grade 8,Private,Computer Science,4.4,7.2,2.5,86.0,67.0,Self Study,No,Yes,Medium,Medium,100.0,100.0,Excellent,No Comment
R2949,S0160,2026-04-10,15.0,Male,Grade 10,Public,Math,1.3,7.8,5.3,71.0,79.0,Online Videos,No,No,Medium,High,83.0,83.0,Good,Consistent effort
R1986,S0516,2026-04-17,15.0,Male,Grade 10,Public,English,2.3,7.3,8.1,81.0,43.0,Private Tutor,No,Yes,Medium,Low,76.0,79.0,Good,Consistent effort
R2167,S0163,2026-02-15,13.0,Female,Grade 8,Private,Computer Science,4.0,8.5,5.9,86.0,81.0,Self Study,No,Yes,High,Medium,80.0,93.0,Excellent,No Comment
R0680,S0218,2026-03-15,14.0,Male,Grade 9,International,History,1.5,7.0,4.7,100.0,47.0,Self Study,No,Yes,Medium,Medium,90.0,67.0,Pass,Good analytical thinking
R3761,S0397,2026-02-18,13.0,Male,Grade 8,Private,Math,3.2,7.4,3.6,81.0,67.0,Online Videos,Yes,Yes,Medium,High,73.0,90.0,Excellent,Needs revision plan
R0671,S0067,2026-04-02,14.0,Female,Grade 9,Private,Computer Science,3.8,7.9,3.4,87.0,69.0,Online Videos,No,Yes,High,High,100.0,91.0,Excellent,Good analytical thinking
R0818,S0479,2026-03-11,16.0,Female,Grade 11,Private,English,2.7,8.5,7.2,78.0,91.0,Group Study,Yes,Yes,High,High,74.0,81.0,Good,Excellent focus
R2809,S0689,2026-03-03,14.0,Female,Grade 9,Private,English,2.8,7.2,3.7,97.0,72.0,Online Videos,No,Yes,High,High,98.0,100.0,Excellent,Improved this term
R0210,S0350,2026-03-09,17.0,Male,Grade 12,Public,Math,3.2,7.3,8.3,90.0,59.0,Self Study,Yes,Yes,Low,Medium,73.0,83.0,Good,No Comment
R3477,S0236,2026-04-12,13.0,Male,Grade 8,Public,History,5.4,5.2,2.8,94.0,76.0,Self Study,No,Yes,Medium,Medium,100.0,99.0,Excellent,Homework quality varies
R1100,S0732,2026-04-17,15.0,Male,Grade 10,International,Math,2.7,6.0,5.6,71.0,77.0,Self Study,Yes,Yes,Low,Low,84.0,83.0,Good,Often distracted
R1878,S0399,2026-04-11,14.0,Female,Grade 9,Public,Science,2.8,9.3,2.2,95.0,99.0,Group Study,Yes,Yes,Medium,Medium,100.0,100.0,Excellent,Often distracted
R2324,S0355,2026-04-26,13.0,Female,Grade 8,Private,History,4.7,6.5,3.4,87.0,76.0,Self Study,No,Yes,Medium,Medium,91.0,93.0,Excellent,Consistent effort
R1877,S0065,2026-02-12,14.0,Male,Grade 9,Public,Computer Science,3.2,6.4,4.4,80.0,64.0,Group Study,No,Yes,High,Medium,85.0,76.0,Good,Needs revision plan
R0098,S0391,2026-02-24,16.0,Male,Grade 12,Public,History,2.8,7.5,4.1,100.0,69.0,Online Videos,Yes,Yes,High,Medium,90.0,80.0,Good,Strong participation
R2599,S0201,2026-04-01,13.0,Female,Grade 8,Public,Computer Science,3.0,8.7,4.2,88.0,68.0,Group Study,No,Yes,Medium,Medium,82.0,85.0,Good,No Comment
R0033,S0033,2026-02-15,17.0,Female,Grade 12,Public,Science,5.8,9.2,5.7,75.0,95.0,Online Videos,No,Yes,Medium,Medium,93.0,100.0,Excellent,No Comment
R2720,S0080,2026-03-05,15.0,Female,Grade 10,Public,Math,5.1,7.3,4.8,68.0,61.0,Online Videos,No,Yes,High,Low,88.0,88.0,Good,No Comment
R1663,S0471,2026-03-14,16.0,Female,Grade 8,Public,English,3.2,7.4,0.6,91.0,91.0,Self Study,No,Yes,Low,Low,92.0,95.0,Excellent,Needs revision plan
R3587,S0427,2026-03-18,14.0,Female,Grade 9,Private,Science,3.7,8.6,6.1,98.0,62.0,Notebook / Notes,No,No,Medium,High,100.0,100.0,Excellent,Excellent focus
R2575,S0695,2026-03-24,14.0,Female,Grade 9,Private,Science,2.8,8.6,4.2,76.0,56.0,Notebook / Notes,No,Yes,Medium,Low,91.0,93.0,Excellent,Improved this term
R1741,S0427,2026-04-03,13.0,Male,Grade 8,Private,Computer Science,1.5,6.7,4.8,91.0,66.0,Private Tutor,Yes,Yes,Medium,Medium,88.0,85.0,Good,Needs better time management
R3398,S0520,2026-04-05,17.0,Female,Grade 12,Private,Math,3.8,7.6,3.5,87.0,87.0,Self Study,No,Yes,Low,High,100.0,91.0,Excellent,No Comment
R3010,S0206,2026-02-16,15.0,Female,Grade 10,Public,Science,2.0,7.8,4.2,96.0,100.0,Self Study,Yes,Yes,Medium,Medium,72.0,100.0,Excellent,Absent during some activities
R0415,S0276,2026-04-03,14.0,Female,Grade 9,Public,Math,3.6,8.2,2.6,87.0,62.0,Private Tutor,No,Yes,High,Medium,82.0,90.0,Excellent,Homework quality varies
R3698,S0109,2026-04-02,16.0,Female,Grade 11,Private,Science,1.4,5.6,8.2,88.0,43.0,Private Tutor,Yes,Yes,Medium,Medium,77.0,84.0,Good,Good analytical thinking
R2385,S0293,2026-04-14,14.0,Female,Grade 9,Public,Math,4.5,8.8,4.8,88.0,39.0,Notebook / Notes,No,Yes,Medium,Low,100.0,95.0,Excellent,Homework quality varies
R2971,S0121,2026-02-19,16.0,Female,Grade 11,Public,Math,6.2,7.1,4.9,88.0,85.0,Self Study,No,Yes,Low,Medium,100.0,100.0,Excellent,Often distracted
R1064,S0434,2026-10-02,14.0,Female,Grade 12,Private,History,2.0,7.3,6.9,77.0,39.0,Self Study,No,No,Medium,Medium,66.0,76.0,Good,Strong participation
R1807,S0564,2026-02-07,13.0,Male,Grade 8,Private,English,3.0,7.6,5.1,81.0,100.0,Notebook / Notes,No,Yes,Medium,Low,100.0,97.0,Excellent,No Comment
R1003,S0477,2026-03-03,15.0,Female,Grade 10,Public,Computer Science,4.9,7.7,3.3,84.0,78.0,Online Videos,Yes,No,Medium,High,100.0,100.0,Excellent,No Comment
R1990,S0748,2026-03-17,15.0,Male,Grade 10,Public,English,2.4,6.5,5.9,80.0,78.0,Self Study,No,Yes,Medium,High,72.0,85.0,Good,Needs revision plan
R1582,S0029,2026-03-22,15.0,Male,Grade 10,Public,Science,4.3,7.0,4.5,75.0,76.0,Self Study,No,Yes,Low,Medium,95.0,100.0,Excellent,Homework quality varies
R0195,S0127,2026-03-24,14.0,Male,Grade 9,Public,History,4.2,5.5,5.7,67.0,77.0,Online Videos,No,Yes,Low,High,100.0,100.0,Excellent,Good analytical thinking
R2756,S0017,2026-03-30,17.0,Female,Grade 12,Public,Science,1.1,7.2,3.7,88.0,87.0,Group Study,Yes,Yes,Medium,Medium,79.0,98.0,Excellent,Often distracted
R2056,S0133,2026-04-20,14.0,Male,Grade 9,Public,English,5.1,7.3,3.1,93.0,44.0,Self Study,No,Yes,Medium,Medium,97.0,100.0,Excellent,Strong participation
R1863,S0712,2026-03-01,15.0,Female,Grade 10,International,English,4.6,8.1,6.6,96.0,76.0,Group Study,No,Yes,High,High,86.0,97.0,Excellent,Needs revision plan
R2473,S0413,2026-03-16,13.0,Female,Grade 8,Private,Science,1.9,6.8,3.1,95.0,86.0,Online Videos,Yes,Yes,High,Low,80.0,74.0,Pass,Excellent focus
R2442,S0679,2026-04-25,13.0,Female,Grade 9,Public,English,0.8,7.3,3.3,86.0,75.0,Online Videos,Yes,Yes,Low,Medium,87.0,89.0,Good,Needs revision plan
R2055,S0097,2026-02-22,16.0,Female,Grade 11,Private,Computer Science,2.0,8.9,4.4,79.0,76.0,Notebook / Notes,Yes,Yes,Low,High,91.0,97.0,Excellent,Absent during some activities
R3515,S0639,2026-02-14,17.0,Male,Grade 12,Public,Science,5.1,5.6,1.5,81.0,100.0,Group Study,No,No,High,Medium,100.0,99.0,Excellent,Absent during some activities
R1580,S0710,2026-03-09,15.0,Female,Grade 10,Private,Computer Science,4.4,6.4,4.0,100.0,74.0,Online Videos,No,Yes,Low,Low,100.0,92.0,Excellent,Good analytical thinking
R0423,S0012,2026-03-22,16.0,Male,Grade 10,Public,Computer Science,2.7,7.5,4.9,88.0,69.0,Online Videos,Yes,Yes,Low,Low,85.0,85.0,Good,Good analytical thinking
R1564,S0109,2026-04-07,14.0,Female,Grade 9,International,Computer Science,2.1,7.9,2.3,100.0,85.0,Self Study,No,Yes,Low,High,78.0,89.0,Good,Consistent effort
R1861,S0605,2026-03-16,14.0,Male,Grade 9,Public,English,3.2,7.3,2.5,89.0,79.0,Notebook / Notes,No,Yes,Medium,Medium,90.0,100.0,Excellent,Needs better time management
R0949,S0120,2026-03-18,17.0,Male,Grade 12,Public,Science,1.9,6.0,3.5,85.0,73.0,Group Study,No,Yes,Low,Low,90.0,74.0,Pass,Homework quality varies
R0807,S0710,2026-02-18,13.0,Female,Grade 8,Private,Math,4.2,7.4,5.3,89.0,76.0,Private Tutor,No,Yes,High,Medium,88.0,86.0,Good,Excellent focus
R3234,S0054,2026-02-22,15.0,Female,Grade 10,Private,Science,3.1,7.2,6.1,86.0,100.0,Notebook / Notes,Yes,Yes,Medium,Medium,89.0,80.0,Good,Good analytical thinking
R2328,S0467,2026-03-18,14.0,Female,Grade 9,Public,English,1.8,6.8,5.8,96.0,76.0,Notebook / Notes,Yes,Yes,Medium,Medium,72.0,79.0,Good,Often distracted
R1600,S0522,2026-03-18,15.0,Female,Grade 9,Public,Science,3.6,6.7,2.3,85.0,57.0,Self Study,No,Yes,High,Medium,96.0,95.0,Excellent,Needs revision plan
R1840,S0581,2026-03-21,14.0,Female,Grade 9,International,Computer Science,4.3,6.0,3.8,92.0,80.0,Group Study,Yes,Yes,High,Medium,100.0,100.0,Excellent,Absent during some activities
R1742,S0357,2026-02-26,16.0,Male,Grade 11,Public,English,5.1,6.7,4.8,80.0,95.0,Self Study,Yes,Yes,Low,High,100.0,100.0,Excellent,Strong participation
R1738,S0433,2026-04-10,14.0,Male,Grade 9,International,English,2.6,7.1,4.2,100.0,99.0,Self Study,No,Yes,Medium,Medium,87.0,87.0,Good,No Comment
R0373,S0229,2026-04-20,14.0,Male,Grade 9,Public,English,0.3,6.9,5.4,84.0,59.0,Self Study,No,Yes,Medium,Medium,76.0,92.0,Pass,No Comment
R2022,S0373,2026-03-11,14.0,Male,Grade 9,Public,History,4.0,7.1,3.0,94.0,99.0,Online Videos,No,Yes,High,High,88.0,85.0,Good,No Comment
R2421,S0621,2026-04-22,16.0,Female,Grade 11,International,Math,4.8,7.2,3.5,93.0,100.0,Online Videos,No,Yes,Low,Medium,100.0,100.0,Excellent,Strong participation
R1966,S0398,2026-03-16,17.0,Female,Grade 12,Public,English,4.6,7.3,4.2,87.0,77.0,Notebook / Notes,Yes,Yes,Medium,Medium,100.0,100.0,Excellent,Strong participation
R3513,S0171,2026-03-22,13.0,Female,Grade 10,Public,Math,3.9,7.4,5.2,70.0,74.0,Online Videos,No,Yes,High,Low,100.0,93.0,Excellent,Needs better time management
R2286,S0643,2026-03-24,16.0,Male,Grade 11,Public,English,3.6,8.5,2.1,100.0,64.0,Notebook / Notes,Yes,Yes,Medium,Medium,85.0,100.0,Excellent,Often distracted
R1057,S0433,2026-03-02,15.0,Female,Grade 10,Private,Math,2.7,6.9,2.0,87.0,91.0,Self Study,No,Yes,Medium,Low,89.0,92.0,Excellent,Often distracted
R0089,S0626,2026-03-28,16.0,Female,Grade 11,Public,Computer Science,2.4,7.6,4.2,85.0,69.0,Group Study,No,Yes,Medium,High,100.0,100.0,Excellent,Improved this term
R3261,S0338,2026-04-15,15.0,Female,Grade 12,Public,History,2.7,7.4,4.3,78.0,95.0,Self Study,No,Yes,Medium,Medium,83.0,91.0,Excellent,Needs better time management
R3425,S0745,2026-03-28,13.0,Male,Grade 8,International,History,5.2,7.1,4.3,92.0,60.0,Online Videos,No,Yes,Medium,Medium,90.0,98.0,Excellent,Homework quality varies
R3382,S0650,2026-04-04,14.0,Female,Grade 9,Public,Computer Science,4.7,7.2,5.6,82.0,53.0,Online Videos,No,Yes,Low,Medium,100.0,92.0,Excellent,Often distracted
R0125,S0161,2026-03-23,13.0,Female,Grade 8,Public,Computer Science,4.3,8.9,4.2,86.0,88.0,Online Videos,No,Yes,Low,Medium,91.0,100.0,Excellent,Good analytical thinking
R0106,S0465,2026-03-14,16.0,Female,Grade 11,Public,Computer Science,4.3,5.4,5.9,83.0,42.0,Private Tutor,No,Yes,Medium,Medium,86.0,79.0,Good,Good analytical thinking
R2603,S0300,2026-02-07,13.0,Male,Grade 8,Private,Science,3.3,6.0,4.0,100.0,98.0,Self Study,No,Yes,Medium,Medium,78.0,89.0,Good,Improved this term
R2777,S0741,2026-03-25,14.0,Female,Grade 9,Public,Computer Science,3.0,6.2,4.3,84.0,61.0,Online Videos,Yes,No,High,High,86.0,88.0,Good,No Comment
R1588,S0595,2026-02-26,13.0,Female,Grade 8,Public,Math,2.2,6.9,3.1,96.0,41.0,Online Videos,Yes,Yes,High,Low,79.0,78.0,Good,Often distracted
R0786,S0149,2026-04-09,16.0,Female,Grade 8,Public,Math,3.2,7.6,2.3,85.0,76.0,Self Study,No,Yes,Low,High,97.0,100.0,Excellent,Good analytical thinking
R3376,S0203,2026-03-18,16.0,Female,Grade 11,Public,Science,4.4,7.6,1.9,95.0,71.0,Group Study,Yes,Yes,Low,High,95.0,100.0,Excellent,Homework quality varies
R3833,S0531,2026-04-16,17.0,Female,Grade 9,Public,Computer Science,3.7,7.4,3.7,92.0,100.0,Private Tutor,No,Yes,Medium,Medium,91.0,100.0,Excellent,Absent during some activities
R3746,S0606,2026-02-16,15.0,Female,Grade 10,Private,English,0.0,8.1,4.3,90.0,83.0,Online Videos,No,Yes,Medium,Medium,63.0,73.0,Pass,Strong participation
R0270,S0462,2026-02-28,16.0,Female,Grade 9,Private,Computer Science,2.4,7.5,5.3,100.0,55.0,Group Study,Yes,Yes,High,Low,75.0,79.0,Good,Needs revision plan
R1167,S0467,2026-02-14,13.0,Female,Grade 8,Public,History,1.9,7.2,5.6,86.0,75.0,Self Study,No,Yes,Low,Medium,100.0,86.0,Good,Absent during some activities
R3070,S0527,2026-02-22,17.0,Female,Grade 12,International,Science,5.4,6.8,4.6,77.0,71.0,Online Videos,Yes,Yes,High,Low,90.0,98.0,Excellent,Good analytical thinking
R1556,S0291,2026-02-27,14.0,Male,Grade 9,Private,Science,1.1,6.9,4.2,74.0,89.0,Self Study,No,Yes,Medium,Medium,77.0,77.0,Good,Often distracted
R0226,S0481,2026-03-20,13.0,Female,Grade 8,International,History,3.2,8.7,4.2,88.0,64.0,Self Study,No,Yes,Medium,Low,68.0,83.0,Good,Often distracted
R3689,S0383,2026-02-23,16.0,Male,Grade 12,International,English,3.8,9.2,5.5,87.0,53.0,Private Tutor,No,Yes,Medium,Low,96.0,97.0,Excellent,Needs better time management
R2240,S0308,2026-02-10,14.0,Female,Grade 12,Public,Science,3.2,7.2,3.4,91.0,35.0,Self Study,No,Yes,Medium,High,75.0,87.0,Good,No Comment
R3503,S0196,2026-04-17,17.0,Male,Grade 11,Public,History,1.9,7.2,7.4,88.0,39.0,Private Tutor,No,Yes,Low,High,84.0,92.0,Excellent,Often distracted
R2244,S0552,2026-02-02,17.0,Male,Grade 9,Private,Science,3.8,7.2,4.5,81.0,88.0,Self Study,No,Yes,Medium,High,100.0,100.0,Excellent,Often distracted
R2807,S0238,2026-02-20,14.0,Female,Grade 9,Public,Science,0.7,5.7,1.3,95.0,81.0,Notebook / Notes,No,Yes,High,Medium,70.0,92.0,Pass,No Comment
R3357,S0048,2026-02-21,16.0,Female,Grade 11,Private,Science,2.8,6.5,5.5,87.0,78.0,Self Study,No,Yes,High,Low,69.0,77.0,Good,Homework quality varies
R2090,S0524,2026-02-28,15.0,Female,Grade 10,Private,Science,2.4,8.6,3.4,97.0,60.0,Group Study,No,Yes,Medium,Medium,87.0,100.0,Excellent,Consistent effort
R1466,S0196,2026-03-14,14.0,Female,Grade 9,Public,Math,2.5,6.9,6.2,92.0,70.0,Online Videos,Yes,Yes,Medium,High,76.0,86.0,Good,Strong participation
R3043,S0404,2026-03-02,17.0,Male,Grade 12,Public,History,3.6,8.4,2.1,95.0,85.0,Self Study,No,Yes,Low,Medium,100.0,100.0,Excellent,Improved this term
R0571,S0165,2026-03-03,14.0,Female,Grade 9,Public,History,3.2,6.9,4.7,98.0,97.0,Online Videos,No,Yes,Medium,Medium,97.0,95.0,Excellent,Absent during some activities
R3705,S0664,2026-02-25,13.0,Female,Grade 8,Private,English,3.2,5.7,1.9,91.0,67.0,Online Videos,No,Yes,Low,High,91.0,100.0,Excellent,Homework quality varies
R3029,S0353,2026-04-26,15.0,Male,Grade 10,Private,Computer Science,3.1,5.8,6.3,86.0,78.0,Notebook / Notes,No,Yes,Low,High,100.0,98.0,Excellent,Excellent focus
R2416,S0096,2026-04-12,17.0,Female,Grade 12,Public,History,2.2,7.8,3.7,74.0,79.0,Group Study,No,Yes,Medium,High,87.0,94.0,Excellent,No Comment
R1771,S0049,2026-04-02,13.0,Male,Grade 8,International,Science,1.3,7.1,6.5,95.0,80.0,Self Study,Yes,Yes,High,Medium,71.0,73.0,Pass,Strong participation
R2133,S0059,2026-02-08,16.0,Male,Grade 11,Private,Computer Science,4.5,7.3,4.2,95.0,61.0,Online Videos,No,Yes,Medium,Low,84.0,82.0,Good,No Comment
R3623,S0598,2026-03-03,17.0,Female,Grade 12,Public,Math,0.7,6.0,4.7,87.0,50.0,Self Study,No,Yes,Medium,Medium,59.0,70.0,Pass,Absent during some activities
R0188,S0625,2026-02-21,14.0,Female,Grade 9,Public,History,3.7,6.2,4.2,83.0,74.0,Private Tutor,No,Yes,Medium,Low,100.0,98.0,Excellent,Excellent focus
R0342,S0393,2026-03-18,14.0,Female,Grade 9,International,Science,2.4,8.4,4.4,80.0,69.0,Private Tutor,No,Yes,Medium,Low,90.0,79.0,Good,Needs revision plan
R3164,S0749,2026-02-10,13.0,Female,Grade 8,Private,Computer Science,4.6,9.7,6.4,83.0,94.0,Private Tutor,Yes,Yes,High,High,100.0,100.0,Excellent,Good analytical thinking
R0563,S0332,2026-04-03,16.0,Female,Grade 11,Private,English,2.8,6.0,3.8,83.0,97.0,Online Videos,Yes,Yes,Medium,High,98.0,100.0,Excellent,Homework quality varies
R0408,S0613,2026-04-30,13.0,Female,Grade 8,Public,Computer Science,2.9,7.2,5.4,87.0,76.0,Group Study,No,Yes,Medium,High,96.0,92.0,Excellent,Improved this term
R0356,S0370,2026-04-24,17.0,Female,Grade 12,Public,History,4.7,5.8,1.5,82.0,47.0,Private Tutor,Yes,Yes,Low,Medium,100.0,100.0,Excellent,No Comment
R1497,S0484,2026-03-22,16.0,Female,Grade 11,International,Math,3.1,8.1,4.2,91.0,94.0,Self Study,No,Yes,Low,Medium,81.0,85.0,Good,Needs revision plan
R0747,S0335,2026-03-30,17.0,Female,Grade 12,Private,Math,4.1,6.9,5.6,87.0,74.0,Self Study,No,Yes,Low,High,92.0,88.0,Good,Improved this term
R3370,S0384,2026-05-01,16.0,Male,Grade 11,Public,History,4.2,8.5,5.5,80.0,100.0,Group Study,No,Yes,Low,High,97.0,100.0,Excellent,Good analytical thinking
R3410,S0687,2026-02-25,15.0,Female,Grade 9,Private,English,4.5,7.2,4.6,87.0,91.0,Self Study,No,Yes,High,Low,87.0,87.0,Good,Needs better time management
R2221,S0133,2026-02-10,17.0,Female,Grade 12,Public,Math,4.0,9.2,6.9,91.0,65.0,Online Videos,No,Yes,Medium,High,100.0,96.0,Excellent,No Comment
R2046,S0445,2026-03-04,16.0,Female,Grade 11,Public,English,5.1,8.1,2.4,86.0,48.0,Group Study,Yes,Yes,Medium,Low,100.0,100.0,Excellent,No Comment
R1097,S0024,2026-02-07,16.0,Female,Grade 11,Public,Computer Science,2.9,7.9,4.2,86.0,73.0,Self Study,Yes,Yes,Medium,Medium,90.0,87.0,Good,No Comment
R1701,S0703,2026-02-17,14.0,Female,Grade 9,International,History,5.2,7.2,1.9,91.0,53.0,Group Study,Yes,Yes,Medium,Low,100.0,100.0,Excellent,Needs better time management
R0211,S0612,2026-02-25,14.0,Male,Grade 9,Public,Computer Science,3.5,7.2,4.2,88.0,61.0,Group Study,No,Yes,High,Medium,97.0,95.0,Excellent,No Comment
R0863,S0548,2026-04-29,16.0,Male,Grade 11,Private,Math,3.7,7.2,4.5,92.0,84.0,Self Study,No,Yes,Medium,High,100.0,99.0,Excellent,Absent during some activities
R1942,S0297,2026-03-13,13.0,Male,Grade 8,International,Science,1.6,7.1,2.5,82.0,69.0,Self Study,No,Yes,Medium,High,79.0,90.0,Excellent,Improved this term
R3639,S0415,2026-02-17,13.0,Male,Grade 8,Private,Computer Science,3.8,8.0,3.8,85.0,100.0,Self Study,No,Yes,Medium,High,94.0,100.0,Excellent,Often distracted
R3584,S0243,2026-02-20,15.0,Female,Grade 10,Public,History,0.5,7.2,5.7,75.0,70.0,Self Study,Yes,Yes,Medium,High,81.0,77.0,Good,Excellent focus
R0086,S0063,2026-04-26,15.0,Male,Grade 8,Private,Science,2.6,5.8,4.7,89.0,66.0,Self Study,No,Yes,Low,High,79.0,89.0,Good,Good analytical thinking
R0726,S0691,2026-04-07,16.0,Female,Grade 11,Private,Science,0.9,7.7,4.9,83.0,100.0,Self Study,Yes,Yes,Medium,Medium,81.0,85.0,Good,Strong participation
R2778,S0685,2026-04-14,16.0,Male,Grade 9,Public,English,3.6,5.9,6.6,87.0,90.0,Self Study,No,Yes,Low,Medium,100.0,93.0,Excellent,Strong participation
R1594,S0728,2026-03-02,13.0,Female,Grade 8,Private,Science,4.5,8.3,1.9,90.0,71.0,Group Study,No,Yes,Low,Medium,100.0,91.0,Excellent,Improved this term
R0957,S0550,2026-08-04,15.0,Female,Grade 10,Private,English,6.4,9.3,4.2,77.0,72.0,Private Tutor,Yes,Yes,High,High,99.0,100.0,Excellent,Homework quality varies
R1598,S0576,2026-03-26,13.0,Female,Grade 8,Public,Computer Science,3.2,6.9,3.5,81.0,93.0,Self Study,Yes,Yes,High,Medium,78.0,91.0,Excellent,No Comment
R2910,S0412,2026-04-02,15.0,Female,Grade 10,International,English,1.8,8.2,5.2,92.0,68.0,Self Study,No,Yes,High,Medium,80.0,86.0,Good,Consistent effort
R2092,S0447,2026-04-20,17.0,Male,Grade 12,Private,Science,3.2,8.5,2.9,89.0,77.0,Private Tutor,No,Yes,Medium,Medium,94.0,98.0,Excellent,Often distracted
R2341,S0367,2026-03-02,17.0,Female,Grade 12,Public,Computer Science,1.4,6.3,8.1,77.0,85.0,Self Study,No,Yes,High,High,90.0,92.0,Needs Improvement,No Comment
R1149,S0559,2026-04-27,17.0,Male,Grade 12,Private,Math,4.4,6.7,3.1,76.0,53.0,Group Study,Yes,Yes,Medium,Low,86.0,93.0,Excellent,Improved this term
R0800,S0723,2026-04-17,15.0,Female,Grade 10,Public,History,3.7,7.2,2.5,100.0,62.0,Online Videos,No,Yes,Medium,Medium,100.0,100.0,Excellent,Needs better time management
R2879,S0244,2026-03-05,17.0,Male,Grade 12,Private,Computer Science,3.6,5.4,4.2,76.0,63.0,Online Videos,No,Yes,Low,Medium,89.0,100.0,Excellent,Needs better time management
R0416,S0088,2026-02-05,16.0,Male,Grade 11,Public,Computer Science,3.9,4.9,6.0,100.0,78.0,Group Study,No,Yes,Medium,High,97.0,98.0,Excellent,Good analytical thinking
R0027,S0640,2026-04-26,14.0,Male,Grade 9,Public,History,5.9,6.3,4.9,82.0,62.0,Self Study,Yes,Yes,Medium,Medium,100.0,97.0,Excellent,Strong participation
R0155,S0551,2026-03-20,16.0,Male,Grade 11,Public,English,1.3,5.3,6.4,70.0,86.0,Online Videos,No,Yes,High,High,73.0,74.0,Pass,No Comment
R2233,S0429,2026-02-17,17.0,Male,Grade 12,Public,Math,4.0,5.9,3.9,93.0,66.0,Group Study,No,Yes,Low,Medium,90.0,92.0,Good,No Comment
R1005,S0486,2026-03-18,15.0,Male,Grade 10,Public,History,1.8,7.4,2.9,95.0,100.0,Self Study,No,Yes,Medium,High,83.0,100.0,Excellent,Improved this term
R0131,S0351,2026-09-02,16.0,Female,Grade 11,Private,Science,3.4,7.8,4.2,72.0,93.0,Online Videos,No,Yes,High,Low,100.0,100.0,Excellent,No Comment
R2758,S0189,2026-04-28,14.0,Female,Grade 10,Public,Computer Science,4.5,7.0,3.1,91.0,81.0,Private Tutor,No,Yes,Medium,Medium,97.0,100.0,Excellent,Needs revision plan
R3883,S0685,2026-03-25,15.0,Female,Grade 10,Public,English,4.4,7.2,4.0,88.0,67.0,Self Study,Yes,Yes,High,Medium,95.0,97.0,Excellent,Strong participation
R3145,S0196,2026-03-09,16.0,Male,Grade 11,Private,Science,3.0,6.1,4.7,86.0,59.0,Online Videos,No,Yes,Medium,Medium,86.0,85.0,Good,Good analytical thinking
R3493,S0589,2026-03-13,17.0,Male,Grade 12,International,Science,1.9,5.6,8.6,86.0,96.0,Online Videos,No,Yes,Low,Low,66.0,64.0,Pass,Needs better time management
R3377,S0174,2026-02-13,13.0,Female,Grade 8,Public,History,1.5,7.2,6.3,90.0,61.0,Group Study,No,Yes,High,High,79.0,84.0,Good,Strong participation
R0001,S0164,2026-02-01,14.0,Female,Grade 9,Public,Math,1.9,5.1,5.7,92.0,88.0,Self Study,No,Yes,Low,Medium,81.0,81.0,Good,Good analytical thinking
R0763,S0009,2026-04-11,13.0,Female,Grade 12,Public,English,5.3,6.1,4.2,88.0,60.0,Group Study,Yes,Yes,Medium,High,100.0,100.0,Excellent,Needs better time management
R2455,S0162,2026-02-25,16.0,Male,Grade 11,Private,Computer Science,5.0,6.6,5.6,97.0,78.0,Online Videos,No,Yes,Low,Medium,100.0,93.0,Excellent,Often distracted
R1309,S0586,2026-04-02,14.0,Female,Grade 9,Public,Science,3.3,7.9,4.5,85.0,80.0,Self Study,Yes,Yes,Low,High,100.0,91.0,Excellent,Absent during some activities
R1817,S0080,2026-03-11,16.0,Female,Grade 12,International,Computer Science,3.0,6.0,4.1,97.0,35.0,Online Videos,No,Yes,Medium,Medium,87.0,93.0,Excellent,Needs revision plan
R3764,S0552,2026-02-17,16.0,Female,Grade 11,Public,Computer Science,4.5,8.6,5.3,72.0,84.0,Private Tutor,Yes,No,Medium,Medium,94.0,100.0,Excellent,Improved this term
R3226,S0406,2026-02-24,14.0,Male,Grade 9,Private,Science,6.2,7.4,3.5,81.0,62.0,Notebook / Notes,No,Yes,Low,Medium,100.0,100.0,Excellent,Consistent effort
R2736,S0669,2026-02-23,17.0,Male,Grade 9,Private,English,4.5,8.6,4.8,98.0,66.0,Group Study,Yes,Yes,Low,Medium,94.0,100.0,Excellent,Excellent focus
R2373,S0330,2026-04-16,14.0,Male,Grade 9,Private,Science,3.2,7.4,4.5,88.0,60.0,Group Study,Yes,Yes,Low,High,100.0,100.0,Excellent,Often distracted
R0396,S0374,2026-04-13,16.0,Male,Grade 11,Private,History,1.9,7.2,4.7,85.0,82.0,Self Study,No,Yes,Low,Medium,87.0,89.0,Good,Good analytical thinking
R3822,S0195,2026-04-17,15.0,Male,Grade 11,Private,Computer Science,2.2,7.0,5.5,81.0,88.0,Private Tutor,No,Yes,Medium,Low,63.0,89.0,Good,Absent during some activities
R0598,S0360,2026-03-12,15.0,Male,Grade 9,Public,English,3.1,7.2,4.3,100.0,62.0,Online Videos,No,Yes,Low,Medium,94.0,100.0,Excellent,Good analytical thinking
R2847,S0691,2026-04-10,16.0,Female,Grade 9,Public,Science,1.4,7.0,3.1,100.0,77.0,Self Study,Yes,Yes,Medium,High,92.0,100.0,Excellent,Strong participation
R1645,S0528,2026-04-15,15.0,Male,Grade 10,International,English,1.6,8.6,2.8,82.0,76.0,Group Study,No,Yes,Medium,Low,100.0,100.0,Excellent,Needs better time management
R0250,S0490,2026-03-22,13.0,Female,Grade 8,Private,English,3.9,5.8,4.8,72.0,84.0,Private Tutor,No,Yes,Medium,Medium,100.0,98.0,Excellent,Strong participation
R2180,S0029,2026-03-12,17.0,Male,Grade 8,Private,Computer Science,4.1,7.2,2.0,100.0,94.0,Online Videos,No,Yes,Low,Medium,100.0,100.0,Excellent,Consistent effort
R1274,S0652,2026-04-04,13.0,Male,Grade 8,Public,Math,3.6,7.8,4.6,88.0,100.0,Notebook / Notes,Yes,Yes,Medium,Medium,82.0,91.0,Excellent,Improved this term
R0378,S0216,2026-03-16,16.0,Male,Grade 11,Private,History,2.8,7.9,5.6,100.0,70.0,Online Videos,Yes,Yes,Low,High,92.0,89.0,Good,No Comment
R2051,S0591,2026-02-21,13.0,Male,Grade 8,Public,Computer Science,3.4,5.5,2.5,85.0,68.0,Self Study,Yes,Yes,High,High,83.0,88.0,Good,Homework quality varies
R2712,S0268,2026-03-23,17.0,Female,Grade 12,International,Computer Science,4.0,6.5,4.0,90.0,72.0,Group Study,No,Yes,High,High,95.0,93.0,Excellent,No Comment
R0841,S0446,2026-04-01,13.0,Female,Grade 8,International,Science,2.8,5.7,6.3,96.0,68.0,Group Study,No,Yes,Low,High,90.0,88.0,Good,Often distracted
R2401,S0653,2026-02-12,14.0,Male,Grade 9,Private,Science,3.5,7.5,1.1,70.0,82.0,Group Study,No,Yes,Low,Medium,82.0,91.0,Excellent,Often distracted
R1288,S0045,2026-04-24,17.0,Female,Grade 12,Private,Science,5.3,8.0,5.4,94.0,91.0,Online Videos,No,Yes,Medium,High,99.0,100.0,Excellent,Consistent effort
R2279,S0503,2026-02-01,17.0,Female,Grade 9,Private,English,1.9,8.1,3.7,100.0,42.0,Private Tutor,Yes,Yes,Medium,Medium,80.0,86.0,Good,No Comment
R3490,S0386,2026-03-14,13.0,Male,Grade 8,Private,Science,3.7,8.4,3.3,93.0,83.0,Online Videos,No,Yes,Low,High,100.0,100.0,Excellent,No Comment
R1567,S0276,2026-02-27,17.0,Female,Grade 10,Private,Science,1.9,8.0,3.5,78.0,92.0,Notebook / Notes,No,Yes,Low,High,100.0,97.0,Excellent,Strong participation
R1740,S0531,2026-03-17,15.0,Male,Grade 11,International,English,3.2,7.2,6.0,69.0,56.0,Private Tutor,No,Yes,High,Medium,90.0,65.0,Excellent,Homework quality varies
R3316,S0299,2026-04-21,17.0,Female,Grade 12,Private,Math,4.6,6.6,3.7,99.0,96.0,Private Tutor,No,Yes,Low,High,97.0,100.0,Excellent,Needs better time management
R3530,S0469,2026-02-13,14.0,Female,Grade 9,International,Math,1.0,7.2,1.4,87.0,79.0,Notebook / Notes,Yes,Yes,Low,High,59.0,75.0,Good,Excellent focus
R0658,S0078,2026-04-12,14.0,Male,Grade 9,International,English,3.0,9.7,6.9,98.0,74.0,Private Tutor,No,Yes,High,High,89.0,96.0,Excellent,Absent during some activities
R2709,S0536,2026-03-31,14.0,Female,Grade 9,Public,Science,2.7,6.5,6.5,100.0,41.0,Online Videos,Yes,Yes,Low,Medium,85.0,95.0,Excellent,Needs better time management
R0177,S0046,2026-03-29,15.0,Male,Grade 9,Private,Science,4.7,6.3,6.1,83.0,92.0,Online Videos,No,Yes,Low,High,81.0,96.0,Excellent,Often distracted
R3329,S0175,2026-02-20,13.0,Male,Grade 8,Private,English,3.7,6.5,4.4,89.0,52.0,Group Study,No,Yes,Medium,Low,76.0,80.0,Good,No Comment
R1241,S0376,2026-03-08,14.0,Female,Grade 9,Private,Math,1.0,5.6,4.9,89.0,92.0,Self Study,No,No,High,Medium,73.0,81.0,Good,Needs better time management
R2944,S0534,2026-03-01,17.0,Female,Grade 9,Public,Science,2.3,8.1,3.3,91.0,85.0,Self Study,No,Yes,Low,Low,92.0,98.0,Excellent,No Comment
R0553,S0486,2026-04-13,15.0,Male,Grade 10,Private,Science,0.6,7.7,1.9,92.0,71.0,Online Videos,Yes,Yes,Medium,Medium,86.0,92.0,Excellent,Strong participation
R3496,S0677,2026-04-11,16.0,Male,Grade 11,Public,Computer Science,4.6,7.2,2.6,90.0,75.0,Group Study,No,No,High,Medium,91.0,92.0,Excellent,Strong participation
R2329,S0587,2026-04-30,17.0,Male,Grade 12,International,Science,3.9,7.3,6.0,75.0,65.0,Group Study,Yes,Yes,Medium,Medium,100.0,100.0,Excellent,Strong participation
R1675,S0368,2026-04-12,17.0,Female,Grade 12,Private,English,4.3,6.5,2.3,91.0,92.0,Self Study,No,Yes,Low,Low,86.0,100.0,Excellent,Needs better time management
R1478,S0292,2026-02-10,14.0,Female,Grade 9,Public,English,1.8,7.9,3.8,96.0,95.0,Online Videos,No,Yes,High,Medium,100.0,100.0,Excellent,No Comment
R1251,S0558,2026-04-19,15.0,Male,Grade 10,Private,English,4.2,6.8,4.9,96.0,100.0,Private Tutor,No,Yes,Medium,Medium,100.0,100.0,Excellent,Absent during some activities
R1168,S0510,2026-02-22,16.0,Male,Grade 11,Public,Science,1.7,6.8,1.9,90.0,66.0,Self Study,No,Yes,Low,Medium,100.0,94.0,Excellent,Absent during some activities
R2615,S0420,2026-03-18,17.0,Female,Grade 8,Public,English,3.8,7.7,5.7,84.0,43.0,Self Study,No,Yes,Low,Medium,82.0,78.0,Good,No Comment
R1649,S0458,2026-02-06,17.0,Female,Grade 12,Public,English,3.9,9.2,4.8,87.0,76.0,Private Tutor,No,Yes,Medium,Medium,100.0,81.0,Good,Absent during some activities
R2192,S0289,2026-03-10,17.0,Male,Grade 12,International,Computer Science,0.5,7.7,4.2,83.0,56.0,Online Videos,No,Yes,High,Medium,60.0,66.0,Pass,Absent during some activities
R2117,S0415,2026-03-07,17.0,Female,Grade 12,International,History,2.0,5.6,4.0,75.0,96.0,Group Study,No,Yes,Low,High,72.0,78.0,Good,Improved this term
R1342,S0549,2026-03-30,13.0,Male,Grade 8,Public,Math,2.1,6.7,6.1,94.0,59.0,Self Study,No,Yes,Medium,Medium,81.0,78.0,Good,No Comment
R2960,S0546,2026-04-15,16.0,Male,Grade 11,Public,English,5.7,7.4,5.2,94.0,98.0,Online Videos,No,Yes,Low,Low,88.0,100.0,Excellent,Excellent focus
R0620,S0312,2026-03-18,14.0,Female,Grade 9,International,English,0.0,7.0,3.1,98.0,47.0,Online Videos,No,Yes,Medium,Medium,56.0,72.0,Pass,No Comment
R3821,S0242,2026-02-16,13.0,Male,Grade 8,Public,Computer Science,4.6,8.1,3.1,87.0,56.0,Self Study,Yes,Yes,Low,Low,100.0,99.0,Excellent,No Comment
R0191,S0028,2026-03-18,17.0,Female,Grade 12,Public,Science,4.5,5.6,0.5,82.0,69.0,Self Study,Yes,Yes,Medium,Medium,96.0,100.0,Excellent,Needs better time management
R2199,S0388,2026-03-25,13.0,Male,Grade 8,Public,English,2.7,7.3,2.3,66.0,77.0,Notebook / Notes,No,Yes,Low,Low,74.0,79.0,Good,Excellent focus
R1103,S0120,2026-02-14,15.0,Female,Grade 10,Private,English,3.1,8.2,4.2,90.0,71.0,Self Study,No,Yes,High,Medium,95.0,92.0,Excellent,No Comment
R1946,S0197,2026-04-03,16.0,Male,Grade 11,Public,Math,3.6,6.9,2.1,78.0,77.0,Group Study,No,No,Low,High,100.0,95.0,Excellent,Strong participation
R1480,S0662,2026-02-24,13.0,Male,Grade 8,International,Math,4.2,7.8,1.8,93.0,64.0,Online Videos,No,Yes,Medium,Medium,94.0,100.0,Excellent,No Comment
R1498,S0262,2026-02-19,14.0,Female,Grade 9,Public,History,2.0,8.2,3.8,80.0,92.0,Self Study,No,Yes,Medium,High,100.0,100.0,Excellent,Good analytical thinking
R1953,S0245,2026-04-08,13.0,Female,Grade 8,Private,Science,3.2,6.6,3.1,93.0,97.0,Self Study,No,Yes,Medium,Low,91.0,100.0,Excellent,Needs revision plan
R3871,S0616,2026-03-11,13.0,Male,Grade 8,Private,English,1.8,9.2,5.0,85.0,97.0,Self Study,No,Yes,Medium,Low,93.0,100.0,Excellent,Improved this term
R3901,S0203,2026-03-13,14.0,Male,Grade 9,Public,Math,4.5,6.6,2.4,84.0,78.0,Notebook / Notes,Yes,Yes,High,High,100.0,100.0,Excellent,Absent during some activities
R1016,S0188,2026-04-11,16.0,Female,Grade 11,Private,Computer Science,3.4,6.4,2.0,97.0,81.0,Group Study,Yes,Yes,Medium,Medium,81.0,92.0,Excellent,Consistent effort
R0782,S0388,2026-02-14,16.0,Male,Grade 11,Private,Science,3.7,7.5,6.8,78.0,89.0,Online Videos,No,Yes,Low,Medium,72.0,78.0,Good,Excellent focus
R3184,S0679,2026-03-24,16.0,Female,Grade 10,Private,Computer Science,2.5,7.9,2.3,93.0,55.0,Self Study,Yes,Yes,Medium,Low,84.0,94.0,Excellent,No Comment
R1579,S0704,2026-03-26,15.0,Female,Grade 10,Private,Computer Science,2.1,5.3,6.9,91.0,90.0,Group Study,Yes,Yes,Low,Medium,73.0,78.0,Good,No Comment
R1131,S0172,2026-02-27,15.0,Female,Grade 10,Public,Science,2.6,7.7,4.6,87.0,76.0,Group Study,No,Yes,High,Medium,100.0,91.0,Excellent,Needs better time management
R3719,S0295,2026-04-27,14.0,Female,Grade 9,International,History,3.2,7.0,0.5,87.0,89.0,Self Study,No,No,Low,High,94.0,97.0,Excellent,No Comment
R2811,S0338,2026-04-15,15.0,Male,Grade 9,Public,History,3.2,7.8,6.2,85.0,88.0,Online Videos,No,Yes,Medium,High,72.0,78.0,Good,Absent during some activities
R0388,S0445,2026-02-20,17.0,Female,Grade 12,Public,Computer Science,4.5,6.4,1.8,87.0,76.0,Notebook / Notes,Yes,Yes,High,Medium,100.0,100.0,Excellent,Needs revision plan
R3068,S0167,2026-02-06,13.0,Male,Grade 8,International,English,6.2,9.0,4.2,87.0,94.0,Self Study,Yes,Yes,Low,High,100.0,100.0,Excellent,Needs better time management
R0035,S0501,2026-03-05,13.0,Male,Grade 8,Public,English,3.2,7.2,3.9,100.0,60.0,Notebook / Notes,No,Yes,Medium,High,84.0,98.0,Excellent,Homework quality varies
R0047,S0228,2026-02-08,13.0,Female,Grade 8,International,Math,4.5,6.9,5.6,89.0,80.0,Self Study,No,Yes,Medium,Medium,100.0,92.0,Excellent,Excellent focus
R1259,S0688,2026-04-04,15.0,Female,Grade 10,International,History,3.3,7.3,6.3,76.0,76.0,Group Study,No,Yes,Medium,Medium,88.0,93.0,Excellent,Often distracted
R3219,S0597,2026-04-27,16.0,Male,Grade 11,Public,Science,2.7,6.6,1.3,78.0,55.0,Notebook / Notes,No,Yes,Low,Medium,80.0,91.0,Excellent,Good analytical thinking
R3619,S0718,2026-02-11,14.0,Male,Grade 9,International,Computer Science,4.2,7.2,3.8,75.0,43.0,Self Study,No,Yes,Low,High,77.0,88.0,Good,Strong participation
R3390,S0584,2026-03-08,14.0,Female,Grade 9,International,Science,2.3,7.3,5.1,91.0,54.0,Private Tutor,No,Yes,Low,High,100.0,89.0,Good,No Comment
R0998,S0514,2026-04-10,17.0,Female,Grade 12,Private,Science,1.5,6.8,3.7,82.0,68.0,Online Videos,No,No,Medium,Low,78.0,75.0,Good,Improved this term
R2598,S0149,2026-04-17,14.0,Female,Grade 9,Private,Math,4.1,7.9,3.3,82.0,91.0,Private Tutor,No,Yes,High,Medium,91.0,100.0,Excellent,Absent during some activities
R2962,S0393,2026-02-20,16.0,Male,Grade 11,Public,Science,3.2,7.9,3.4,90.0,48.0,Private Tutor,No,No,High,Medium,90.0,89.0,Good,Often distracted
R3421,S0444,2026-04-10,13.0,Male,Grade 8,Public,History,3.4,8.8,4.2,92.0,75.0,Online Videos,No,Yes,High,Low,91.0,100.0,Excellent,No Comment
R1864,S0650,2026-02-12,14.0,Female,Grade 11,Public,English,1.2,6.5,5.1,85.0,95.0,Online Videos,No,Yes,High,Low,67.0,74.0,Pass,Consistent effort
R2825,S0368,2026-03-13,16.0,Male,Grade 11,Public,Computer Science,3.9,5.6,4.2,99.0,81.0,Private Tutor,No,Yes,High,Medium,90.0,98.0,Excellent,Needs revision plan
R3599,S0744,2026-03-19,13.0,Male,Grade 8,Public,Science,2.9,8.8,5.4,84.0,88.0,Self Study,Yes,Yes,Medium,Low,90.0,100.0,Excellent,Strong participation
R3785,S0006,2026-03-09,13.0,Male,Grade 8,Private,History,1.6,5.6,6.0,92.0,100.0,Group Study,No,Yes,Medium,Medium,61.0,92.0,Pass,Improved this term
R0367,S0404,2026-02-13,13.0,Male,Grade 8,Private,Computer Science,2.1,6.9,4.2,89.0,55.0,Self Study,No,Yes,Low,Low,81.0,75.0,Good,Needs better time management
R3859,S0176,2026-04-09,13.0,Male,Grade 8,International,Math,2.5,6.4,5.9,81.0,81.0,Online Videos,No,Yes,Medium,Medium,81.0,89.0,Good,Needs revision plan
R3783,S0449,2026-03-18,13.0,Male,Grade 8,International,Math,3.1,6.8,6.8,87.0,88.0,Self Study,No,Yes,Medium,Low,90.0,75.0,Good,Absent during some activities
R0245,S0032,2026-03-26,14.0,Female,Grade 8,International,Math,4.1,8.8,4.8,81.0,100.0,Private Tutor,No,Yes,High,Medium,90.0,100.0,Excellent,No Comment
R1366,S0616,2026-02-04,17.0,Female,Grade 12,Public,Science,3.2,8.1,6.4,94.0,59.0,Self Study,No,No,Medium,Medium,100.0,100.0,Excellent,Improved this term
R3727,S0301,2026-03-29,15.0,Female,Grade 10,Public,History,2.6,6.9,4.1,72.0,79.0,Private Tutor,No,Yes,Low,High,90.0,98.0,Excellent,Excellent focus
R0790,S0664,2026-04-09,15.0,Female,Grade 10,Public,English,3.4,7.2,3.3,96.0,63.0,Online Videos,No,Yes,Medium,High,90.0,92.0,Excellent,Strong participation
R0240,S0542,2026-03-05,17.0,Male,Grade 12,Private,Computer Science,2.2,8.9,4.2,91.0,35.0,Online Videos,No,Yes,Low,Low,70.0,89.0,Good,Improved this term
R0251,S0228,2026-03-23,15.0,Male,Grade 10,Private,History,4.4,6.7,3.3,84.0,57.0,Self Study,Yes,Yes,Medium,Low,88.0,100.0,Excellent,Improved this term
R3648,S0117,2026-03-10,14.0,Female,Grade 9,International,Science,1.6,7.9,4.2,74.0,68.0,Self Study,Yes,Yes,Low,Medium,98.0,92.0,Excellent,Absent during some activities
R2330,S0399,2026-04-21,14.0,Male,Grade 9,Public,History,2.5,9.2,5.1,95.0,47.0,Online Videos,Yes,Yes,High,High,99.0,93.0,Excellent,Needs better time management
R2485,S0647,2026-04-24,17.0,Female,Grade 12,Private,Science,2.8,7.3,5.1,88.0,100.0,Online Videos,No,Yes,Low,Medium,97.0,100.0,Excellent,Needs revision plan
R2388,S0498,2026-03-14,13.0,Female,Grade 8,Public,History,3.2,7.2,3.9,95.0,90.0,Online Videos,No,Yes,Low,High,86.0,91.0,Excellent,Homework quality varies
R0809,S0489,2026-02-15,16.0,Male,Grade 11,International,Computer Science,3.8,5.3,3.3,90.0,86.0,Self Study,No,Yes,Medium,High,100.0,98.0,Excellent,Homework quality varies
R3210,S0147,2026-02-12,15.0,Male,Grade 11,Public,Math,5.1,6.7,4.1,87.0,58.0,Online Videos,No,No,Low,Medium,92.0,93.0,Excellent,Needs better time management
R1048,S0315,2026-04-29,17.0,Female,Grade 10,International,History,3.1,6.6,4.2,87.0,88.0,Self Study,No,Yes,Low,Medium,87.0,90.0,Excellent,Good analytical thinking
R2271,S0312,2026-04-30,14.0,Male,Grade 9,Public,History,1.6,7.3,3.8,89.0,73.0,Self Study,Yes,Yes,Medium,Medium,100.0,100.0,Excellent,Excellent focus
R0330,S0238,2026-03-20,16.0,Female,Grade 11,Public,History,4.4,7.2,4.2,92.0,82.0,Group Study,No,Yes,High,Medium,100.0,100.0,Excellent,No Comment
R3495,S0679,2026-04-05,17.0,Female,Grade 12,Public,History,4.8,6.7,4.2,93.0,64.0,Online Videos,Yes,Yes,Low,Medium,77.0,100.0,Excellent,No Comment
R0068,S0232,2026-03-08,13.0,Female,Grade 11,Public,English,5.0,6.5,5.6,78.0,65.0,Self Study,No,Yes,Low,Medium,82.0,100.0,Excellent,Homework quality varies
R3904,S0626,2026-02-21,15.0,Female,Grade 10,International,Math,2.3,6.3,6.5,78.0,46.0,Notebook / Notes,No,Yes,High,Low,84.0,81.0,Good,Homework quality varies
R0767,S0250,2026-03-18,16.0,Male,Grade 11,Public,Math,1.0,5.6,3.3,78.0,100.0,Self Study,No,Yes,Low,High,72.0,84.0,Good,Excellent focus
R3002,S0465,2026-03-30,13.0,Male,Grade 8,Public,Computer Science,2.1,6.0,2.3,87.0,62.0,Self Study,No,Yes,High,High,82.0,94.0,Excellent,Improved this term
R3458,S0050,2026-03-31,13.0,Male,Grade 8,International,Computer Science,3.9,7.4,4.3,73.0,67.0,Self Study,No,Yes,Medium,Medium,100.0,92.0,Excellent,Excellent focus
R1537,S0325,2026-03-01,16.0,Female,Grade 11,Private,Science,3.4,7.5,5.6,87.0,49.0,Group Study,No,Yes,Medium,Medium,91.0,97.0,Excellent,Strong participation
R1263,S0085,2026-02-04,14.0,Male,Grade 9,Public,Math,3.0,6.9,3.9,89.0,77.0,Group Study,No,Yes,Medium,Low,82.0,85.0,Good,Strong participation
R0265,S0570,2026-03-14,15.0,Female,Grade 10,Public,Science,5.1,7.0,5.8,100.0,81.0,Notebook / Notes,Yes,Yes,Medium,Low,100.0,100.0,Excellent,Needs better time management
R3228,S0651,2026-03-15,13.0,Male,Grade 8,Public,Math,1.0,5.2,2.5,95.0,58.0,Group Study,No,Yes,Medium,High,94.0,85.0,Good,Absent during some activities
R0404,S0292,2026-03-08,16.0,Male,Grade 11,Public,Science,5.5,7.1,5.1,87.0,73.0,Group Study,Yes,Yes,Medium,Medium,78.0,86.0,Good,No Comment
R0926,S0011,2026-03-01,15.0,Male,Grade 10,Private,Computer Science,2.8,7.4,2.6,87.0,65.0,Group Study,No,Yes,Low,High,95.0,100.0,Excellent,Needs revision plan
R1955,S0055,2026-03-17,15.0,Male,Grade 10,Public,Math,2.8,7.5,4.6,82.0,68.0,Self Study,Yes,Yes,Low,High,66.0,74.0,Pass,Homework quality varies
R0471,S0377,2026-04-17,17.0,Female,Grade 8,Public,Math,1.1,5.6,4.7,87.0,100.0,Notebook / Notes,Yes,Yes,Low,Low,86.0,82.0,Good,Good analytical thinking
R2391,S0299,2026-02-26,15.0,Male,Grade 10,Private,History,2.2,8.5,1.4,92.0,94.0,Group Study,Yes,Yes,Medium,Medium,100.0,100.0,Excellent,No Comment
R0543,S0261,2026-02-27,16.0,Female,Grade 11,International,Math,5.4,8.5,4.2,93.0,80.0,Self Study,Yes,Yes,Medium,Low,98.0,97.0,Excellent,Consistent effort
R1975,S0222,2026-03-12,14.0,Male,Grade 12,Private,History,2.9,7.5,4.2,90.0,74.0,Private Tutor,No,Yes,Medium,Medium,76.0,82.0,Good,Consistent effort
R1107,S0615,2026-04-06,15.0,Female,Grade 10,Public,History,2.0,6.7,4.2,83.0,69.0,Online Videos,No,No,Medium,Medium,90.0,92.0,Good,No Comment
R3875,S0681,2026-02-12,17.0,Male,Grade 9,Private,Computer Science,1.8,6.6,4.7,86.0,50.0,Online Videos,Yes,Yes,Low,High,100.0,94.0,Excellent,Improved this term
R1892,S0290,2026-02-24,13.0,Female,Grade 8,Private,Math,5.5,7.7,4.1,88.0,44.0,Self Study,Yes,Yes,Low,Low,88.0,100.0,Excellent,Consistent effort
R0870,S0440,2026-04-23,17.0,Male,Grade 12,International,History,4.1,7.1,5.2,88.0,75.0,Private Tutor,Yes,Yes,Medium,Medium,98.0,100.0,Excellent,Good analytical thinking
R1774,S0458,2026-02-03,16.0,Male,Grade 11,Private,Science,3.6,8.0,3.6,84.0,77.0,Notebook / Notes,No,Yes,Medium,High,96.0,100.0,Excellent,Improved this term
R3181,S0574,2026-03-01,16.0,Female,Grade 11,Public,Computer Science,0.8,8.0,3.5,74.0,67.0,Online Videos,Yes,Yes,High,Low,90.0,86.0,Good,Needs revision plan
R0555,S0584,2026-03-18,16.0,Male,Grade 11,International,Math,3.7,7.8,3.4,90.0,60.0,Self Study,No,Yes,Medium,Medium,80.0,89.0,Good,No Comment
R3055,S0230,2026-04-25,15.0,Male,Grade 10,Public,English,4.5,5.7,5.6,67.0,77.0,Self Study,No,Yes,Medium,Medium,86.0,81.0,Good,Homework quality varies
R0077,S0253,2026-04-09,14.0,Male,Grade 9,Public,Math,4.7,7.8,5.8,90.0,93.0,Self Study,No,Yes,Low,Medium,95.0,100.0,Excellent,Excellent focus
R3751,S0496,2026-04-04,16.0,Male,Grade 11,Private,Computer Science,2.9,6.6,0.5,87.0,91.0,Group Study,No,No,Medium,High,85.0,95.0,Excellent,No Comment
R3666,S0106,2026-03-02,13.0,Male,Grade 9,Private,English,2.0,6.8,4.9,92.0,87.0,Group Study,No,Yes,Medium,Medium,87.0,81.0,Good,No Comment
R3293,S0697,2026-03-28,15.0,Female,Grade 10,International,Science,2.4,7.8,8.6,86.0,97.0,Group Study,No,Yes,Low,Low,58.0,92.0,Pass,Good analytical thinking
R3016,S0303,2026-02-15,16.0,Female,Grade 11,Public,Computer Science,4.8,7.4,2.8,88.0,41.0,Online Videos,No,Yes,Low,Low,96.0,100.0,Excellent,Needs revision plan
R3163,S0224,2026-02-04,16.0,Male,Grade 10,Public,History,4.0,8.0,5.5,87.0,100.0,Online Videos,No,Yes,Medium,High,95.0,93.0,Excellent,Excellent focus
R3737,S0672,2026-02-28,17.0,Female,Grade 12,Public,Science,4.6,7.6,3.2,90.0,92.0,Notebook / Notes,Yes,Yes,Low,Medium,100.0,92.0,Excellent,Absent during some activities
R0289,S0738,2026-03-27,16.0,Male,Grade 11,Public,Science,3.9,6.1,4.2,89.0,72.0,Group Study,Yes,Yes,Medium,High,97.0,88.0,Good,Often distracted
R2495,S0536,2026-04-25,16.0,Male,Grade 11,International,English,4.7,7.2,5.8,94.0,93.0,Private Tutor,No,Yes,Medium,Low,100.0,100.0,Excellent,Consistent effort
R2547,S0044,2026-02-01,17.0,Male,Grade 12,Public,English,3.7,6.3,6.0,91.0,80.0,Self Study,No,Yes,Low,Medium,100.0,91.0,Excellent,Strong participation
R1062,S0194,2026-02-10,14.0,Female,Grade 9,Private,Computer Science,2.0,6.3,3.2,83.0,92.0,Private Tutor,No,Yes,Medium,Medium,83.0,82.0,Good,Good analytical thinking
R3711,S0132,2026-02-16,16.0,Male,Grade 11,Private,Science,4.3,5.6,7.8,77.0,81.0,Online Videos,No,Yes,Medium,Medium,90.0,68.0,Pass,Needs revision plan
R2520,S0431,2026-02-20,15.0,Male,Grade 10,International,History,3.7,7.1,5.9,87.0,80.0,Online Videos,No,Yes,Low,Medium,98.0,90.0,Excellent,Improved this term
R3731,S0633,2026-04-14,15.0,Male,Grade 10,International,Science,1.3,7.6,2.3,85.0,72.0,Online Videos,No,No,Low,Low,94.0,83.0,Good,Strong participation
R1410,S0213,2026-02-12,16.0,Male,Grade 11,Public,Science,3.9,7.7,4.1,87.0,100.0,Online Videos,No,No,Low,High,100.0,100.0,Excellent,No Comment
R2166,S0513,2026-02-20,15.0,Female,Grade 10,Public,Science,3.2,7.5,4.2,87.0,85.0,Self Study,No,Yes,Medium,Medium,85.0,96.0,Excellent,Good analytical thinking
R0390,S0275,2026-04-27,15.0,Female,Grade 10,Private,Computer Science,3.2,7.1,4.2,87.0,76.0,Online Videos,Yes,Yes,High,High,81.0,90.0,Excellent,No Comment
R0875,S0628,2026-04-07,14.0,Female,Grade 9,Public,Math,3.1,6.8,5.0,78.0,76.0,Online Videos,No,Yes,Low,High,100.0,97.0,Excellent,Improved this term
R3355,S0486,2026-03-19,14.0,Female,Grade 12,Public,Computer Science,2.3,7.2,3.4,86.0,66.0,Online Videos,No,Yes,Low,High,79.0,92.0,Good,Excellent focus
R3565,S0129,2026-04-23,14.0,Male,Grade 9,Public,Computer Science,4.5,6.6,4.8,84.0,76.0,Private Tutor,No,Yes,Medium,Medium,72.0,91.0,Excellent,Improved this term
R0660,S0057,2026-04-06,13.0,Female,Grade 8,International,English,3.1,8.1,7.2,85.0,57.0,Self Study,No,Yes,High,High,100.0,85.0,Good,Often distracted
R0059,S0495,2026-04-16,15.0,Female,Grade 10,International,Computer Science,0.5,8.3,5.4,77.0,79.0,Self Study,No,No,Low,Medium,64.0,68.0,Pass,No Comment
R1456,S0257,2026-02-23,13.0,Female,Grade 8,Private,History,2.6,7.4,2.7,69.0,78.0,Notebook / Notes,No,Yes,Low,Medium,97.0,97.0,Excellent,Consistent effort
R2873,S0745,2026-02-23,13.0,Male,Grade 8,Public,History,1.0,6.6,4.9,100.0,70.0,Notebook / Notes,No,Yes,Medium,High,96.0,81.0,Good,No Comment
R0140,S0683,2026-03-04,17.0,Male,Grade 12,International,Science,3.8,6.3,4.8,73.0,79.0,Self Study,Yes,Yes,Medium,Medium,90.0,96.0,Excellent,Improved this term
R0456,S0380,2026-03-05,16.0,Male,Grade 11,Public,Math,2.1,8.3,7.0,96.0,64.0,Private Tutor,Yes,Yes,Low,Medium,90.0,84.0,Good,Consistent effort
R3384,S0011,2026-03-23,13.0,Male,Grade 8,Private,History,2.2,5.7,3.2,71.0,64.0,Self Study,No,Yes,Medium,High,100.0,100.0,Excellent,Improved this term
R2498,S0289,2026-03-21,13.0,Female,Grade 10,Public,Math,3.6,7.1,5.6,80.0,76.0,Self Study,Yes,No,High,High,84.0,91.0,Excellent,Excellent focus
R1842,S0452,2026-03-04,17.0,Female,Grade 9,Private,Computer Science,2.7,7.9,4.5,82.0,76.0,Self Study,Yes,Yes,Medium,High,81.0,83.0,Good,Improved this term
R0868,S0004,2026-03-17,17.0,Male,Grade 12,International,Computer Science,5.3,6.7,1.1,89.0,62.0,Group Study,No,Yes,High,Medium,95.0,100.0,Excellent,Needs revision plan
R3212,S0543,2026-02-18,13.0,Female,Grade 8,Public,English,3.1,6.7,5.7,87.0,98.0,Notebook / Notes,No,Yes,Medium,High,90.0,94.0,Excellent,Needs revision plan
R1651,S0052,2026-02-28,15.0,Female,Grade 10,Private,Science,4.2,7.9,8.3,90.0,82.0,Self Study,Yes,Yes,Medium,High,100.0,95.0,Excellent,Good analytical thinking
R1375,S0343,2026-03-20,16.0,Male,Grade 11,Public,Science,4.6,7.2,5.5,81.0,68.0,Self Study,Yes,Yes,High,Medium,89.0,89.0,Good,Needs better time management
R0446,S0269,2026-04-27,16.0,Male,Grade 11,Private,History,3.5,5.8,2.2,87.0,43.0,Self Study,No,Yes,Medium,Low,76.0,83.0,Good,No Comment
R3837,S0197,2026-02-18,17.0,Male,Grade 12,International,Math,4.0,6.2,5.4,96.0,65.0,Private Tutor,No,Yes,Low,High,90.0,92.0,Needs Improvement,Homework quality varies
R3908,S0353,2026-02-13,14.0,Female,Grade 9,International,Science,2.0,5.6,6.5,95.0,58.0,Online Videos,Yes,Yes,Medium,Medium,85.0,87.0,Excellent,Needs revision plan
R2310,S0639,2026-02-24,13.0,Female,Grade 8,International,Computer Science,3.1,5.8,4.9,78.0,75.0,Notebook / Notes,No,Yes,Low,High,79.0,88.0,Good,Consistent effort
R0700,S0354,2026-02-06,16.0,Male,Grade 11,Public,Science,0.2,6.2,5.8,87.0,74.0,Self Study,Yes,Yes,Medium,Medium,64.0,67.0,Pass,Consistent effort
R1123,S0241,2026-03-02,13.0,Male,Grade 8,Public,English,2.5,8.0,2.9,81.0,65.0,Private Tutor,No,Yes,Medium,Low,85.0,93.0,Excellent,Often distracted
R0486,S0319,2026-04-24,17.0,Female,Grade 12,Public,English,3.1,7.8,1.3,90.0,100.0,Self Study,No,Yes,Medium,High,92.0,94.0,Excellent,Improved this term
R2665,S0737,2026-04-30,13.0,Female,Grade 8,Private,Math,2.7,7.5,4.7,75.0,67.0,Notebook / Notes,No,Yes,Medium,High,100.0,100.0,Excellent,Excellent focus
R3694,S0411,2026-02-28,13.0,Female,Grade 8,Private,Computer Science,3.8,5.9,0.8,87.0,69.0,Self Study,Yes,Yes,Low,Medium,98.0,100.0,Excellent,Needs better time management
R2934,S0227,2026-03-11,15.0,Male,Grade 10,Public,English,5.1,7.6,4.8,83.0,73.0,Online Videos,Yes,Yes,Medium,High,93.0,96.0,Excellent,No Comment
R2939,S0584,2026-03-03,15.0,Female,Grade 8,Private,Computer Science,0.2,7.6,7.0,85.0,67.0,Online Videos,No,Yes,Medium,High,100.0,87.0,Good,No Comment
R3625,S0712,2026-03-24,15.0,Female,Grade 9,Public,Math,4.3,7.2,2.7,83.0,94.0,Private Tutor,Yes,Yes,Medium,High,100.0,100.0,Excellent,No Comment
R2768,S0224,2026-02-22,15.0,Male,Grade 8,Public,English,5.2,8.1,4.8,66.0,69.0,Online Videos,No,Yes,Medium,Low,100.0,100.0,Excellent,Needs revision plan
R2325,S0503,2026-03-08,14.0,Female,Grade 9,Private,Math,3.5,5.1,2.1,100.0,74.0,Self Study,Yes,No,Medium,High,95.0,100.0,Excellent,Needs revision plan
R1393,S0530,2026-03-13,14.0,Male,Grade 9,International,Science,4.4,6.3,3.3,83.0,77.0,Notebook / Notes,No,Yes,Low,High,100.0,100.0,Excellent,Excellent focus
R3480,S0404,2026-04-11,13.0,Male,Grade 9,Public,Math,3.6,7.8,2.6,91.0,76.0,Private Tutor,No,Yes,Medium,High,100.0,100.0,Excellent,Improved this term
R0719,S0342,2026-02-19,17.0,Male,Grade 9,Public,Math,4.3,8.0,2.1,72.0,59.0,Online Videos,No,Yes,Medium,Medium,80.0,92.0,Excellent,Improved this term
R0958,S0703,2026-03-14,14.0,Male,Grade 9,International,Science,4.7,6.6,2.7,78.0,57.0,Self Study,No,Yes,Medium,High,89.0,96.0,Excellent,Needs better time management
R3155,S0119,2026-03-16,17.0,Female,Grade 12,Private,History,3.5,7.9,4.2,77.0,60.0,Online Videos,No,Yes,Medium,Medium,92.0,82.0,Good,Absent during some activities
R2957,S0343,2026-04-15,16.0,Female,Grade 11,Public,History,1.3,7.7,4.2,84.0,89.0,Private Tutor,Yes,No,High,Low,73.0,73.0,Pass,Improved this term
R1280,S0492,2026-02-09,15.0,Male,Grade 10,Public,History,3.8,6.6,4.7,82.0,84.0,Self Study,No,Yes,Medium,High,91.0,100.0,Excellent,Consistent effort
R2410,S0666,2026-02-26,15.0,Male,Grade 10,Public,History,3.2,6.3,4.1,80.0,94.0,Online Videos,Yes,Yes,High,Low,94.0,94.0,Excellent,Improved this term
R3685,S0229,2026-02-17,15.0,Male,Grade 10,International,Science,1.6,7.2,5.5,80.0,71.0,Self Study,No,Yes,Medium,Low,89.0,87.0,Good,No Comment
R2011,S0629,2026-03-28,17.0,Male,Grade 12,Public,Math,2.9,7.2,5.6,83.0,72.0,Notebook / Notes,Yes,Yes,Medium,Low,70.0,74.0,Pass,Improved this term
R2691,S0448,2026-04-13,15.0,Female,Grade 10,Private,Computer Science,4.0,7.4,3.2,86.0,100.0,Notebook / Notes,No,Yes,Medium,Low,97.0,92.0,Excellent,Improved this term
R0130,S0593,2026-04-19,16.0,Female,Grade 9,Public,Computer Science,4.2,7.1,4.7,92.0,54.0,Online Videos,No,Yes,Medium,Medium,84.0,83.0,Good,Strong participation
R2104,S0644,2026-03-06,13.0,Male,Grade 8,Public,English,2.9,8.1,5.4,95.0,100.0,Self Study,Yes,No,Low,Medium,83.0,89.0,Good,Often distracted
R0583,S0153,2026-04-18,14.0,Male,Grade 9,Public,English,2.4,7.0,4.0,77.0,99.0,Notebook / Notes,No,Yes,Low,Medium,93.0,82.0,Good,Often distracted
R3340,S0526,2026-03-20,13.0,Male,Grade 10,International,Computer Science,1.7,7.0,5.6,71.0,73.0,Group Study,No,Yes,High,Medium,83.0,78.0,Good,Strong participation
R0831,S0358,2026-02-12,15.0,Female,Grade 10,Public,Computer Science,4.4,6.8,2.8,100.0,81.0,Notebook / Notes,Yes,No,Medium,Low,100.0,100.0,Excellent,No Comment
R2707,S0332,2026-03-18,15.0,Male,Grade 10,Public,Math,4.2,6.7,4.6,100.0,80.0,Group Study,No,Yes,Medium,Low,95.0,92.0,Excellent,No Comment
R2649,S0442,2026-03-22,15.0,Female,Grade 12,International,Math,2.7,8.5,3.4,77.0,83.0,Notebook / Notes,No,Yes,Medium,Medium,96.0,100.0,Excellent,Needs revision plan
R0976,S0421,2026-04-18,17.0,Male,Grade 12,International,Math,3.1,7.0,5.1,90.0,65.0,Private Tutor,No,Yes,Medium,High,95.0,97.0,Excellent,No Comment
R0644,S0748,2026-02-07,16.0,Male,Grade 11,Public,Math,3.2,5.8,3.5,83.0,94.0,Self Study,No,Yes,High,Medium,84.0,81.0,Good,No Comment
R0273,S0535,2026-04-22,15.0,Female,Grade 10,Public,Computer Science,2.0,7.5,5.4,78.0,79.0,Private Tutor,No,Yes,High,Low,73.0,74.0,Pass,Improved this term
R1227,S0296,2026-02-19,17.0,Male,Grade 12,Public,Computer Science,3.2,7.6,4.5,86.0,49.0,Online Videos,No,Yes,Medium,High,84.0,85.0,Good,No Comment
R2663,S0289,2026-02-28,16.0,Female,Grade 11,Public,Computer Science,2.8,6.9,6.1,87.0,45.0,Self Study,No,Yes,High,Medium,59.0,65.0,Pass,Excellent focus
R0889,S0723,2026-04-24,16.0,Male,Grade 12,International,Math,5.8,6.3,3.2,86.0,100.0,Private Tutor,Yes,Yes,Medium,Medium,100.0,100.0,Excellent,Strong participation
R2302,S0016,2026-02-19,17.0,Male,Grade 8,International,History,3.9,7.9,3.5,90.0,87.0,Self Study,No,Yes,High,High,74.0,85.0,Good,Excellent focus
R2318,S0627,2026-03-14,13.0,Male,Grade 8,Private,Computer Science,1.9,7.9,5.0,91.0,57.0,Online Videos,Yes,Yes,Low,Medium,65.0,78.0,Good,No Comment
R1915,S0014,2026-02-28,13.0,Female,Grade 8,Private,History,3.4,7.2,4.2,100.0,63.0,Private Tutor,No,Yes,Low,Low,98.0,93.0,Excellent,Consistent effort
R3112,S0408,2026-04-12,15.0,Female,Grade 10,Private,History,4.2,7.3,4.2,78.0,58.0,Self Study,Yes,Yes,High,High,72.0,84.0,Good,No Comment
R2176,S0647,2026-03-17,15.0,Male,Grade 10,Public,History,2.1,7.6,5.4,82.0,41.0,Online Videos,No,No,Medium,Medium,67.0,74.0,Pass,Excellent focus
R1945,S0332,2026-02-15,16.0,Male,Grade 9,Public,History,5.2,6.8,2.6,87.0,76.0,Online Videos,No,Yes,Low,Medium,93.0,100.0,Excellent,No Comment
R2207,S0220,2026-04-14,13.0,Male,Grade 8,Private,History,3.2,7.0,7.8,94.0,52.0,Self Study,Yes,Yes,Medium,Low,72.0,79.0,Good,Good analytical thinking
R3658,S0049,2026-02-08,13.0,Female,Grade 8,Public,Math,3.1,5.4,6.1,93.0,100.0,Self Study,Yes,Yes,High,High,100.0,90.0,Excellent,Excellent focus
R1843,S0599,2026-04-07,17.0,Female,Grade 12,Public,Computer Science,0.5,9.3,5.3,89.0,66.0,Self Study,No,Yes,High,Medium,62.0,68.0,Pass,No Comment
R2433,S0401,2026-02-09,14.0,Male,Grade 9,Public,Computer Science,3.5,8.0,6.1,87.0,66.0,Online Videos,No,Yes,High,Medium,87.0,94.0,Excellent,Homework quality varies
R1886,S0484,2026-03-27,17.0,Female,Grade 12,Public,History,5.8,7.1,6.7,85.0,55.0,Notebook / Notes,No,Yes,Medium,High,83.0,100.0,Excellent,Improved this term
R3408,S0413,2026-04-12,15.0,Female,Grade 10,International,Science,3.2,7.7,2.4,76.0,76.0,Group Study,Yes,No,High,Medium,82.0,93.0,Excellent,Homework quality varies
R2276,S0732,2026-03-02,15.0,Male,Grade 10,International,History,3.2,8.0,3.3,82.0,96.0,Group Study,No,Yes,High,Low,97.0,100.0,Excellent,No Comment
R1453,S0497,2026-03-06,15.0,Male,Grade 10,International,English,5.4,6.0,6.4,100.0,58.0,Notebook / Notes,Yes,Yes,Low,Low,94.0,100.0,Excellent,Good analytical thinking
R0109,S0133,2026-04-14,16.0,Female,Grade 11,International,Math,3.8,6.9,4.0,89.0,50.0,Self Study,No,Yes,Low,Medium,100.0,94.0,Excellent,Consistent effort
R1962,S0465,2026-04-29,15.0,Male,Grade 10,Public,English,4.5,6.4,6.7,96.0,62.0,Self Study,No,Yes,High,Low,75.0,70.0,Pass,Needs revision plan
R0507,S0339,2026-03-14,15.0,Male,Grade 11,Private,English,2.6,8.5,5.0,94.0,69.0,Online Videos,No,Yes,High,Low,78.0,85.0,Good,No Comment
R2164,S0335,2026-03-16,17.0,Female,Grade 12,Private,Computer Science,4.6,6.4,1.9,85.0,77.0,Notebook / Notes,Yes,Yes,Medium,High,97.0,100.0,Excellent,Good analytical thinking
R3741,S0679,2026-03-23,15.0,Female,Grade 11,Public,Computer Science,3.5,9.1,5.9,76.0,77.0,Online Videos,Yes,Yes,High,Medium,89.0,90.0,Excellent,Often distracted
R0689,S0229,2026-02-27,13.0,Male,Grade 8,Public,Computer Science,4.0,6.9,4.7,84.0,66.0,Self Study,No,Yes,Medium,Medium,84.0,84.0,Good,No Comment
R2163,S0130,2026-04-11,17.0,Male,Grade 12,Private,History,4.4,7.5,1.3,84.0,84.0,Group Study,Yes,Yes,Low,Low,100.0,98.0,Excellent,Excellent focus
R3857,S0402,2026-04-04,17.0,Male,Grade 12,Private,Math,4.2,6.9,3.0,95.0,65.0,Private Tutor,No,Yes,Low,Medium,96.0,100.0,Excellent,No Comment
R3419,S0474,2026-04-30,13.0,Male,Grade 8,Public,History,2.5,7.0,3.8,92.0,99.0,Self Study,No,Yes,Medium,High,90.0,89.0,Good,Improved this term
R1673,S0601,2026-04-20,13.0,Female,Grade 8,Public,English,3.2,7.3,4.1,82.0,74.0,Self Study,No,Yes,Medium,Low,93.0,92.0,Excellent,Absent during some activities
R3303,S0207,2026-04-23,13.0,Male,Grade 8,Public,English,1.1,8.6,6.7,100.0,77.0,Private Tutor,Yes,Yes,Medium,Medium,65.0,75.0,Good,Improved this term
R3655,S0445,2026-03-25,17.0,Male,Grade 12,Private,History,3.3,6.8,4.2,100.0,70.0,Online Videos,No,No,Low,Medium,100.0,98.0,Excellent,Homework quality varies
R3105,S0284,2026-03-17,16.0,Male,Grade 11,Public,Computer Science,3.2,6.4,1.0,100.0,79.0,Group Study,Yes,Yes,Low,High,100.0,97.0,Excellent,No Comment
R0224,S0663,2026-04-01,14.0,Female,Grade 9,Private,English,4.3,6.9,3.9,92.0,75.0,Group Study,Yes,Yes,Medium,High,88.0,94.0,Excellent,Often distracted
R0382,S0737,2026-02-06,16.0,Male,Grade 12,Public,Math,2.0,7.6,4.1,78.0,68.0,Group Study,No,Yes,Medium,High,90.0,92.0,Good,Needs revision plan
R2358,S0320,2026-02-28,15.0,Female,Grade 11,Private,Math,2.6,7.4,5.7,88.0,76.0,Online Videos,Yes,Yes,High,Medium,90.0,88.0,Good,Absent during some activities
R2781,S0228,2026-03-17,14.0,Male,Grade 9,International,Science,3.4,6.3,5.0,81.0,76.0,Notebook / Notes,No,Yes,Medium,Medium,92.0,88.0,Good,Consistent effort
R0982,S0338,2026-02-15,14.0,Female,Grade 9,International,Science,2.5,7.8,7.5,91.0,61.0,Notebook / Notes,No,Yes,Medium,Medium,95.0,94.0,Excellent,Absent during some activities
R1790,S0259,2026-03-06,17.0,Female,Grade 12,International,Science,1.5,7.9,3.6,98.0,81.0,Online Videos,No,Yes,High,Medium,96.0,90.0,Excellent,Consistent effort
R0568,S0594,2026-02-15,15.0,Female,Grade 10,Private,Math,4.7,7.2,1.4,82.0,75.0,Online Videos,Yes,Yes,High,High,100.0,91.0,Excellent,Needs better time management
R2963,S0720,2026-02-23,13.0,Female,Grade 8,Private,History,3.1,8.3,4.2,83.0,100.0,Online Videos,No,Yes,Low,Medium,87.0,78.0,Good,Often distracted
R1232,S0727,2026-03-26,15.0,Female,Grade 10,Public,Computer Science,3.2,6.8,4.2,99.0,77.0,Self Study,No,Yes,Medium,High,100.0,100.0,Excellent,Needs revision plan
R0220,S0580,2026-03-03,16.0,Female,Grade 11,Private,History,2.2,6.1,0.5,75.0,71.0,Notebook / Notes,Yes,Yes,High,High,76.0,81.0,Good,Consistent effort
R1035,S0033,2026-04-01,13.0,Male,Grade 8,Private,Computer Science,2.4,6.6,2.2,84.0,54.0,Private Tutor,No,Yes,Low,High,90.0,92.0,Excellent,Needs better time management
R3081,S0276,2026-04-14,14.0,Female,Grade 9,Public,English,3.4,7.6,4.7,93.0,92.0,Online Videos,No,Yes,Medium,Low,89.0,93.0,Excellent,No Comment
R0515,S0222,2026-04-13,16.0,Male,Grade 11,Private,History,4.1,7.8,2.0,88.0,36.0,Self Study,No,Yes,Low,Low,90.0,85.0,Good,Homework quality varies
R0683,S0276,2026-03-05,13.0,Female,Grade 8,Public,Math,3.7,5.8,6.0,90.0,71.0,Online Videos,No,Yes,High,Medium,93.0,93.0,Excellent,No Comment
R1225,S0470,2026-03-25,15.0,Male,Grade 10,Private,Computer Science,4.0,9.2,3.3,79.0,85.0,Self Study,Yes,Yes,Low,Low,100.0,100.0,Excellent,Strong participation
R1917,S0483,2026-03-24,16.0,Female,Grade 11,Public,Math,1.7,6.9,7.4,99.0,66.0,Self Study,No,No,Low,Medium,72.0,68.0,Pass,Often distracted
R0236,S0452,2026-04-12,15.0,Male,Grade 11,Private,English,4.5,7.3,4.1,97.0,86.0,Group Study,Yes,Yes,Low,Medium,90.0,95.0,Excellent,Consistent effort
R0132,S0675,2026-04-02,13.0,Male,Grade 8,Public,History,3.5,9.0,1.0,86.0,51.0,Group Study,Yes,Yes,Medium,High,100.0,92.0,Excellent,Needs better time management
R2315,S0230,2026-02-19,13.0,Male,Grade 8,Private,History,1.0,5.9,6.5,89.0,84.0,Online Videos,No,Yes,Low,Low,79.0,75.0,Good,No Comment
R3792,S0174,2026-04-28,16.0,Male,Grade 11,Public,English,3.8,8.4,4.4,94.0,77.0,Online Videos,No,Yes,Medium,High,92.0,92.0,Excellent,Needs better time management
R0368,S0463,2026-03-25,13.0,Male,Grade 8,Private,History,1.6,7.5,3.0,89.0,70.0,Notebook / Notes,No,Yes,Medium,High,76.0,88.0,Good,Consistent effort
R3251,S0538,2026-04-27,15.0,Female,Grade 10,Public,Math,1.5,7.9,4.2,98.0,43.0,Notebook / Notes,Yes,Yes,Low,Low,90.0,63.0,Pass,No Comment
R3281,S0207,2026-02-05,13.0,Male,Grade 8,Private,History,6.0,6.6,4.3,87.0,100.0,Online Videos,No,Yes,Medium,Medium,86.0,99.0,Excellent,Needs revision plan
R0974,S0140,2026-04-28,17.0,Male,Grade 12,Private,Science,0.6,8.6,4.9,98.0,78.0,Self Study,No,Yes,High,High,74.0,85.0,Good,Strong participation
R2345,S0414,2026-02-25,17.0,Female,Grade 12,International,History,1.1,7.2,7.4,69.0,87.0,Notebook / Notes,No,Yes,High,High,73.0,72.0,Pass,No Comment
R0615,S0266,2026-03-27,13.0,Female,Grade 8,Private,Computer Science,3.9,7.6,4.3,91.0,99.0,Self Study,No,Yes,Low,Medium,92.0,98.0,Excellent,Improved this term
R3169,S0337,2026-04-13,15.0,Male,Grade 9,Private,History,1.2,5.1,3.4,95.0,100.0,Private Tutor,No,Yes,Medium,High,99.0,93.0,Excellent,No Comment
R3131,S0366,2026-02-16,14.0,Male,Grade 8,Private,English,3.1,8.0,6.2,100.0,99.0,Group Study,No,Yes,Low,High,88.0,100.0,Excellent,Absent during some activities
R3230,S0241,2026-04-25,15.0,Male,Grade 10,Public,Science,2.1,7.9,4.0,93.0,79.0,Group Study,No,Yes,Medium,Medium,97.0,99.0,Excellent,No Comment
R0158,S0092,2026-02-27,13.0,Male,Grade 8,International,English,1.6,5.6,3.9,92.0,90.0,Online Videos,Yes,No,Medium,Low,68.0,76.0,Good,Consistent effort
R1045,S0569,2026-02-19,14.0,Male,Grade 9,Private,English,4.2,7.1,2.7,93.0,70.0,Online Videos,No,Yes,High,High,74.0,90.0,Excellent,Excellent focus
R2395,S0624,2026-03-29,16.0,Male,Grade 8,Public,Math,2.7,6.5,6.3,85.0,48.0,Notebook / Notes,No,Yes,Low,High,80.0,84.0,Good,Strong participation
R3365,S0442,2026-03-02,17.0,Female,Grade 12,Private,Science,2.4,6.7,3.0,67.0,70.0,Group Study,Yes,Yes,Medium,Low,79.0,85.0,Good,Good analytical thinking
R1335,S0585,2026-03-16,16.0,Male,Grade 11,Private,History,5.0,6.6,3.2,75.0,84.0,Self Study,No,Yes,Medium,Medium,88.0,100.0,Excellent,Consistent effort
R1334,S0403,2026-04-03,15.0,Male,Grade 10,Public,Computer Science,6.3,7.4,3.2,89.0,52.0,Online Videos,No,Yes,Low,Medium,98.0,97.0,Excellent,Strong participation
R0537,S0045,2026-04-05,14.0,Female,Grade 9,International,Math,1.6,8.0,5.6,94.0,40.0,Self Study,Yes,No,Medium,High,94.0,91.0,Excellent,Needs revision plan
R3806,S0563,2026-04-08,16.0,Female,Grade 9,International,English,2.6,8.4,2.1,95.0,89.0,Group Study,No,No,Medium,High,100.0,100.0,Excellent,Improved this term
R0272,S0400,2026-04-27,16.0,Female,Grade 11,Private,Math,3.2,6.6,4.8,76.0,99.0,Self Study,No,No,Medium,Medium,90.0,89.0,Good,Needs better time management
R1160,S0743,2026-04-30,13.0,Male,Grade 8,Public,English,2.8,8.5,4.4,82.0,97.0,Online Videos,No,Yes,High,Medium,78.0,95.0,Excellent,Needs revision plan
R1769,S0385,2026-03-10,17.0,Male,Grade 12,Public,Computer Science,3.2,8.7,7.7,76.0,80.0,Notebook / Notes,No,No,Medium,Medium,80.0,92.0,Excellent,No Comment
R3379,S0224,2026-03-22,13.0,Male,Grade 8,Private,English,5.1,4.7,1.0,81.0,72.0,Notebook / Notes,No,Yes,Medium,Medium,100.0,100.0,Excellent,Improved this term
R2040,S0403,2026-03-18,14.0,Male,Grade 9,Private,Science,1.8,7.7,3.8,96.0,64.0,Self Study,No,Yes,Low,High,100.0,100.0,Excellent,Needs revision plan
R2586,S0561,2026-03-18,17.0,Female,Grade 12,Public,Computer Science,4.3,8.2,6.0,70.0,90.0,Self Study,No,Yes,Medium,Low,90.0,89.0,Good,Excellent focus
R0096,S0543,2026-05-01,16.0,Female,Grade 11,International,Math,2.3,5.7,5.0,86.0,82.0,Self Study,No,Yes,High,Medium,74.0,72.0,Pass,Strong participation
R3310,S0094,2026-03-28,16.0,Female,Grade 11,International,History,1.2,5.7,6.5,85.0,78.0,Group Study,Yes,Yes,Medium,High,64.0,72.0,Pass,No Comment
R3354,S0461,2026-04-10,17.0,Female,Grade 12,Public,Computer Science,3.6,6.5,5.1,88.0,67.0,Online Videos,No,Yes,Medium,Medium,81.0,80.0,Good,Consistent effort
R2955,S0425,2026-02-14,17.0,Female,Grade 12,Private,Science,2.7,7.6,3.4,94.0,57.0,Private Tutor,No,Yes,Medium,Medium,91.0,90.0,Excellent,Needs revision plan
R0717,S0269,2026-04-16,14.0,Female,Grade 9,International,English,0.1,5.7,4.4,87.0,76.0,Group Study,No,Yes,Medium,Medium,80.0,77.0,Good,Improved this term
R1165,S0462,2026-03-06,13.0,Male,Grade 8,Private,Computer Science,3.0,7.4,4.1,93.0,66.0,Group Study,No,Yes,High,Medium,100.0,95.0,Excellent,Good analytical thinking
R1425,S0455,2026-03-06,15.0,Female,Grade 10,Public,History,3.1,7.5,2.7,75.0,93.0,Self Study,No,Yes,Low,Medium,80.0,87.0,Good,Homework quality varies
R3850,S0744,2026-02-23,13.0,Female,Grade 8,International,History,1.5,8.3,5.7,92.0,50.0,Self Study,No,Yes,Medium,Medium,73.0,75.0,Good,Strong participation
R2384,S0388,2026-04-05,15.0,Female,Grade 10,Public,History,2.6,5.7,4.0,87.0,65.0,Online Videos,Yes,Yes,Medium,High,97.0,93.0,Excellent,Homework quality varies
R0896,S0399,2026-03-16,15.0,Male,Grade 10,International,Math,2.0,5.8,2.3,85.0,65.0,Self Study,No,Yes,High,Medium,90.0,64.0,Pass,Good analytical thinking
R3765,S0180,2026-04-08,17.0,Female,Grade 12,Private,Math,1.0,6.4,5.6,87.0,85.0,Notebook / Notes,No,No,High,Low,69.0,84.0,Good,Good analytical thinking
R3888,S0338,2026-03-21,14.0,Female,Grade 9,International,English,3.5,7.4,5.4,88.0,100.0,Self Study,No,Yes,Medium,High,93.0,100.0,Excellent,No Comment
R2274,S0487,2026-03-10,17.0,Male,Grade 12,Private,English,3.5,8.2,0.5,97.0,76.0,Notebook / Notes,No,Yes,High,High,97.0,100.0,Excellent,Strong participation
R2000,S0419,2026-04-19,13.0,Female,Grade 8,International,History,5.7,6.3,4.5,87.0,76.0,Online Videos,Yes,No,High,Medium,100.0,100.0,Excellent,Improved this term
R0617,S0372,2026-02-20,16.0,Male,Grade 11,International,English,2.2,7.1,3.7,79.0,62.0,Online Videos,No,Yes,Medium,Medium,80.0,75.0,Good,Needs better time management
R1871,S0710,2026-04-29,17.0,Female,Grade 12,Public,Science,0.3,5.6,5.7,84.0,96.0,Online Videos,No,Yes,Low,High,67.0,73.0,Pass,Improved this term
R1896,S0129,2026-04-10,17.0,Female,Grade 12,International,Math,3.3,7.5,4.2,84.0,91.0,Self Study,No,Yes,Medium,Medium,100.0,97.0,Excellent,Improved this term
R1795,S0238,2026-03-06,13.0,Female,Grade 8,Public,Science,2.2,7.5,5.8,83.0,50.0,Notebook / Notes,No,Yes,Medium,Medium,71.0,80.0,Good,Strong participation
R2344,S0634,2026-02-27,15.0,Female,Grade 10,Private,History,2.6,6.7,3.6,81.0,65.0,Group Study,No,Yes,Medium,Medium,74.0,84.0,Good,Often distracted
R0524,S0588,2026-04-19,17.0,Female,Grade 12,Private,Science,3.2,7.2,4.8,90.0,75.0,Group Study,No,Yes,Medium,High,100.0,90.0,Excellent,Absent during some activities
R2918,S0025,2026-03-31,13.0,Female,Grade 8,International,History,4.2,7.2,3.5,82.0,100.0,Online Videos,No,Yes,Low,Medium,91.0,98.0,Excellent,No Comment
R3222,S0676,2026-03-03,13.0,Female,Grade 8,Private,Science,3.5,6.0,3.8,84.0,75.0,Self Study,Yes,Yes,Low,Low,100.0,100.0,Excellent,Homework quality varies
R3107,S0265,2026-02-06,17.0,Male,Grade 10,Public,English,3.0,6.2,4.7,78.0,82.0,Group Study,No,Yes,Low,High,78.0,79.0,Good,No Comment
R1474,S0625,2026-03-18,17.0,Male,Grade 12,Private,Math,3.2,7.9,4.4,93.0,42.0,Private Tutor,Yes,Yes,High,High,98.0,100.0,Excellent,Homework quality varies
R3656,S0627,2026-02-06,15.0,Male,Grade 10,International,History,1.1,5.1,4.3,83.0,76.0,Group Study,No,Yes,Medium,Medium,74.0,68.0,Pass,Consistent effort
R3877,S0369,2026-03-18,13.0,Male,Grade 8,Private,Math,2.1,6.7,5.4,98.0,60.0,Private Tutor,Yes,Yes,Low,Medium,63.0,76.0,Good,Homework quality varies
R0030,S0354,2026-03-23,14.0,Male,Grade 10,Public,Computer Science,4.1,7.3,1.6,83.0,58.0,Self Study,No,Yes,High,High,100.0,93.0,Excellent,No Comment
R0960,S0495,2026-02-12,17.0,Male,Grade 12,Private,History,2.4,6.8,5.8,100.0,91.0,Group Study,No,Yes,High,Low,94.0,92.0,Excellent,No Comment
R1519,S0104,2026-04-28,16.0,Male,Grade 11,Public,History,3.1,6.3,6.7,82.0,70.0,Notebook / Notes,No,Yes,High,Medium,83.0,81.0,Good,Absent during some activities
R2094,S0157,2026-04-24,13.0,Male,Grade 8,Private,Math,4.0,5.5,3.6,76.0,45.0,Notebook / Notes,No,Yes,Medium,High,90.0,88.0,Good,Needs revision plan
R3797,S0588,2026-02-14,17.0,Male,Grade 12,Private,History,4.8,7.7,3.4,85.0,100.0,Online Videos,Yes,Yes,Medium,Medium,100.0,100.0,Excellent,Needs revision plan
R2515,S0116,2026-03-16,16.0,Female,Grade 12,Public,Computer Science,3.2,7.8,4.2,83.0,64.0,Private Tutor,No,Yes,Medium,Low,84.0,95.0,Excellent,Strong participation
R3337,S0635,2026-02-13,14.0,Female,Grade 9,Private,English,2.2,6.9,4.8,79.0,100.0,Online Videos,Yes,Yes,Low,High,94.0,83.0,Good,Needs revision plan
R2884,S0373,2026-04-04,15.0,Female,Grade 9,Public,Computer Science,2.2,5.9,4.3,80.0,48.0,Notebook / Notes,No,Yes,Medium,Medium,75.0,83.0,Good,Good analytical thinking
R0688,S0090,2026-04-07,14.0,Female,Grade 9,Private,English,4.0,6.2,4.2,72.0,100.0,Online Videos,No,Yes,Medium,High,90.0,100.0,Excellent,Often distracted
R1764,S0689,2026-04-22,13.0,Female,Grade 8,Public,Science,1.7,6.3,3.8,91.0,57.0,Online Videos,Yes,Yes,Medium,High,100.0,100.0,Excellent,Consistent effort
R2875,S0091,2026-03-13,14.0,Female,Grade 9,International,English,5.1,7.3,3.7,75.0,81.0,Self Study,No,Yes,Medium,Low,81.0,86.0,Good,Improved this term
R1618,S0285,2026-03-11,16.0,Female,Grade 11,Private,English,3.2,7.8,3.6,87.0,54.0,Private Tutor,Yes,Yes,Low,High,100.0,100.0,Excellent,Improved this term
R0375,S0656,2026-03-14,17.0,Male,Grade 12,Public,History,4.3,7.2,3.8,89.0,88.0,Notebook / Notes,No,Yes,Medium,Medium,86.0,100.0,Excellent,Consistent effort
R3279,S0222,2026-02-19,16.0,Female,Grade 11,Public,Math,2.8,8.5,3.6,99.0,83.0,Notebook / Notes,No,Yes,Medium,Medium,100.0,98.0,Excellent,Homework quality varies
R2098,S0615,2026-02-23,17.0,Female,Grade 12,International,Science,3.2,7.2,0.5,96.0,65.0,Notebook / Notes,No,Yes,Medium,Medium,92.0,92.0,Excellent,Needs better time management
R1656,S0057,2026-02-14,17.0,Female,Grade 12,Private,Computer Science,3.1,6.4,5.8,92.0,72.0,Self Study,No,Yes,Low,Medium,97.0,95.0,Excellent,Needs revision plan
R2596,S0535,2026-04-06,17.0,Female,Grade 12,Private,English,3.2,5.5,5.5,95.0,91.0,Online Videos,Yes,Yes,Medium,Medium,92.0,100.0,Excellent,Homework quality varies
R0853,S0603,2026-02-13,17.0,Male,Grade 12,Public,History,3.7,7.2,6.6,94.0,83.0,Self Study,No,Yes,Low,Medium,100.0,94.0,Excellent,Absent during some activities
R0202,S0005,2026-03-10,14.0,Female,Grade 9,Private,Science,1.3,9.2,3.1,86.0,76.0,Online Videos,Yes,Yes,Medium,Low,89.0,94.0,Excellent,Strong participation
R3544,S0357,2026-04-09,13.0,Female,Grade 8,Private,Computer Science,0.2,8.1,2.1,80.0,77.0,Online Videos,No,Yes,Low,Medium,70.0,77.0,Good,Homework quality varies
R2892,S0160,2026-03-18,16.0,Female,Grade 11,International,Computer Science,4.5,7.5,4.7,85.0,49.0,Private Tutor,Yes,Yes,High,High,88.0,93.0,Excellent,No Comment
R0872,S0261,2026-03-03,14.0,Female,Grade 9,Private,Math,3.8,7.3,4.5,98.0,61.0,Online Videos,Yes,Yes,Low,Low,85.0,98.0,Excellent,Strong participation
R2289,S0343,2026-02-23,15.0,Male,Grade 11,Public,Computer Science,1.5,7.7,5.6,90.0,92.0,Group Study,Yes,Yes,Medium,High,99.0,92.0,Excellent,No Comment
R1156,S0478,2026-04-21,15.0,Male,Grade 10,Private,Science,2.7,7.3,5.4,84.0,76.0,Self Study,No,Yes,Medium,Low,89.0,94.0,Excellent,Often distracted
R2025,S0014,2026-02-11,13.0,Female,Grade 8,Private,Computer Science,2.3,7.2,4.2,77.0,86.0,Self Study,Yes,Yes,Medium,High,97.0,100.0,Excellent,Absent during some activities
R1352,S0051,2026-02-28,17.0,Male,Grade 12,Public,Math,2.7,8.0,3.8,90.0,67.0,Notebook / Notes,No,Yes,High,Medium,58.0,74.0,Pass,Absent during some activities
R0668,S0193,2026-02-10,14.0,Female,Grade 9,Private,Math,5.5,7.4,5.4,87.0,58.0,Online Videos,No,Yes,Low,Low,96.0,92.0,Excellent,Excellent focus
R1904,S0422,2026-04-28,16.0,Female,Grade 11,Private,Science,3.5,6.2,4.3,89.0,96.0,Group Study,Yes,Yes,Medium,High,100.0,100.0,Excellent,Needs better time management
R2346,S0594,2026-02-15,15.0,Female,Grade 10,International,Math,2.0,6.9,3.8,100.0,66.0,Group Study,Yes,Yes,Low,Medium,76.0,82.0,Good,Strong participation
R0460,S0371,2026-04-13,16.0,Male,Grade 9,Public,History,2.9,6.6,3.1,89.0,79.0,Group Study,No,Yes,High,Medium,98.0,100.0,Excellent,Strong participation
R3328,S0015,2026-03-10,16.0,Male,Grade 8,Public,English,4.3,6.1,3.7,88.0,89.0,Online Videos,No,Yes,High,High,84.0,92.0,Excellent,Homework quality varies
R0102,S0454,2026-03-21,16.0,Male,Grade 11,Public,History,4.0,6.5,2.5,86.0,92.0,Self Study,No,Yes,High,Low,85.0,79.0,Good,Often distracted
R1943,S0460,2026-04-04,14.0,Female,Grade 9,Public,English,5.2,6.6,4.2,95.0,100.0,Self Study,Yes,Yes,Medium,Low,91.0,100.0,Excellent,Needs revision plan
R1081,S0428,2026-04-14,17.0,Female,Grade 12,Private,Science,1.8,8.6,4.5,85.0,71.0,Self Study,No,Yes,Medium,High,79.0,81.0,Good,Consistent effort
R0377,S0062,2026-04-21,15.0,Male,Grade 10,Public,Computer Science,3.9,8.2,5.6,82.0,97.0,Group Study,Yes,Yes,Medium,Medium,90.0,100.0,Excellent,Improved this term
R2161,S0643,2026-04-01,17.0,Female,Grade 12,Public,English,0.0,7.3,1.4,85.0,41.0,Self Study,No,Yes,High,Medium,66.0,69.0,Pass,Excellent focus
R0019,S0377,2026-04-13,13.0,Male,Grade 8,Private,Science,5.5,5.3,4.2,96.0,89.0,Online Videos,No,Yes,Medium,Low,83.0,100.0,Excellent,Absent during some activities
R2124,S0695,2026-04-09,17.0,Male,Grade 12,Private,Math,1.8,7.7,4.2,92.0,63.0,Notebook / Notes,No,Yes,Medium,Medium,90.0,83.0,Good,Excellent focus
R1305,S0151,2026-02-07,14.0,Female,Grade 9,Public,Computer Science,1.9,7.2,4.6,87.0,64.0,Group Study,No,Yes,Low,Medium,75.0,85.0,Good,Excellent focus
R0935,S0670,2026-02-12,15.0,Female,Grade 10,Public,History,3.2,8.5,3.9,82.0,72.0,Notebook / Notes,No,Yes,Low,Low,70.0,82.0,Good,Needs better time management
R2049,S0533,2026-05-01,16.0,Female,Grade 11,Public,History,1.3,7.6,1.0,73.0,70.0,Self Study,No,Yes,High,Low,67.0,67.0,Pass,No Comment
R0852,S0310,2026-04-06,14.0,Male,Grade 9,Private,Math,1.3,7.4,1.6,94.0,70.0,Group Study,No,Yes,Medium,High,66.0,80.0,Good,-
R3910,S0388,2026-04-12,13.0,Male,Grade 8,International,Math,1.4,7.0,3.6,89.0,60.0,Group Study,No,Yes,Low,Low,69.0,74.0,Pass,Improved this term
R1201,S0516,2026-03-09,13.0,Male,Grade 8,Public,Science,1.5,7.9,6.5,69.0,84.0,Notebook / Notes,No,Yes,High,High,74.0,81.0,Good,Needs better time management
R3739,S0157,2026-04-28,17.0,Male,Grade 12,Public,English,3.9,7.6,2.4,77.0,81.0,Self Study,No,Yes,High,Medium,84.0,81.0,Good,Absent during some activities
R1936,S0492,2026-03-21,14.0,Male,Grade 9,International,Science,1.8,8.5,5.8,75.0,71.0,Private Tutor,Yes,Yes,Medium,High,90.0,84.0,Good,Improved this term
R3497,S0027,2026-02-05,17.0,Male,Grade 12,Private,Science,5.1,6.5,4.9,84.0,76.0,Online Videos,Yes,Yes,Medium,Low,100.0,100.0,Excellent,Strong participation
R1243,S0226,2026-03-05,14.0,Female,Grade 9,Public,English,1.9,7.0,6.4,92.0,83.0,Group Study,No,Yes,Medium,High,85.0,87.0,Good,Needs revision plan
R3459,S0250,2026-03-27,17.0,Male,Grade 12,Public,English,3.2,6.1,4.0,91.0,50.0,Online Videos,Yes,No,Medium,High,97.0,100.0,Excellent,Often distracted
R1365,S0563,2026-03-14,17.0,Male,Grade 12,Private,Math,3.2,6.3,5.2,87.0,74.0,Online Videos,Yes,Yes,High,Medium,90.0,75.0,Good,No Comment
R3229,S0604,2026-03-06,15.0,Female,Grade 10,Private,Science,5.0,6.2,4.7,76.0,97.0,Online Videos,Yes,No,High,Low,100.0,100.0,Excellent,No Comment
R0970,S0295,2026-04-26,16.0,Male,Grade 11,International,Computer Science,3.3,7.7,6.8,96.0,100.0,Online Videos,No,Yes,Medium,Medium,85.0,85.0,Good,No Comment
R1349,S0312,2026-03-11,15.0,Male,Grade 10,Public,Computer Science,3.2,8.1,4.3,75.0,58.0,Online Videos,Yes,Yes,Medium,Low,76.0,82.0,Good,Consistent effort
R1982,S0130,2026-03-05,14.0,Male,Grade 9,Public,History,2.7,7.0,5.3,97.0,89.0,Online Videos,No,Yes,Low,High,100.0,100.0,Excellent,No Comment
R1536,S0091,2026-02-04,14.0,Female,Grade 9,Private,Science,4.0,7.5,2.3,90.0,42.0,Private Tutor,Yes,Yes,Medium,Low,67.0,79.0,Good,Strong participation
R3545,S0006,2026-04-09,14.0,Female,Grade 9,International,Computer Science,2.0,8.6,5.2,83.0,58.0,Group Study,No,Yes,Medium,Low,76.0,81.0,Good,Homework quality varies
R1027,S0688,2026-02-20,14.0,Female,Grade 9,International,Science,1.4,6.9,4.8,86.0,76.0,Self Study,No,Yes,Medium,High,100.0,100.0,Excellent,Needs revision plan
R1550,S0433,2026-04-09,15.0,Female,Grade 10,International,Computer Science,4.5,7.8,6.7,100.0,96.0,Self Study,No,Yes,Medium,Low,100.0,100.0,Excellent,Improved this term
R1907,S0298,2026-04-22,15.0,Female,Grade 10,Public,English,3.2,7.1,4.9,78.0,61.0,Online Videos,No,Yes,Medium,High,80.0,78.0,Good,No Comment
R3116,S0665,2026-04-12,17.0,Male,Grade 10,International,Computer Science,2.6,7.2,7.5,88.0,76.0,Self Study,No,Yes,Medium,High,100.0,100.0,Excellent,Strong participation
R3444,S0450,2026-03-25,15.0,Male,Grade 10,Public,Science,4.7,5.9,1.1,92.0,97.0,Self Study,Yes,Yes,Low,Medium,100.0,100.0,Excellent,Excellent focus
R1952,S0404,2026-03-18,13.0,Female,Grade 12,International,History,3.3,6.6,4.7,98.0,83.0,Notebook / Notes,No,No,Low,Low,100.0,90.0,Excellent,No Comment
R1106,S0355,2026-04-12,14.0,Female,Grade 12,Public,Science,1.0,6.0,5.5,96.0,99.0,Group Study,Yes,Yes,High,Medium,90.0,94.0,Excellent,Homework quality varies
R3405,S0379,2026-04-10,15.0,Female,Grade 10,Public,Math,3.2,6.0,4.0,86.0,70.0,Self Study,No,Yes,Medium,Medium,89.0,89.0,Good,Strong participation
R2150,S0046,2026-02-16,17.0,Male,Grade 12,International,Computer Science,3.6,6.9,6.2,86.0,89.0,Private Tutor,Yes,Yes,Medium,Low,72.0,82.0,Good,Absent during some activities
R2588,S0284,2026-04-23,15.0,Female,Grade 10,Public,Computer Science,2.8,6.7,4.5,78.0,100.0,Online Videos,No,No,Medium,Medium,91.0,92.0,Excellent,Often distracted
R1540,S0044,2026-04-27,13.0,Male,Grade 8,Private,Science,3.3,8.4,5.2,76.0,70.0,Self Study,No,Yes,Medium,High,91.0,100.0,Excellent,No Comment
R3102,S0512,2026-04-02,14.0,Male,Grade 9,Public,History,4.2,8.8,3.7,87.0,71.0,Group Study,No,Yes,Low,Low,100.0,100.0,Excellent,Improved this term
R3311,S0485,2026-04-23,15.0,Male,Grade 10,International,Science,2.9,5.6,5.5,87.0,44.0,Online Videos,No,Yes,Low,Medium,80.0,78.0,Good,Needs better time management
R3058,S0090,2026-03-22,15.0,Male,Grade 8,Public,Computer Science,2.5,6.0,4.4,74.0,98.0,Group Study,No,Yes,Low,Low,62.0,80.0,Good,Often distracted
R1174,S0613,2026-03-04,14.0,Male,Grade 9,Private,Science,3.5,7.4,3.2,84.0,70.0,Private Tutor,Yes,Yes,Medium,Medium,97.0,91.0,Excellent,Excellent focus
R1416,S0350,2026-04-28,16.0,Male,Grade 11,Public,Math,3.2,6.0,5.2,76.0,76.0,Self Study,No,No,Medium,Medium,89.0,96.0,Excellent,No Comment
R3809,S0141,2026-04-30,17.0,Female,Grade 12,Public,English,2.9,7.3,8.1,80.0,76.0,Self Study,Yes,Yes,Low,High,90.0,99.0,Excellent,Good analytical thinking
R0531,S0367,2026-04-15,16.0,Female,Grade 11,Public,Math,3.5,8.1,3.5,82.0,65.0,Online Videos,No,Yes,Medium,Medium,98.0,82.0,Good,Improved this term
R3462,S0343,2026-04-12,13.0,Female,Grade 8,Public,English,3.2,6.4,1.2,84.0,63.0,Online Videos,Yes,Yes,Low,High,93.0,100.0,Excellent,Good analytical thinking
R3889,S0449,2026-04-06,17.0,Female,Grade 12,Private,Computer Science,2.9,6.6,5.8,78.0,79.0,Private Tutor,No,Yes,Medium,Low,79.0,77.0,Good,Strong participation
R2766,S0173,2026-02-01,16.0,Female,Grade 11,Public,History,3.4,5.6,4.2,77.0,86.0,Self Study,No,Yes,Medium,Low,64.0,73.0,Pass,Needs better time management
R3090,S0333,2026-04-28,17.0,Female,Grade 12,Public,History,3.4,8.0,2.0,85.0,89.0,Online Videos,Yes,Yes,Low,Low,86.0,92.0,Excellent,Often distracted
R0116,S0239,2026-03-22,16.0,Male,Grade 11,International,English,3.8,7.4,3.4,95.0,94.0,Online Videos,No,Yes,Low,High,100.0,100.0,Excellent,Consistent effort
R0246,S0642,2026-03-07,15.0,Female,Grade 9,International,Computer Science,3.4,6.7,5.6,91.0,72.0,Self Study,No,Yes,Medium,Low,67.0,76.0,Good,Consistent effort
R1354,S0125,2026-03-01,17.0,Male,Grade 12,Public,Math,2.1,7.7,4.5,70.0,87.0,Group Study,No,Yes,Medium,High,72.0,79.0,Good,Consistent effort
R2622,S0626,2026-04-30,15.0,Female,Grade 10,Private,History,2.1,8.4,2.8,88.0,87.0,Private Tutor,No,Yes,High,High,90.0,81.0,Good,No Comment
R3133,S0086,2026-04-25,17.0,Male,Grade 12,Public,Computer Science,3.7,7.2,1.5,87.0,55.0,Online Videos,No,Yes,Medium,High,91.0,95.0,Excellent,Often distracted
R3393,S0660,2026-03-25,16.0,Female,Grade 11,Public,Computer Science,2.1,7.2,4.6,84.0,54.0,Self Study,No,Yes,Medium,Medium,68.0,92.0,Pass,Good analytical thinking
R1525,S0611,2026-04-03,16.0,Female,Grade 11,Public,History,3.1,7.2,0.9,87.0,86.0,Private Tutor,No,No,Low,Medium,64.0,80.0,Good,Absent during some activities
R0795,S0465,2026-03-15,14.0,Female,Grade 9,Public,Math,3.3,7.2,2.6,86.0,83.0,Self Study,No,Yes,Medium,High,100.0,100.0,Excellent,Consistent effort
R0363,S0259,2026-02-09,14.0,Female,Grade 9,Public,Science,3.4,6.3,3.6,100.0,88.0,Private Tutor,Yes,Yes,Medium,Medium,90.0,96.0,Excellent,Strong participation
R2060,S0585,2026-04-16,13.0,Male,Grade 8,Private,History,2.5,7.5,4.8,92.0,53.0,Online Videos,Yes,Yes,Medium,Low,88.0,88.0,Good,Improved this term
R2721,S0461,2026-03-02,17.0,Male,Grade 12,Private,English,1.7,6.4,7.9,98.0,97.0,Online Videos,No,Yes,Low,Medium,87.0,88.0,Good,Strong participation
R3433,S0195,2026-04-17,14.0,Male,Grade 9,International,English,3.2,7.2,3.3,100.0,93.0,Online Videos,No,No,Medium,Medium,92.0,96.0,Excellent,Absent during some activities
R0898,S0395,2026-03-21,17.0,Female,Grade 12,Public,Math,5.1,7.2,5.4,87.0,89.0,Group Study,No,Yes,Medium,High,88.0,99.0,Excellent,Strong participation
R2650,S0585,2026-04-05,17.0,Female,Grade 12,International,Computer Science,3.3,7.4,3.5,95.0,97.0,Group Study,No,Yes,Medium,Low,99.0,93.0,Excellent,Absent during some activities
R1129,S0516,2026-04-09,15.0,Female,Grade 10,Private,Math,2.8,9.5,7.4,83.0,70.0,Self Study,No,Yes,Low,Medium,91.0,93.0,Excellent,Needs better time management
R0462,S0465,2026-04-26,15.0,Female,Grade 12,Private,Math,4.2,6.1,0.9,77.0,60.0,Notebook / Notes,No,Yes,High,Low,87.0,81.0,Good,Improved this term
R0520,S0249,2026-04-22,14.0,Female,Grade 9,International,English,3.6,4.7,3.1,100.0,71.0,Group Study,Yes,Yes,Medium,Medium,100.0,100.0,Excellent,-
R3194,S0289,2026-04-07,14.0,Female,Grade 9,Public,English,2.4,7.2,4.5,87.0,100.0,Notebook / Notes,No,Yes,Low,Medium,78.0,85.0,Good,Excellent focus
R3547,S0117,2026-03-15,14.0,Female,Grade 9,Private,Science,4.4,6.6,5.4,87.0,91.0,Online Videos,Yes,Yes,Low,High,90.0,99.0,Excellent,Homework quality varies
R1013,S0371,2026-02-13,13.0,Male,Grade 8,Public,Science,6.7,7.5,5.0,84.0,98.0,Self Study,No,Yes,Medium,Low,100.0,100.0,Excellent,Strong participation
R2920,S0528,2026-03-30,13.0,Male,Grade 8,International,Science,1.8,6.7,6.7,73.0,76.0,Self Study,Yes,Yes,Medium,Medium,57.0,66.0,Pass,Absent during some activities
R3109,S0017,2026-03-18,14.0,Female,Grade 9,Private,English,2.4,5.8,5.4,100.0,93.0,Private Tutor,No,Yes,Medium,High,85.0,92.0,Excellent,Improved this term
R0135,S0501,2026-02-16,16.0,Male,Grade 11,Public,Computer Science,2.5,6.7,4.1,72.0,100.0,Self Study,Yes,Yes,High,Medium,84.0,87.0,Good,Excellent focus
R2600,S0028,2026-02-13,16.0,Male,Grade 11,Private,Math,4.3,7.2,6.2,88.0,52.0,Group Study,Yes,Yes,Medium,High,93.0,90.0,Excellent,Excellent focus
R1442,S0310,2026-02-08,14.0,Male,Grade 9,Public,Math,3.6,7.6,4.2,89.0,55.0,Online Videos,Yes,Yes,High,Medium,86.0,90.0,Excellent,No Comment
R2611,S0153,2026-04-29,16.0,Female,Grade 11,Private,Math,3.2,8.8,6.9,84.0,97.0,Self Study,No,No,Medium,High,82.0,87.0,Good,Strong participation
R1422,S0223,2026-04-22,13.0,Female,Grade 8,Public,Math,3.5,6.7,1.3,84.0,78.0,Online Videos,No,Yes,High,Medium,100.0,98.0,Excellent,No Comment
R3008,S0648,2026-03-31,13.0,Female,Grade 8,Public,Science,3.5,7.5,3.7,91.0,76.0,Group Study,No,Yes,Medium,Medium,91.0,100.0,Excellent,Needs revision plan
R0661,S0020,2026-02-06,13.0,Female,Grade 8,Private,Computer Science,3.2,6.7,3.9,88.0,75.0,Private Tutor,Yes,Yes,High,Low,100.0,94.0,Excellent,Homework quality varies
R1838,S0119,2026-03-23,17.0,Female,Grade 12,Private,History,5.1,5.0,4.8,80.0,72.0,Private Tutor,Yes,No,Medium,High,87.0,100.0,Excellent,Strong participation
R2359,S0060,2026-02-20,17.0,Male,Grade 12,Private,Computer Science,4.7,5.0,6.4,94.0,72.0,Private Tutor,Yes,Yes,High,Medium,100.0,100.0,Excellent,Needs better time management
R3814,S0440,2026-04-24,17.0,Male,Grade 12,International,English,3.3,7.7,5.8,81.0,78.0,Self Study,No,Yes,Medium,High,100.0,100.0,Excellent,Absent during some activities
R0820,S0664,2026-04-25,14.0,Female,Grade 9,Public,History,2.9,6.3,3.8,97.0,97.0,Online Videos,No,Yes,Medium,High,86.0,84.0,Good,No Comment
R2514,S0007,2026-03-12,13.0,Male,Grade 8,Private,History,1.8,7.2,4.9,87.0,76.0,Online Videos,No,Yes,High,High,100.0,99.0,Excellent,Excellent focus
R3233,S0271,2026-04-06,15.0,Male,Grade 10,Public,Computer Science,3.7,8.2,5.9,85.0,90.0,Self Study,Yes,Yes,Medium,Medium,100.0,100.0,Excellent,Excellent focus
R2075,S0088,2026-04-03,17.0,Female,Grade 12,Public,History,2.3,8.3,3.7,98.0,69.0,Online Videos,No,Yes,High,High,84.0,100.0,Excellent,Homework quality varies
R2252,S0175,2026-04-19,15.0,Male,Grade 10,Private,English,0.9,9.6,7.1,75.0,76.0,Online Videos,Yes,Yes,High,High,70.0,92.0,Good,Absent during some activities
R0675,S0221,2026-03-10,14.0,Male,Grade 12,Public,Math,2.1,7.4,6.0,98.0,92.0,Self Study,Yes,Yes,Low,Low,97.0,92.0,Needs Improvement,Strong participation
R2940,S0749,2026-03-18,16.0,Male,Grade 11,Public,Math,3.7,7.5,3.8,71.0,63.0,Private Tutor,No,Yes,Medium,Medium,82.0,83.0,Good,Often distracted
R0536,S0443,2026-02-23,14.0,Male,Grade 11,Public,History,2.6,6.3,3.8,87.0,76.0,Online Videos,No,Yes,Medium,Medium,87.0,96.0,Excellent,No Comment
R3816,S0178,2026-02-14,14.0,Male,Grade 10,Public,Math,3.4,6.6,7.8,100.0,76.0,Self Study,No,Yes,Medium,Medium,96.0,89.0,Good,Absent during some activities
R3768,S0176,2026-09-04,15.0,Female,Grade 10,Private,Computer Science,2.0,6.7,4.1,67.0,86.0,Group Study,Yes,Yes,Low,Low,98.0,95.0,Excellent,No Comment
R2573,S0495,2026-02-28,14.0,Female,Grade 9,Public,Science,1.1,6.7,3.5,93.0,85.0,Self Study,Yes,Yes,Medium,Low,94.0,91.0,Excellent,Improved this term
R1703,S0113,2026-04-20,17.0,Female,Grade 12,Private,English,3.2,6.0,4.2,90.0,100.0,Private Tutor,No,Yes,High,High,85.0,90.0,Excellent,Excellent focus
R1778,S0660,2026-03-27,15.0,Male,Grade 12,Public,Computer Science,4.0,6.7,3.4,88.0,71.0,Notebook / Notes,No,Yes,Medium,Medium,80.0,87.0,Good,Often distracted
R0942,S0076,2026-04-02,16.0,Female,Grade 11,Private,English,1.1,9.0,5.6,85.0,74.0,Private Tutor,No,Yes,Medium,Low,66.0,92.0,Pass,Good analytical thinking
R2297,S0580,2026-04-20,13.0,Female,Grade 8,Public,Math,4.2,6.1,3.6,79.0,80.0,Self Study,No,No,Low,Medium,97.0,95.0,Excellent,No Comment
R0279,S0389,2026-02-28,15.0,Male,Grade 10,Private,Science,4.5,6.9,4.2,88.0,59.0,Online Videos,No,Yes,Medium,Low,83.0,95.0,Excellent,Excellent focus
R0070,S0499,2026-03-13,14.0,Male,Grade 9,International,History,3.2,7.5,3.3,91.0,50.0,Online Videos,No,Yes,Medium,Low,85.0,94.0,Excellent,Homework quality varies
R2404,S0545,2026-02-27,16.0,Male,Grade 11,International,History,6.7,7.0,5.4,91.0,93.0,Self Study,Yes,Yes,Low,Medium,99.0,100.0,Excellent,Needs better time management
R3773,S0523,2026-04-15,16.0,Female,Grade 11,Public,Science,2.9,7.0,6.0,87.0,71.0,Group Study,No,Yes,Low,High,92.0,87.0,Good,Improved this term
R3098,S0163,2026-03-02,15.0,Female,Grade 10,International,Science,2.5,8.6,2.3,77.0,86.0,Self Study,No,Yes,Low,Medium,97.0,91.0,Excellent,Absent during some activities
R3076,S0435,2026-03-03,15.0,Female,Grade 10,International,English,3.2,8.3,3.7,94.0,73.0,Self Study,No,Yes,Low,Low,85.0,84.0,Good,No Comment
R2666,S0181,2026-03-06,16.0,Female,Grade 11,Public,History,0.9,6.5,4.2,76.0,79.0,Online Videos,No,Yes,High,Medium,90.0,92.0,Pass,Needs revision plan
R2789,S0622,2026-03-22,14.0,Female,Grade 9,Public,English,4.6,7.9,4.7,80.0,73.0,Online Videos,No,No,Low,Medium,100.0,100.0,Excellent,Strong participation
R2732,S0521,2026-02-10,17.0,Male,Grade 11,Public,Science,3.4,7.4,4.5,80.0,89.0,Group Study,No,No,High,Medium,83.0,83.0,Excellent,Absent during some activities
R0039,S0108,2026-04-03,15.0,Male,Grade 11,Public,Science,3.7,7.4,4.7,100.0,52.0,Online Videos,Yes,Yes,Medium,High,92.0,96.0,Excellent,Needs better time management
R2846,S0679,2026-02-04,14.0,Female,Grade 9,Public,Computer Science,1.9,7.2,3.4,74.0,65.0,Notebook / Notes,No,Yes,Medium,Medium,83.0,88.0,Good,No Comment
R0009,S0482,2026-02-11,16.0,Female,Grade 11,International,Computer Science,2.9,6.7,1.1,94.0,81.0,Notebook / Notes,No,Yes,Medium,High,95.0,100.0,Excellent,Absent during some activities
R0310,S0389,2026-02-13,13.0,Male,Grade 8,International,History,3.8,7.2,3.7,87.0,100.0,Group Study,No,Yes,Low,Medium,100.0,100.0,Excellent,Excellent focus
R1657,S0224,2026-04-11,16.0,Female,Grade 11,Public,Math,3.2,7.9,0.5,83.0,86.0,Online Videos,No,No,Low,Medium,92.0,92.0,Needs Improvement,Strong participation
R3247,S0358,2026-03-27,17.0,Male,Grade 12,Public,History,4.5,9.0,5.5,78.0,76.0,Online Videos,Yes,Yes,Medium,High,95.0,100.0,Excellent,No Comment
R1883,S0035,2026-02-06,15.0,Female,Grade 11,Public,Science,3.2,6.4,4.3,90.0,61.0,Notebook / Notes,No,No,Low,Medium,100.0,100.0,Excellent,Strong participation
R2440,S0219,2026-02-11,15.0,Female,Grade 10,Private,Math,3.2,8.3,1.4,100.0,79.0,Notebook / Notes,Yes,Yes,Low,Medium,99.0,100.0,Excellent,Homework quality varies
R0789,S0465,2026-04-03,17.0,Female,Grade 12,Public,History,1.9,7.3,7.1,75.0,84.0,Online Videos,No,No,Medium,High,70.0,76.0,Good,Absent during some activities
R2552,S0618,2026-04-05,13.0,Female,Grade 8,Public,English,3.2,6.6,4.5,87.0,96.0,Self Study,No,Yes,Medium,Medium,81.0,100.0,Excellent,No Comment
R0522,S0075,2026-03-18,17.0,Male,Grade 12,Public,Math,4.1,5.8,4.2,92.0,70.0,Online Videos,No,Yes,Medium,High,100.0,100.0,Excellent,Often distracted
R1765,S0339,2026-04-21,15.0,Female,Grade 9,Private,Science,3.7,8.3,4.1,87.0,69.0,Private Tutor,No,No,Medium,Low,94.0,100.0,Excellent,Needs revision plan
R1783,S0029,2026-02-13,16.0,Female,Grade 11,Private,Math,2.2,9.0,3.8,99.0,77.0,Self Study,No,Yes,Low,Medium,95.0,98.0,Excellent,Absent during some activities
R0021,S0451,2026-02-20,14.0,Female,Grade 9,Public,Science,3.3,5.6,5.5,100.0,48.0,Self Study,No,Yes,High,Medium,69.0,82.0,Good,Homework quality varies
R2435,S0186,2026-02-09,15.0,Male,Grade 10,Private,Science,2.3,7.1,4.1,86.0,83.0,Self Study,Yes,No,Medium,Medium,100.0,100.0,Excellent,Needs better time management
R1894,S0040,2026-03-06,15.0,Female,Grade 10,Private,Computer Science,4.6,8.3,1.9,83.0,42.0,Self Study,No,Yes,Low,Low,85.0,97.0,Excellent,Absent during some activities
R1286,S0271,2026-03-11,13.0,Male,Grade 8,Public,Math,3.2,7.9,7.4,88.0,71.0,Self Study,Yes,Yes,Medium,Medium,100.0,93.0,Excellent,Often distracted
R2803,S0118,2026-04-28,17.0,Male,Grade 12,Private,Math,3.7,6.9,4.4,96.0,93.0,Private Tutor,Yes,Yes,Low,Low,90.0,100.0,Excellent,Excellent focus
R0449,S0041,2026-02-15,17.0,Female,Grade 12,Public,Science,2.4,7.6,4.2,77.0,100.0,Self Study,No,No,Medium,Medium,100.0,100.0,Excellent,No Comment
R3066,S0677,2026-02-03,17.0,Female,Grade 12,Private,Science,1.4,8.7,6.2,77.0,67.0,Online Videos,No,Yes,Medium,Medium,74.0,75.0,Good,No Comment
R1739,S0671,2026-04-12,14.0,Female,Grade 9,Private,Math,2.2,9.0,6.3,91.0,70.0,Group Study,Yes,Yes,Low,Medium,98.0,89.0,Good,Strong participation
R0822,S0413,2026-02-08,13.0,Female,Grade 8,Public,Math,3.8,7.5,3.4,93.0,46.0,Private Tutor,No,Yes,Low,Low,79.0,80.0,Good,Good analytical thinking
R1025,S0001,2026-02-13,13.0,Female,Grade 8,Public,English,6.0,8.2,6.5,89.0,68.0,Online Videos,No,Yes,High,Medium,100.0,99.0,Excellent,Consistent effort
R0457,S0565,2026-02-10,13.0,Male,Grade 8,Public,Computer Science,5.2,6.7,4.5,90.0,66.0,Private Tutor,No,Yes,Medium,Medium,98.0,98.0,Excellent,Excellent focus
R1527,S0210,2026-03-30,14.0,Male,Grade 9,Private,Computer Science,5.0,7.2,3.1,85.0,91.0,Online Videos,No,Yes,Medium,Medium,100.0,100.0,Excellent,Homework quality varies
R2889,S0393,2026-02-18,13.0,Female,Grade 8,Public,History,3.7,5.4,4.1,85.0,80.0,Group Study,No,Yes,Low,Medium,100.0,98.0,Excellent,Needs better time management
R3471,S0651,2026-02-23,13.0,Male,Grade 8,Public,Math,3.1,7.5,2.4,87.0,72.0,Self Study,No,Yes,Medium,Medium,93.0,90.0,Excellent,Often distracted
R3516,S0214,2026-03-30,13.0,Female,Grade 8,Public,History,1.3,5.6,3.8,79.0,98.0,Group Study,Yes,Yes,Low,High,84.0,97.0,Excellent,Consistent effort
R3286,S0459,2026-02-05,13.0,Male,Grade 8,Private,Computer Science,5.5,8.8,3.2,100.0,44.0,Group Study,Yes,No,High,High,100.0,92.0,Needs Improvement,Consistent effort
R0268,S0178,2026-02-11,17.0,Male,Grade 12,International,Math,3.2,5.0,0.5,100.0,77.0,Self Study,No,Yes,Medium,High,79.0,80.0,Good,Good analytical thinking
R2190,S0219,2026-02-01,14.0,Female,Grade 9,International,Science,1.6,6.8,2.9,88.0,59.0,Notebook / Notes,No,Yes,Medium,Medium,92.0,82.0,Good,Needs revision plan
R2511,S0441,2026-04-04,13.0,Male,Grade 8,Private,English,3.8,7.3,3.3,100.0,69.0,Private Tutor,No,Yes,Low,Low,100.0,95.0,Excellent,Needs better time management
R2014,S0308,2026-03-06,13.0,Female,Grade 8,Private,Math,3.2,7.6,5.6,92.0,76.0,Private Tutor,Yes,Yes,Low,Medium,94.0,91.0,Excellent,Often distracted
R3856,S0737,2026-04-08,15.0,Female,Grade 10,International,History,2.7,5.5,5.1,76.0,82.0,Online Videos,No,Yes,Medium,Medium,91.0,86.0,Good,Consistent effort
R2353,S0734,2026-03-21,13.0,Female,Grade 8,Public,History,3.9,6.2,1.2,77.0,64.0,Self Study,Yes,Yes,Medium,High,88.0,96.0,Excellent,No Comment
R1637,S0151,2026-03-12,16.0,Female,Grade 11,Public,Math,5.9,7.5,5.3,98.0,82.0,Self Study,No,Yes,Low,Low,91.0,97.0,Excellent,Excellent focus
R0538,S0537,2026-04-16,13.0,Female,Grade 8,Private,English,0.8,6.9,1.9,82.0,76.0,Self Study,Yes,Yes,Medium,Low,89.0,86.0,Good,Homework quality varies
R1219,S0477,2026-02-11,17.0,Female,Grade 12,Public,Math,2.6,7.6,1.5,78.0,83.0,Notebook / Notes,No,Yes,High,High,100.0,91.0,Excellent,Excellent focus
R0757,S0642,2026-02-26,15.0,Male,Grade 10,Public,Math,2.9,7.7,2.5,83.0,95.0,Group Study,Yes,Yes,Low,High,100.0,100.0,Excellent,Absent during some activities
R2010,S0532,2026-04-12,13.0,Female,Grade 8,Public,Computer Science,2.3,8.0,5.0,87.0,76.0,Online Videos,Yes,Yes,Low,High,90.0,97.0,Excellent,No Comment
R2628,S0565,2026-04-22,14.0,Male,Grade 9,Private,Math,4.3,6.6,2.7,81.0,68.0,Online Videos,Yes,Yes,Medium,Medium,94.0,100.0,Excellent,Needs revision plan
R2079,S0724,2026-02-05,16.0,Female,Grade 11,Public,Math,4.6,7.2,3.5,76.0,91.0,Private Tutor,No,Yes,Low,High,100.0,92.0,Excellent,Good analytical thinking
R0901,S0297,2026-04-21,16.0,Male,Grade 11,International,History,5.2,6.8,5.5,100.0,73.0,Notebook / Notes,Yes,Yes,Low,Low,90.0,100.0,Excellent,Improved this term
R3054,S0115,2026-04-15,16.0,Female,Grade 8,Private,English,3.1,8.0,8.5,89.0,71.0,Self Study,Yes,Yes,High,Medium,78.0,75.0,Good,No Comment
R0646,S0021,2026-03-02,13.0,Male,Grade 8,Public,History,1.7,7.6,3.5,90.0,56.0,Notebook / Notes,No,No,Medium,Low,80.0,88.0,Good,Consistent effort
R0480,S0671,2026-02-19,16.0,Female,Grade 11,International,Science,0.7,7.8,6.8,88.0,76.0,Notebook / Notes,No,Yes,High,Medium,69.0,74.0,Pass,Homework quality varies
R3138,S0087,2026-02-04,17.0,Female,Grade 12,Public,Math,1.3,8.5,5.3,77.0,81.0,Online Videos,No,Yes,Low,Medium,93.0,92.0,Excellent,No Comment
R2900,S0032,2026-03-09,13.0,Female,Grade 8,International,Science,2.8,9.1,5.0,88.0,73.0,Private Tutor,No,Yes,High,Medium,77.0,79.0,Good,No Comment
R1750,S0459,2026-03-18,16.0,Female,Grade 11,International,Computer Science,3.4,6.6,0.9,77.0,76.0,Private Tutor,No,No,Medium,High,75.0,90.0,Excellent,Absent during some activities
R0758,S0054,2026-02-07,15.0,Female,Grade 10,Private,Math,2.9,7.2,3.5,99.0,92.0,Group Study,No,Yes,Medium,Medium,97.0,85.0,Good,Excellent focus
R0263,S0429,2026-02-06,14.0,Female,Grade 9,Public,Computer Science,0.5,7.8,2.9,95.0,96.0,Notebook / Notes,No,Yes,Medium,Low,85.0,80.0,Good,Often distracted
R0851,S0486,2026-03-29,16.0,Female,Grade 9,Public,Science,3.5,7.2,7.7,85.0,66.0,Online Videos,Yes,Yes,High,Low,90.0,75.0,Good,Excellent focus
R3706,S0579,2026-03-29,13.0,Female,Grade 8,International,Computer Science,0.9,7.2,2.2,83.0,100.0,Online Videos,No,Yes,Low,Medium,79.0,84.0,Good,No Comment
R1827,S0458,2026-02-18,17.0,Male,Grade 12,Private,Science,6.3,7.8,2.3,82.0,77.0,Online Videos,Yes,Yes,Low,High,90.0,100.0,Excellent,Needs better time management
R1119,S0431,2026-02-04,15.0,Male,Grade 10,Private,English,4.6,8.1,3.9,91.0,90.0,Self Study,No,Yes,Medium,Medium,99.0,100.0,Excellent,Improved this term
R3278,S0343,2026-03-18,17.0,Female,Grade 12,International,Computer Science,2.2,7.2,7.9,76.0,100.0,Notebook / Notes,No,No,Low,Medium,76.0,80.0,Good,Strong participation
R3115,S0396,2026-02-08,16.0,Male,Grade 11,International,Math,2.2,7.2,4.0,80.0,75.0,Group Study,No,Yes,Medium,Low,88.0,79.0,Good,No Comment
R3673,S0302,2026-02-12,14.0,Male,Grade 9,International,Science,0.8,6.5,8.7,87.0,58.0,Online Videos,No,Yes,Low,Low,56.0,92.0,Pass,Homework quality varies
R0407,S0488,2026-03-03,17.0,Male,Grade 12,Private,Computer Science,3.0,7.9,3.8,97.0,65.0,Self Study,No,Yes,Medium,Medium,99.0,100.0,Excellent,No Comment
R1052,S0149,2026-03-17,13.0,Male,Grade 8,Private,Math,4.5,8.0,8.5,81.0,64.0,Group Study,Yes,Yes,Low,Low,83.0,94.0,Excellent,-
R1900,S0034,2026-02-26,13.0,Male,Grade 8,Private,Computer Science,3.6,5.2,3.0,94.0,97.0,Group Study,No,No,Low,Medium,67.0,92.0,Excellent,Needs revision plan
R2181,S0417,2026-04-16,16.0,Female,Grade 9,Public,Math,2.4,7.4,5.4,84.0,100.0,Online Videos,Yes,Yes,Medium,Medium,100.0,100.0,Excellent,Consistent effort
R2478,S0127,2026-04-14,14.0,Female,Grade 8,International,Computer Science,2.5,7.2,3.8,93.0,91.0,Online Videos,No,Yes,Medium,High,75.0,100.0,Excellent,Often distracted
R1037,S0183,2026-03-25,13.0,Female,Grade 8,Private,Computer Science,4.5,8.4,3.3,100.0,98.0,Notebook / Notes,No,Yes,High,Medium,82.0,95.0,Excellent,Needs better time management
R0391,S0146,2026-04-04,17.0,Female,Grade 12,Public,English,3.2,8.3,4.2,86.0,63.0,Private Tutor,No,Yes,Medium,Medium,88.0,92.0,Excellent,Needs revision plan
R3546,S0494,2026-03-09,16.0,Male,Grade 12,Public,Science,2.3,7.0,4.1,83.0,64.0,Self Study,Yes,Yes,High,High,72.0,73.0,Pass,Homework quality varies
R2581,S0144,2026-02-04,15.0,Male,Grade 10,Public,English,4.0,7.3,3.6,89.0,78.0,Group Study,No,Yes,Low,High,92.0,100.0,Excellent,Homework quality varies
R1857,S0713,2026-02-25,15.0,Female,Grade 10,International,Computer Science,3.2,6.8,1.2,69.0,76.0,Notebook / Notes,No,Yes,High,Medium,78.0,93.0,Excellent,No Comment
R1544,S0217,2026-02-25,16.0,Male,Grade 11,Private,English,6.2,6.6,5.3,80.0,82.0,Self Study,No,Yes,Medium,High,90.0,100.0,Excellent,Consistent effort
R0477,S0218,2026-04-04,16.0,Female,Grade 11,Private,Math,2.8,8.1,4.1,100.0,83.0,Online Videos,No,Yes,Low,Medium,91.0,97.0,Excellent,Homework quality varies
R0560,S0237,2026-04-28,15.0,Male,Grade 9,Public,Computer Science,4.4,7.2,2.0,91.0,78.0,Self Study,No,Yes,Low,High,100.0,85.0,Good,Often distracted
R3388,S0134,2026-04-13,13.0,Female,Grade 8,Private,History,3.2,7.1,4.2,100.0,80.0,Self Study,Yes,Yes,Medium,Medium,100.0,92.0,Excellent,Needs better time management
R3779,S0742,2026-04-13,16.0,Male,Grade 11,Private,History,3.7,7.2,3.0,85.0,65.0,Online Videos,No,Yes,Medium,Medium,94.0,92.0,Excellent,Often distracted
R1426,S0069,2026-04-10,13.0,Female,Grade 8,International,History,3.2,8.6,6.6,97.0,65.0,Online Videos,No,Yes,Medium,High,90.0,81.0,Good,Consistent effort
R2099,S0168,2026-04-29,14.0,Male,Grade 9,International,Math,3.7,7.2,4.9,83.0,76.0,Online Videos,No,Yes,Low,High,93.0,95.0,Excellent,Strong participation
R2292,S0281,2026-03-26,13.0,Male,Grade 8,Public,Computer Science,2.9,7.8,2.4,97.0,76.0,Group Study,No,Yes,Medium,Medium,81.0,92.0,Good,Absent during some activities
R1767,S0206,2026-04-27,14.0,Female,Grade 9,Private,Science,2.8,4.7,4.8,86.0,100.0,Group Study,No,Yes,Medium,Low,73.0,80.0,Good,Needs revision plan
R1407,S0583,2026-02-19,13.0,Male,Grade 8,Private,Science,4.2,7.2,3.1,95.0,93.0,Self Study,Yes,Yes,Low,High,100.0,100.0,Excellent,Consistent effort
R2690,S0606,2026-03-22,15.0,Male,Grade 10,Public,History,3.3,6.9,5.2,82.0,81.0,Notebook / Notes,No,Yes,Medium,Low,95.0,89.0,Good,Excellent focus
R0975,S0516,2026-02-07,15.0,Female,Grade 10,International,History,3.5,8.4,4.3,85.0,64.0,Self Study,No,Yes,Low,Low,89.0,86.0,Good,Often distracted
R1248,S0073,2026-02-27,16.0,Male,Grade 11,Public,Math,1.2,6.5,6.1,83.0,68.0,Notebook / Notes,No,Yes,Medium,Medium,60.0,75.0,Good,Improved this term
R3412,S0630,2026-04-06,13.0,Female,Grade 8,Public,Math,5.7,7.7,4.4,83.0,78.0,Group Study,Yes,Yes,Low,Low,93.0,100.0,Excellent,Improved this term
R1170,S0392,2026-04-10,14.0,Male,Grade 9,Public,Science,1.8,7.7,4.2,95.0,50.0,Online Videos,No,Yes,Low,Medium,87.0,81.0,Good,No Comment
R1548,S0349,2026-03-11,16.0,Female,Grade 11,Public,History,5.0,7.0,4.7,72.0,78.0,Online Videos,No,Yes,Medium,High,98.0,98.0,Excellent,Needs better time management
R2053,S0390,2026-04-27,17.0,Male,Grade 12,Public,English,2.9,8.2,4.8,88.0,95.0,Online Videos,No,Yes,Low,Medium,96.0,90.0,Excellent,Often distracted
R1922,S0724,2026-04-20,17.0,Male,Grade 12,International,Computer Science,4.8,6.9,5.3,100.0,100.0,Private Tutor,No,Yes,Medium,Medium,100.0,100.0,Excellent,Needs revision plan
R2548,S0208,2026-04-17,14.0,Male,Grade 9,Public,Math,3.6,8.3,4.7,82.0,83.0,Group Study,No,Yes,High,High,91.0,96.0,Excellent,Homework quality varies
R1447,S0374,2026-03-21,15.0,Male,Grade 10,Public,English,3.2,7.2,1.9,88.0,62.0,Notebook / Notes,No,Yes,High,High,97.0,85.0,Good,Good analytical thinking
R3083,S0178,2026-03-28,14.0,Female,Grade 9,International,Math,2.6,7.1,1.1,83.0,61.0,Self Study,Yes,Yes,Medium,High,92.0,88.0,Good,Consistent effort
R0599,S0427,2026-02-17,15.0,Female,Grade 10,Private,Science,3.4,8.0,1.9,83.0,78.0,Online Videos,Yes,No,Low,Medium,93.0,100.0,Excellent,Improved this term
R3644,S0073,2026-04-16,16.0,Female,Grade 9,International,Science,3.2,7.2,6.0,82.0,100.0,Notebook / Notes,No,Yes,Medium,High,96.0,100.0,Excellent,Often distracted
R0940,S0528,2026-04-17,14.0,Female,Grade 9,International,Math,3.2,7.2,0.7,71.0,82.0,Self Study,No,Yes,Low,High,87.0,100.0,Excellent,Improved this term
R2571,S0213,2026-04-09,14.0,Male,Grade 9,International,Science,5.6,7.2,5.3,87.0,77.0,Group Study,Yes,Yes,Medium,Low,88.0,100.0,Excellent,Often distracted
R2638,S0257,2026-04-20,17.0,Female,Grade 12,Private,English,2.9,6.4,5.5,70.0,79.0,Group Study,No,No,Low,Medium,73.0,75.0,Good,No Comment
R1748,S0025,2026-04-21,16.0,Female,Grade 11,Public,History,1.9,7.0,3.7,81.0,61.0,Group Study,No,Yes,High,High,65.0,77.0,Good,Needs revision plan
R0354,S0603,2026-04-07,17.0,Male,Grade 9,Private,Math,2.6,6.0,5.3,96.0,95.0,Self Study,No,Yes,Medium,Medium,100.0,97.0,Excellent,Absent during some activities
R2535,S0269,2026-04-07,17.0,Male,Grade 12,Private,History,3.1,7.7,2.8,76.0,35.0,Notebook / Notes,No,Yes,Low,Medium,94.0,84.0,Good,Improved this term
R3282,S0402,2026-03-05,14.0,Female,Grade 12,Public,Science,2.1,7.2,6.8,73.0,80.0,Self Study,Yes,Yes,Low,High,92.0,92.0,Good,Good analytical thinking
R1672,S0735,2026-04-23,16.0,Female,Grade 11,Private,Computer Science,4.4,7.0,6.1,80.0,70.0,Self Study,No,Yes,Medium,Medium,68.0,83.0,Good,No Comment
R3276,S0068,2026-02-02,13.0,Female,Grade 8,Private,English,4.6,5.7,5.8,98.0,62.0,Self Study,No,Yes,Medium,Low,81.0,88.0,Good,Excellent focus
R3682,S0709,2026-04-29,13.0,Female,Grade 8,Private,English,3.2,7.5,4.3,95.0,62.0,Self Study,No,Yes,Low,High,99.0,94.0,Excellent,Absent during some activities
R0414,S0297,2026-04-14,13.0,Male,Grade 8,Public,Computer Science,6.5,6.6,3.4,95.0,78.0,Private Tutor,No,Yes,High,Medium,85.0,100.0,Excellent,Strong participation
R3535,S0105,2026-04-17,15.0,Male,Grade 10,Private,Computer Science,1.5,5.7,5.2,88.0,62.0,Private Tutor,No,Yes,Medium,Medium,90.0,80.0,Good,Needs better time management
R3677,S0691,2026-03-10,13.0,Male,Grade 8,Public,Science,3.4,9.4,0.6,93.0,100.0,Notebook / Notes,No,Yes,Low,Low,87.0,100.0,Excellent,-
R3193,S0419,2026-03-29,17.0,Female,Grade 12,Public,Computer Science,1.8,8.3,3.8,92.0,66.0,Notebook / Notes,No,No,Medium,Medium,93.0,89.0,Good,Good analytical thinking
R1394,S0689,2026-02-24,13.0,Male,Grade 8,Public,Math,4.1,7.8,5.8,83.0,76.0,Online Videos,Yes,Yes,Low,Medium,88.0,88.0,Good,No Comment
R2779,S0697,2026-03-17,15.0,Female,Grade 10,Public,History,3.5,7.7,2.4,83.0,85.0,Self Study,Yes,Yes,High,Medium,100.0,100.0,Excellent,Absent during some activities
R2975,S0393,2026-03-14,13.0,Male,Grade 12,International,Math,3.2,5.2,2.9,71.0,67.0,Notebook / Notes,No,Yes,High,High,72.0,68.0,Pass,Homework quality varies
R1913,S0042,2026-02-27,13.0,Male,Grade 8,Public,Math,3.9,5.3,4.2,88.0,57.0,Online Videos,No,No,Medium,High,74.0,75.0,Good,No Comment
R1587,S0474,2026-03-30,13.0,Female,Grade 8,Public,Computer Science,5.4,7.8,6.5,79.0,77.0,Notebook / Notes,No,Yes,Medium,Low,100.0,99.0,Excellent,Good analytical thinking
R0636,S0587,2026-02-20,14.0,Male,Grade 9,Private,Science,6.4,7.2,5.8,83.0,90.0,Online Videos,No,Yes,Low,Medium,100.0,100.0,Excellent,Good analytical thinking
R1882,S0440,2026-04-06,16.0,Male,Grade 10,Public,Science,1.2,8.7,7.8,91.0,77.0,Online Videos,No,Yes,Medium,Medium,66.0,70.0,Pass,Strong participation
R1929,S0326,2026-03-22,17.0,Female,Grade 12,Public,Science,2.5,6.1,1.8,84.0,79.0,Private Tutor,Yes,Yes,Medium,High,94.0,100.0,Excellent,Homework quality varies
R0535,S0110,2026-03-09,17.0,Female,Grade 12,Private,Science,1.6,5.1,3.1,75.0,84.0,Self Study,No,Yes,Medium,High,76.0,82.0,Good,Improved this term
R0642,S0537,2026-03-29,16.0,Female,Grade 11,Private,Math,5.7,7.1,2.4,100.0,89.0,Online Videos,No,Yes,Medium,Medium,90.0,92.0,Excellent,Strong participation
R1592,S0695,2026-02-03,16.0,Female,Grade 9,Private,History,4.2,7.2,5.3,89.0,57.0,Group Study,No,Yes,Low,High,94.0,95.0,Excellent,No Comment
R2103,S0386,2026-03-14,17.0,Male,Grade 12,Private,Computer Science,2.0,5.6,1.0,79.0,64.0,Private Tutor,No,No,Low,Medium,83.0,87.0,Good,No Comment
R2931,S0416,2026-04-30,16.0,Female,Grade 11,Private,History,1.8,7.4,5.5,87.0,69.0,Group Study,No,Yes,Medium,Medium,90.0,88.0,Good,Improved this term
R3606,S0681,2026-02-14,14.0,Female,Grade 9,Public,Math,1.5,8.4,6.5,83.0,79.0,Online Videos,Yes,Yes,Low,Low,86.0,92.0,Excellent,Often distracted
R2299,S0142,2026-04-14,17.0,Male,Grade 12,Private,English,1.3,7.3,2.9,91.0,100.0,Online Videos,No,Yes,Medium,Medium,88.0,86.0,Good,Excellent focus
R1707,S0229,2026-04-22,13.0,Male,Grade 8,Public,History,2.9,6.8,3.2,90.0,72.0,Notebook / Notes,No,Yes,High,Medium,81.0,79.0,Good,No Comment
R2919,S0617,2026-02-21,13.0,Female,Grade 8,International,English,0.4,6.9,4.2,98.0,63.0,Notebook / Notes,Yes,Yes,High,Medium,74.0,83.0,Good,Needs better time management
R0865,S0240,2026-04-17,16.0,Male,Grade 11,International,Science,3.2,6.3,2.0,85.0,98.0,Online Videos,No,Yes,Medium,High,98.0,100.0,Excellent,Absent during some activities
R2110,S0490,2026-03-14,14.0,Female,Grade 10,Private,Science,4.6,6.4,3.7,73.0,73.0,Notebook / Notes,Yes,Yes,Low,Low,90.0,85.0,Good,No Comment
R0843,S0226,2026-03-20,14.0,Female,Grade 9,International,Math,3.3,6.5,3.8,85.0,93.0,Self Study,No,Yes,High,High,100.0,100.0,Excellent,Needs better time management
R2488,S0052,2026-03-18,14.0,Female,Grade 9,Public,Math,3.9,7.2,3.8,68.0,59.0,Self Study,Yes,Yes,Low,Low,88.0,88.0,Good,Often distracted
R1395,S0148,2026-09-04,14.0,Male,Grade 9,International,Science,2.6,7.3,5.6,79.0,88.0,Group Study,No,Yes,Medium,Low,76.0,85.0,Good,Consistent effort
R1854,S0513,2026-03-26,15.0,Male,Grade 10,International,Science,3.4,6.0,4.2,84.0,86.0,Self Study,No,Yes,Low,High,83.0,88.0,Good,Improved this term
R2723,S0047,2026-04-17,13.0,Male,Grade 12,International,History,2.7,7.2,3.6,100.0,75.0,Online Videos,No,Yes,Medium,Low,100.0,100.0,Excellent,No Comment
R2497,S0544,2026-03-12,13.0,Female,Grade 8,Public,Math,0.0,6.1,6.0,76.0,99.0,Notebook / Notes,No,Yes,Low,Low,60.0,92.0,Needs Improvement,No Comment
R2729,S0707,2026-03-07,17.0,Female,Grade 12,Private,English,2.2,6.6,4.2,88.0,70.0,Self Study,No,No,High,High,97.0,96.0,Excellent,Strong participation
R1724,S0379,2026-02-12,14.0,Female,Grade 9,Private,Computer Science,3.6,6.9,2.9,84.0,55.0,Online Videos,No,Yes,Medium,High,88.0,92.0,Good,Strong participation
R0114,S0533,2026-02-17,16.0,Female,Grade 11,Public,English,3.0,7.5,6.2,90.0,76.0,Self Study,No,No,High,Medium,89.0,85.0,Good,Homework quality varies
R3449,S0504,2026-03-05,17.0,Female,Grade 12,Private,Computer Science,2.0,7.6,2.4,73.0,75.0,Notebook / Notes,No,Yes,High,High,79.0,94.0,Excellent,Homework quality varies
R3034,S0206,2026-02-05,13.0,Male,Grade 8,Public,Science,1.8,8.3,2.6,79.0,69.0,Group Study,Yes,Yes,Medium,Medium,91.0,84.0,Good,Improved this term
R0329,S0035,2026-04-29,14.0,Female,Grade 9,Public,Science,3.8,8.0,7.2,91.0,100.0,Group Study,No,No,Low,High,89.0,90.0,Excellent,Needs revision plan
R3399,S0394,2026-04-27,16.0,Female,Grade 11,Public,English,3.1,9.5,5.3,87.0,57.0,Self Study,Yes,Yes,High,Medium,100.0,100.0,Excellent,Good analytical thinking
R0248,S0146,2026-02-14,15.0,Female,Grade 12,Private,English,0.7,7.8,5.5,87.0,73.0,Online Videos,Yes,Yes,High,Medium,80.0,76.0,Good,Needs better time management
R3266,S0039,2026-03-11,13.0,Female,Grade 8,Private,English,1.8,7.4,3.8,81.0,84.0,Group Study,Yes,Yes,Medium,Low,90.0,86.0,Good,Strong participation
R2556,S0436,2026-04-04,14.0,Male,Grade 9,Private,Science,4.5,8.6,4.0,90.0,59.0,Self Study,Yes,Yes,Medium,Medium,100.0,100.0,Excellent,No Comment
R1383,S0344,2026-04-12,13.0,Male,Grade 8,Private,Science,3.3,7.6,3.7,84.0,100.0,Notebook / Notes,No,Yes,Medium,Medium,95.0,90.0,Excellent,No Comment
R0699,S0098,2026-03-17,13.0,Male,Grade 8,Public,Science,2.0,6.0,0.5,81.0,86.0,Self Study,Yes,Yes,Medium,Low,79.0,90.0,Excellent,Homework quality varies
R2427,S0680,2026-04-27,15.0,Female,Grade 10,Public,History,3.8,6.9,8.2,94.0,91.0,Private Tutor,No,Yes,Low,High,90.0,94.0,Excellent,Strong participation
R1967,S0241,2026-03-17,16.0,Female,Grade 8,Private,Computer Science,3.2,8.1,2.8,96.0,74.0,Self Study,No,Yes,Medium,High,90.0,100.0,Excellent,Absent during some activities
R0108,S0271,2026-04-20,16.0,Male,Grade 11,Private,Science,1.9,6.6,6.1,90.0,83.0,Self Study,Yes,Yes,High,High,66.0,86.0,Good,Needs better time management
R0547,S0736,2026-03-11,15.0,Male,Grade 10,Public,English,2.2,8.4,5.2,95.0,83.0,Notebook / Notes,No,Yes,High,High,95.0,97.0,Excellent,No Comment
R2336,S0511,2026-02-20,14.0,Female,Grade 11,International,English,0.2,7.2,3.5,90.0,78.0,Notebook / Notes,Yes,No,Medium,Medium,77.0,79.0,Good,Homework quality varies
R3862,S0124,2026-03-05,14.0,Female,Grade 9,Public,Computer Science,2.8,7.2,6.2,82.0,64.0,Online Videos,No,Yes,Medium,High,89.0,91.0,Excellent,No Comment
R0839,S0572,2026-04-16,17.0,Male,Grade 12,Public,English,2.4,8.5,2.3,79.0,92.0,Self Study,No,Yes,High,Medium,98.0,92.0,Excellent,No Comment
R2901,S0493,2026-02-25,14.0,Male,Grade 9,Public,Science,4.8,7.7,4.2,92.0,88.0,Private Tutor,Yes,Yes,Medium,High,100.0,100.0,Excellent,Good analytical thinking
R1622,S0721,2026-03-17,15.0,Female,Grade 10,Private,Computer Science,3.4,6.6,1.3,69.0,77.0,Private Tutor,No,Yes,High,Medium,90.0,88.0,Good,Absent during some activities
R0464,S0255,2026-03-03,13.0,Female,Grade 11,Public,Computer Science,3.0,7.2,4.5,79.0,63.0,Self Study,No,No,Low,Low,75.0,85.0,Good,Strong participation
R1440,S0313,2026-04-25,13.0,Female,Grade 8,Public,Math,3.1,5.6,4.2,93.0,91.0,Notebook / Notes,Yes,Yes,Medium,Medium,100.0,100.0,Excellent,Good analytical thinking
R1144,S0493,2026-02-11,17.0,Male,Grade 11,Private,History,3.9,7.1,4.5,85.0,69.0,Private Tutor,No,Yes,Low,Medium,100.0,100.0,Excellent,Absent during some activities
R0011,S0310,2026-02-23,14.0,Male,Grade 9,Public,English,3.4,7.6,1.4,84.0,81.0,Online Videos,No,Yes,High,Medium,100.0,99.0,Excellent,Often distracted
R0994,S0724,2026-04-06,13.0,Female,Grade 8,Public,Science,3.8,7.6,0.5,85.0,56.0,Group Study,Yes,Yes,High,Low,88.0,90.0,Excellent,Strong participation
R3730,S0336,2026-02-22,15.0,Male,Grade 12,International,History,0.4,5.6,4.5,83.0,58.0,Online Videos,Yes,Yes,Low,Low,67.0,64.0,Pass,Good analytical thinking
R3373,S0203,2026-04-09,16.0,Male,Grade 11,Public,History,2.7,8.1,3.4,96.0,77.0,Group Study,No,Yes,Medium,High,99.0,98.0,Excellent,No Comment
R2148,S0337,2026-02-26,16.0,Male,Grade 9,International,History,0.9,6.9,3.2,86.0,54.0,Online Videos,No,Yes,High,Medium,70.0,79.0,Good,Strong participation
R0190,S0545,2026-02-15,13.0,Male,Grade 8,International,History,4.3,7.2,4.1,92.0,65.0,Self Study,No,Yes,Medium,Low,100.0,100.0,Excellent,Strong participation
R3033,S0026,2026-02-24,17.0,Male,Grade 12,Public,History,0.8,6.3,4.0,100.0,77.0,Online Videos,Yes,Yes,Low,Medium,77.0,83.0,Good,Excellent focus
R1472,S0369,2026-03-28,13.0,Male,Grade 8,Private,Computer Science,4.1,6.7,2.8,84.0,66.0,Group Study,No,Yes,Low,Medium,96.0,96.0,Excellent,No Comment
R0811,S0613,2026-04-28,15.0,Male,Grade 10,Public,English,4.7,5.1,2.8,77.0,100.0,Self Study,Yes,Yes,Medium,Low,100.0,100.0,Excellent,Absent during some activities
R3659,S0167,2026-03-02,17.0,Female,Grade 12,Public,Science,3.2,8.6,3.9,71.0,100.0,Self Study,No,Yes,Low,Low,93.0,90.0,Excellent,No Comment
R0603,S0542,2026-02-05,14.0,Male,Grade 9,International,Science,4.4,6.2,5.0,93.0,98.0,Online Videos,No,Yes,Low,Medium,100.0,92.0,Excellent,No Comment
R2930,S0330,2026-04-05,17.0,Male,Grade 8,International,History,5.8,6.6,1.8,74.0,52.0,Group Study,No,Yes,Medium,Medium,98.0,100.0,Excellent,Consistent effort
R2415,S0146,2026-04-28,16.0,Male,Grade 11,Public,History,1.6,8.5,2.7,84.0,83.0,Online Videos,No,Yes,Medium,High,86.0,100.0,Excellent,Consistent effort
R0756,S0502,2026-04-13,13.0,Female,Grade 8,International,Science,2.4,8.3,3.0,78.0,100.0,Notebook / Notes,Yes,Yes,High,Medium,100.0,96.0,Excellent,Improved this term
R2306,S0658,2026-02-22,17.0,Female,Grade 12,Private,English,2.0,7.3,3.4,94.0,76.0,Group Study,Yes,Yes,Low,High,93.0,91.0,Excellent,Consistent effort
R2904,S0130,2026-03-25,13.0,Female,Grade 8,International,English,3.7,7.6,5.9,92.0,68.0,Group Study,Yes,No,Medium,Medium,93.0,91.0,Excellent,Excellent focus
R0514,S0679,2026-04-14,17.0,Male,Grade 12,Public,Math,2.9,6.6,2.1,96.0,91.0,Notebook / Notes,Yes,Yes,High,High,100.0,100.0,Excellent,Consistent effort
R1785,S0595,2026-03-31,13.0,Female,Grade 8,Private,Computer Science,0.0,6.1,4.2,88.0,54.0,Group Study,No,Yes,Medium,Medium,90.0,92.0,Needs Improvement,Needs better time management
R1671,S0454,2026-04-29,17.0,Male,Grade 9,International,Computer Science,1.0,7.4,3.9,88.0,73.0,Online Videos,Yes,Yes,Low,High,87.0,84.0,Good,Excellent focus
R0249,S0016,2026-03-19,16.0,Female,Grade 11,International,Math,4.1,5.2,7.1,88.0,69.0,Group Study,No,Yes,Low,Medium,93.0,88.0,Good,Improved this term
R2947,S0404,2026-02-28,13.0,Female,Grade 8,Private,Computer Science,4.9,7.2,3.6,85.0,68.0,Private Tutor,No,Yes,Low,Medium,100.0,100.0,Excellent,Needs revision plan
R2693,S0465,2026-03-27,17.0,Female,Grade 12,International,History,5.1,9.0,7.0,87.0,72.0,Group Study,No,Yes,Medium,Low,100.0,91.0,Excellent,Needs better time management
R2218,S0375,2026-04-23,14.0,Female,Grade 9,Private,English,2.7,7.0,7.2,85.0,49.0,Self Study,No,Yes,Medium,High,94.0,82.0,Good,Good analytical thinking
R1679,S0684,2026-03-25,14.0,Male,Grade 9,Public,Science,3.2,6.7,0.7,92.0,79.0,Private Tutor,No,Yes,High,Low,79.0,86.0,Good,Needs better time management
R3159,S0341,2026-02-28,13.0,Female,Grade 9,Private,Math,3.5,8.2,0.5,97.0,89.0,Private Tutor,No,Yes,Low,High,100.0,100.0,Excellent,Improved this term
R1401,S0517,2026-03-24,15.0,Male,Grade 10,Private,Math,4.8,7.1,2.2,86.0,76.0,Online Videos,Yes,Yes,Medium,Medium,77.0,93.0,Excellent,Strong participation
R0143,S0664,2026-02-24,15.0,Male,Grade 10,Public,History,1.4,7.2,2.7,93.0,74.0,Self Study,Yes,Yes,Medium,Medium,79.0,79.0,Good,No Comment
R0509,S0286,2026-03-18,13.0,Male,Grade 8,International,Science,0.4,4.9,6.9,79.0,76.0,Group Study,No,No,Medium,High,62.0,92.0,Pass,Needs better time management
R0276,S0735,2026-03-01,16.0,Male,Grade 11,Public,Computer Science,3.8,7.3,1.0,77.0,100.0,Notebook / Notes,No,Yes,High,High,90.0,92.0,Good,Needs better time management
R3780,S0184,2026-03-15,13.0,Female,Grade 8,International,Math,2.3,8.0,4.5,79.0,88.0,Group Study,No,Yes,Medium,High,76.0,77.0,Good,Often distracted
R1898,S0248,2026-02-13,13.0,Male,Grade 8,Public,English,0.1,7.5,7.0,85.0,86.0,Private Tutor,No,Yes,Medium,Medium,90.0,67.0,Pass,Excellent focus
R3299,S0161,2026-02-24,14.0,Male,Grade 12,International,History,3.2,7.2,1.3,71.0,75.0,Self Study,No,Yes,Medium,Medium,96.0,83.0,Good,-
R1271,S0212,2026-02-08,17.0,Male,Grade 12,Public,History,1.1,7.6,4.2,94.0,57.0,Self Study,No,Yes,Low,Medium,100.0,92.0,Good,No Comment
R0969,S0676,2026-03-26,13.0,Male,Grade 8,International,English,3.1,7.5,8.4,87.0,67.0,Private Tutor,No,Yes,Medium,Medium,83.0,73.0,Pass,Good analytical thinking
